id,num_orders
1028232,145.51014136129822
1127204,133.75783432414758
1212707,311.0
1082698,311.0
1400926,311.0
1284113,212.82813720478862
1197966,270.8631236412605
1132739,218.81384091169767
1057981,311.0
1095932,311.0
1454421,311.0
1149765,218.3571859460479
1166964,457.40301923900006
1010949,311.0
1409575,311.0
1181616,311.0
1456020,311.0
1264395,274.380111662408
1472931,78.48729307484055
1412015,311.0
1461229,311.0
1014564,311.0
1485914,311.0
1345389,311.0
1006833,311.0
1174921,311.0
1175393,311.0
1152412,311.0
1497398,311.0
1363486,311.0
1366766,311.0
1192413,311.0
1319547,311.0
1337684,311.0
1479766,311.0
1460444,311.0
1139730,311.0
1115056,311.0
1335827,311.0
1385333,311.0
1096323,311.0
1230693,311.0
1027016,311.0
1181520,311.0
1306234,311.0
1271440,311.0
1269834,311.0
1176823,311.0
1193098,311.0
1034878,311.0
1010243,311.0
1451807,311.0
1016845,311.0
1198021,311.0
1413802,311.0
1231223,311.0
1274226,311.0
1425142,311.0
1211593,311.0
1419190,311.0
1180223,311.0
1194932,311.0
1323477,311.0
1371595,311.0
1171521,311.0
1052384,311.0
1060921,311.0
1261811,311.0
1246502,311.0
1497466,311.0
1232717,311.0
1136112,311.0
1196334,311.0
1349533,311.0
1463406,311.0
1447686,311.0
1336105,311.0
1012855,311.0
1180646,311.0
1062490,311.0
1098228,1347.3361037489274
1101375,577.4291013412412
1400016,427.8996773349818
1439889,311.0
1408468,311.0
1044490,311.0
1290002,806.0404645605272
1190633,661.1542966909174
1040430,970.2298935658953
1049366,311.0
1224120,311.0
1293810,205.13690783974815
1197335,766.3412005445425
1323989,636.4035244856356
1129467,915.2211110434332
1229328,311.0
1164395,311.0
1217722,311.0
1171266,115.51833731694519
1024905,100.65287292936584
1343027,311.0
1141892,311.0
1302404,311.0
1170447,573.797473745615
1140772,732.3800209440362
1103484,266.83800521633077
1387134,311.0
1117711,311.0
1472121,311.0
1289523,311.0
1091114,393.10036288962283
1043572,476.7447901983225
1103283,311.0
1265051,311.0
1168741,311.0
1052776,311.0
1206564,193.9495576091097
1302153,334.79529678707496
1083754,311.0
1097952,311.0
1251605,311.0
1333032,289.8496755800521
1086936,311.0
1088412,311.0
1236400,311.0
1244516,311.0
1380381,311.0
1495062,311.0
1439647,311.0
1019214,311.0
1316160,641.8087502526103
1022008,401.2284242502827
1138248,304.6234620270744
1052922,311.0
1181474,96.94346793271171
1046475,311.0
1216688,389.6788470245451
1067565,583.7341893428041
1008328,414.03376550571676
1430287,170.03720119159038
1406716,210.0692401242994
1105380,148.59076484376678
1248694,455.94090337024926
1252163,302.0669538170515
1443474,506.1080941591272
1033716,311.0
1300295,311.0
1311882,311.0
1257968,311.0
1226362,156.90850324384894
1030655,140.05955149626226
1210527,311.0
1278927,311.0
1232239,311.0
1133067,372.73919222219564
1382522,517.785008838791
1219136,260.1396115047833
1498130,311.0
1251629,311.0
1032092,311.0
1249865,179.93025137704674
1207630,217.58861243705368
1144733,205.5947887825623
1436768,311.0
1148964,311.0
1237346,168.51346586530056
1206015,66.80230156463611
1105113,267.68242816929165
1430481,311.0
1001589,311.0
1224132,311.0
1074380,311.0
1097109,311.0
1211246,311.0
1390579,287.97374194390954
1473058,356.2225274651864
1186964,311.0
1222837,311.0
1342393,311.0
1170472,311.0
1170791,341.6022516462782
1046653,326.9060457429521
1195179,151.49006445968385
1332509,151.7039113594765
1438300,311.0
1435748,540.1409532740737
1052668,314.2353967466208
1227060,403.1272524862987
1342252,311.0
1143109,311.0
1394807,311.0
1448374,311.0
1028680,155.57431849423222
1079691,100.88747938275338
1402079,311.0
1424446,311.0
1133297,369.9048345641241
1076214,657.239279197284
1173823,345.4634912629274
1488584,311.0
1072892,311.0
1277491,311.0
1290868,311.0
1048888,265.7752360357266
1138141,264.1886597122638
1473125,311.0
1196726,311.0
1179278,311.0
1282305,311.0
1359903,76.82258617311905
1355143,163.51621481544333
1095889,311.0
1250665,311.0
1426610,311.0
1390104,311.0
1051519,311.0
1337584,311.0
1332667,2359.447616929883
1075942,1279.455902157904
1109804,655.2852072609833
1316684,311.0
1248315,237.00173652182824
1113611,311.0
1110867,843.3372361884944
1247289,920.2751810470485
1022953,1755.3698846967238
1160081,311.0
1120430,311.0
1487280,311.0
1020081,1850.6285347645323
1329551,969.6695656174059
1137610,1758.5900775322489
1072530,311.0
1115708,311.0
1203532,311.0
1494216,329.59145389322373
1116374,408.60889481054613
1032497,193.90414527624642
1413930,311.0
1136118,311.0
1254872,311.0
1398257,1075.032374051659
1364001,1119.8017481961745
1369843,411.64113079965415
1379360,311.0
1442044,311.0
1285290,311.0
1129707,431.03841276961975
1086750,493.48995758696043
1147262,509.78850841097216
1025605,311.0
1414158,311.0
1082079,311.0
1467510,215.37591061859996
1374892,242.45739856984557
1171352,566.8576683278764
1213246,106.54938713235218
1279131,189.55384266473487
1256386,112.64778684717793
1234220,862.8154514394586
1008206,311.0
1267686,311.0
1470186,311.0
1233312,311.0
1279379,174.74959675427775
1431703,311.0
1339938,311.0
1010552,311.0
1237947,806.4776151358408
1175098,411.28674499350336
1066074,311.0
1045918,311.0
1226081,311.0
1148633,438.63286859575976
1441429,473.14707795178776
1291804,498.2209940511065
1305194,311.0
1327840,311.0
1320801,160.50982175754226
1467101,252.33313116254254
1473989,260.6021107059929
1466330,448.2650274491161
1390856,311.0
1120639,55.85122207785241
1279275,77.96114842598531
1166120,311.0
1128404,311.0
1252491,311.0
1328056,452.3385845259294
1452353,429.91857100256755
1353276,311.0
1297182,311.0
1469299,311.0
1129687,311.0
1362599,381.9009402921495
1245170,525.7797406401783
1098570,311.0
1452600,311.0
1194207,311.0
1023619,311.0
1254600,127.95240130240916
1157094,194.76487462245174
1165391,311.0
1131248,311.0
1383646,311.0
1288250,311.0
1476141,311.0
1401237,311.0
1383510,311.0
1433607,311.0
1098207,311.0
1453624,311.0
1089046,311.0
1306954,1828.6812567699676
1413179,838.5809328674551
1379869,498.5038440172594
1037218,311.0
1247919,244.37990420176868
1097438,311.0
1441938,849.834643868988
1060769,833.9624117003323
1409283,1167.713417818241
1397517,311.0
1220386,311.0
1297481,311.0
1309280,949.6173591330938
1013813,809.0129362620875
1087803,1172.153077373391
1256077,311.0
1328392,311.0
1197947,145.42555072467653
1134877,200.78213289327894
1149222,130.69686314296231
1321757,311.0
1364052,311.0
1346914,311.0
1343936,758.555417789593
1284997,913.6366565659279
1443980,311.0
1272226,311.0
1267791,311.0
1049345,311.0
1300007,471.5707635551957
1220471,644.0289055571857
1486124,555.6878542216182
1183373,311.0
1076787,311.0
1218918,311.0
1351627,204.58180683393428
1333350,333.7397263191565
1312936,433.77812606106534
1477543,311.0
1408514,311.0
1256773,311.0
1174904,365.1606995548043
1392815,311.0
1389126,311.0
1074816,311.0
1124612,311.0
1318251,311.0
1089252,311.0
1396463,311.0
1289632,311.0
1083889,327.8733848621886
1121896,311.0
1004866,311.0
1234436,311.0
1311318,311.0
1476647,311.0
1419834,357.5890153440172
1188670,336.9441542203137
1260238,216.5204002380788
1263791,93.22488726559084
1070835,102.28278923937387
1433069,99.65476977646668
1349084,453.0895951190815
1360259,254.50458643550292
1022475,414.7265871964657
1037167,311.0
1492031,311.0
1057541,311.0
1483675,112.29778910978146
1463966,96.29100498583217
1474096,311.0
1440771,311.0
1452763,311.0
1382621,314.780716974363
1035365,538.3202152252891
1355984,283.2881958700732
1140520,311.0
1168148,140.37520520961158
1052343,201.8199868334502
1370827,264.9527102638404
1055728,311.0
1053449,311.0
1368579,311.0
1208370,311.0
1027455,311.0
1147326,311.0
1203029,311.0
1389643,311.0
1482071,311.0
1411487,311.0
1043533,311.0
1294351,311.0
1409427,347.21562384056296
1000264,233.26700133565288
1016463,311.0
1224218,311.0
1485114,311.0
1006410,311.0
1221242,210.75949275256949
1031339,415.91574198075193
1153545,233.05675381666896
1182144,124.76316702133185
1194788,311.0
1082828,311.0
1265773,315.53878408006926
1154515,154.98694807950707
1105986,269.84458522524886
1293017,311.0
1272587,311.0
1027143,311.0
1179146,105.45158834292369
1342337,311.0
1269746,311.0
1369030,311.0
1109605,402.85594367041494
1099603,190.6628719698713
1319113,311.0
1155697,311.0
1218892,311.0
1493357,311.0
1202597,166.94449355361215
1116108,311.0
1229780,311.0
1391127,311.0
1085957,311.0
1267409,311.0
1245159,311.0
1378973,311.0
1079844,311.0
1024089,311.0
1463712,311.0
1268331,311.0
1058344,313.8721165481096
1417277,193.1659492234193
1056035,311.0
1343254,311.0
1262833,311.0
1272751,253.46920212476957
1013213,590.3557530431134
1263405,395.95451748232546
1204818,123.36295366066504
1333742,311.0
1043262,311.0
1449237,719.5044106181895
1080908,341.7027985563144
1073524,876.841991649169
1196482,311.0
1068138,311.0
1320427,311.0
1184166,158.05511399172678
1228572,355.94636401225483
1075131,319.1526794668972
1128915,311.0
1182843,311.0
1094044,603.7337950915556
1209858,609.4343647700915
1222963,251.24810941539016
1037477,311.0
1001694,311.0
1054299,311.0
1371044,154.82329386749495
1254718,229.2445597657711
1086268,222.57118937972243
1003757,311.0
1448276,311.0
1489645,286.598966029864
1491279,183.3762878397474
1408337,278.91529070564604
1360068,104.6917793292714
1316400,311.0
1110618,311.0
1146271,311.0
1474849,311.0
1352055,311.0
1245977,311.0
1165288,311.0
1081099,311.0
1441467,311.0
1336838,244.4210369379363
1106150,416.99473394240493
1190084,311.0
1232610,311.0
1321845,153.80504341933266
1159511,310.7365302066772
1441739,246.07184787758712
1096623,130.55290245252743
1474925,311.0
1118719,311.0
1297074,311.0
1054861,205.08206335116134
1208736,372.19564679169474
1161439,311.0
1282737,311.0
1194305,137.77003683941984
1353044,311.0
1063225,311.0
1116078,311.0
1075416,311.0
1088172,311.0
1320248,311.0
1271591,311.0
1127237,311.0
1243020,311.0
1416839,311.0
1172788,311.0
1473056,98.71437936622864
1060753,311.0
1053540,237.8815248878695
1261815,422.24313272578473
1489999,229.72767542350599
1133739,117.00045247147392
1384693,311.0
1072117,145.40810469342105
1023989,179.02725988840376
1183974,178.96944000238847
1171351,311.0
1004475,311.0
1080300,311.0
1164653,311.0
1444590,311.0
1169717,126.06898892485314
1399692,180.6697319642496
1393811,311.0
1177147,311.0
1455218,311.0
1478944,311.0
1415824,311.0
1041241,108.62467230118595
1045506,311.0
1210059,311.0
1139397,311.0
1008295,311.0
1406978,311.0
1470180,311.0
1326956,311.0
1268964,311.0
1267165,1067.1718399663089
1414458,428.12408211292933
1105486,298.64032742456425
1246396,311.0
1223814,311.0
1208097,311.0
1426257,408.4331027297643
1402266,547.4600987004941
1273610,862.8646116976435
1082679,311.0
1061395,311.0
1448891,311.0
1121802,390.1401962414551
1017920,437.636754710334
1220913,602.5954158642331
1201769,311.0
1214790,311.0
1055980,311.0
1143296,311.0
1161381,59.897803499968006
1049400,311.0
1388858,311.0
1367157,311.0
1056911,311.0
1363870,488.7275437102006
1206999,384.57386021375135
1220962,145.9174972945228
1244866,311.0
1161719,311.0
1492231,198.7852083567828
1492759,202.73079999407673
1408726,232.56640786410048
1337818,311.0
1136894,103.27317337443247
1050836,311.0
1157808,162.23038164401498
1438743,260.59292248213484
1092027,367.84743768813416
1286976,311.0
1244383,311.0
1220086,311.0
1014137,194.9341483608764
1460613,311.0
1269949,311.0
1022949,311.0
1118546,311.0
1006832,311.0
1461216,311.0
1333438,311.0
1014151,677.7706924626269
1196661,440.45363784885865
1072688,112.0249739805653
1161832,311.0
1146287,311.0
1329636,311.0
1113345,457.4938240896391
1079296,387.254563890604
1245711,305.9035491513985
1312378,311.0
1280461,311.0
1132214,311.0
1013410,437.13262919963677
1315890,411.6874572617165
1453825,448.371903132906
1137590,311.0
1046820,311.0
1100813,311.0
1213133,311.0
1119887,311.0
1339495,311.0
1172173,311.0
1250692,311.0
1000962,453.4004084372261
1122867,639.303803497454
1367068,243.7368077377242
1181254,311.0
1411654,311.0
1154407,311.0
1477833,311.0
1422724,311.0
1112704,136.38519328321834
1346146,311.0
1108405,279.25175866572766
1194904,311.0
1448084,311.0
1266676,311.0
1099057,311.0
1188584,311.0
1230753,311.0
1237054,311.0
1161084,304.67510102837406
1401228,250.1895671419622
1493372,311.0
1395665,311.0
1002279,311.0
1424621,311.0
1256602,311.0
1390004,367.71815415704447
1146927,226.17727164649787
1057232,311.0
1319822,311.0
1353668,311.0
1157084,424.9394757064112
1115935,253.10250552142182
1033089,554.419480975638
1090029,311.0
1464617,311.0
1209279,311.0
1039223,86.2007548454707
1152313,151.80670105356884
1198253,211.35492363128824
1356983,311.0
1375236,311.0
1276289,311.0
1188533,320.7479345649695
1163547,408.9132270803844
1089771,204.871343455069
1449997,311.0
1261700,311.0
1098789,311.0
1119881,311.0
1174890,140.05089705326816
1194658,186.25287127873156
1354710,311.0
1276097,311.0
1451749,311.0
1260659,311.0
1342195,311.0
1177959,311.0
1346194,311.0
1081095,311.0
1228200,311.0
1400215,311.0
1101987,311.0
1280892,311.0
1207745,542.8175210984435
1158313,512.6899374703322
1326014,225.4392296543768
1040372,311.0
1405754,311.0
1251759,311.0
1094372,324.03905811094364
1113898,489.18576050453663
1351735,496.06228559849666
1305756,156.4853408454088
1144073,132.8082115158682
1219445,153.8582210563839
1399854,568.8744396391526
1077708,269.8246567974622
1136982,575.7722154490983
1168044,311.0
1301176,311.0
1045879,74.38325147129815
1375132,174.70400883978812
1224442,210.78910454938523
1195553,311.0
1486052,311.0
1406304,311.0
1003371,453.9000939032305
1447908,502.2324255403432
1022766,323.3457035466182
1359162,311.0
1149541,311.0
1389512,311.0
1294598,223.16634286279853
1187407,250.26848091953443
1151085,347.3055842324152
1262007,109.28813715881091
1273205,311.0
1098767,66.86384034828286
1328665,311.0
1207902,311.0
1110134,311.0
1135750,311.0
1404904,311.0
1252213,311.0
1471895,311.0
1370308,311.0
1488744,311.0
1312130,233.0932824177722
1432207,159.96174955959282
1067574,311.0
1497576,311.0
1173597,311.0
1463356,311.0
1476005,311.0
1226297,343.30485251194244
1312818,239.2621019139536
1170077,311.0
1132041,311.0
1144962,311.0
1180712,258.0591909777995
1420842,105.23764203280862
1048319,216.09828486836906
1062167,311.0
1281864,311.0
1310639,311.0
1316568,311.0
1470598,311.0
1126729,311.0
1187117,311.0
1231315,311.0
1193778,311.0
1497770,349.29083707780455
1296043,133.13417416580668
1109033,311.0
1253619,311.0
1015055,201.93724699151443
1323954,311.0
1236535,311.0
1291602,311.0
1034239,311.0
1487244,311.0
1432981,311.0
1413500,311.0
1240615,1276.2087966520535
1125250,770.0051190183161
1049986,686.6074762742279
1432590,311.0
1064865,311.0
1462054,311.0
1175329,482.3910425499994
1231504,508.77631800813197
1310137,815.0466360693509
1176123,311.0
1267634,311.0
1397808,311.0
1489068,908.6040418389854
1399261,453.85509567433786
1057026,776.4050290534072
1157087,311.0
1221970,311.0
1055041,228.69841486618526
1378097,200.93883195064683
1154169,147.0992865897504
1062376,311.0
1181839,311.0
1276632,311.0
1388270,641.4841705921722
1171130,624.191978161115
1242759,251.0083348718764
1035528,311.0
1232845,311.0
1133643,311.0
1020633,311.0
1137724,193.2799335939748
1418017,311.0
1129706,311.0
1414426,311.0
1443244,311.0
1336913,91.12062063223036
1216868,184.51710949430958
1074099,324.9043946758448
1005733,311.0
1187232,311.0
1315006,350.7896036811473
1429640,311.0
1193124,311.0
1321067,311.0
1020914,311.0
1464172,311.0
1012356,311.0
1048213,311.0
1414658,311.0
1067356,934.2974013583724
1402145,483.9283068788445
1205618,328.35149800227447
1102348,311.0
1439251,311.0
1141169,311.0
1429174,639.0140648415437
1360530,666.1637305417331
1078717,800.5411271914172
1034750,254.2698878374353
1292295,311.0
1464006,311.0
1207416,549.6420956700958
1081039,492.32041670877004
1038600,675.1412381494829
1434474,311.0
1420970,311.0
1493390,88.54394062584825
1062042,311.0
1407930,311.0
1309366,311.0
1494106,311.0
1253128,311.0
1230871,602.6686824233996
1103899,392.2417696512456
1178356,181.94576438475028
1270686,311.0
1461376,311.0
1055872,311.0
1027667,311.0
1150000,311.0
1035466,311.0
1015226,311.0
1004410,311.0
1225216,311.0
1261758,186.69354706058
1009224,222.37083895992353
1164468,311.0
1234697,311.0
1072809,247.081931731197
1405077,311.0
1133718,311.0
1090779,311.0
1220305,311.0
1455516,311.0
1077080,311.0
1381871,311.0
1497941,670.3649081652443
1405281,624.5812450469957
1184133,367.06292458732526
1297493,311.0
1351826,311.0
1351915,311.0
1303502,281.7755583358822
1103552,492.6876036625955
1074755,480.8617578991434
1054413,182.79032834404907
1100592,174.12719511049622
1265971,199.8802995148859
1062386,526.7103636073016
1005415,296.91862168373694
1454684,574.9912627675433
1098324,311.0
1463531,311.0
1128843,311.0
1200592,311.0
1337305,268.28803785379324
1130901,202.7185721952447
1101312,311.0
1423243,311.0
1358603,311.0
1040493,450.4470179858504
1023439,712.4897581707999
1402530,344.4054046809442
1148734,311.0
1115378,311.0
1138163,163.7094287285201
1089398,214.20600929180935
1111393,328.62089316197756
1441237,93.69681139492309
1073593,311.0
1353069,311.0
1237302,138.06099769522015
1068099,311.0
1296768,168.1215645546732
1407946,311.0
1341469,311.0
1099372,311.0
1310892,311.0
1190768,311.0
1070732,311.0
1249505,216.64959463722207
1235991,252.13373791649784
1260972,311.0
1207552,311.0
1043700,311.0
1311764,311.0
1387118,265.37055404125016
1193391,372.5927464905673
1091807,317.444683956209
1240478,133.862034254809
1494088,311.0
1347537,166.553910227144
1102292,407.3797518865621
1088345,238.33003302874098
1446214,265.8324708494068
1033631,311.0
1291932,311.0
1048558,311.0
1374367,311.0
1379701,297.0430229382054
1324376,494.5252186275097
1000116,196.30993418149015
1213448,311.0
1246867,311.0
1414636,218.98195112245386
1390449,211.32159835027142
1440242,311.0
1382211,311.0
1248175,311.0
1395486,311.0
1222155,311.0
1031664,311.0
1022670,311.0
1280365,311.0
1034558,311.0
1147078,82.06444204877486
1459822,311.0
1099677,311.0
1348084,311.0
1220274,311.0
1209309,311.0
1184750,311.0
1190011,311.0
1319480,311.0
1305176,311.0
1251039,311.0
1312629,311.0
1031682,242.02476327724773
1034125,311.0
1046291,311.0
1444323,311.0
1317716,311.0
1057421,311.0
1428458,311.0
1348068,311.0
1380958,311.0
1001797,761.1283074807856
1207458,346.4220851164605
1252167,230.6474061325509
1402459,311.0
1336623,311.0
1092234,311.0
1276698,318.90908552236033
1014174,308.6650891156941
1389987,532.8790091257556
1176492,311.0
1248265,311.0
1045510,311.0
1045443,427.80386660860484
1099568,231.5746289683263
1295338,484.655422860487
1207102,311.0
1391315,311.0
1251276,311.0
1003702,85.91873670717067
1371347,148.97727731170252
1495432,311.0
1427121,311.0
1314783,311.0
1358927,311.0
1465453,290.56072583952556
1183611,373.24916783930854
1272052,142.49720181021314
1363954,311.0
1409502,311.0
1030133,311.0
1363671,194.04951933384453
1035001,214.4508044750501
1410185,311.0
1432211,311.0
1065392,311.0
1373418,311.0
1365940,311.0
1242870,209.83992186260846
1231479,311.0
1404091,311.0
1181234,149.72599057153747
1085163,311.0
1436870,311.0
1254416,311.0
1471032,311.0
1334116,311.0
1347256,311.0
1311604,311.0
1063501,311.0
1025721,430.03143053091577
1276142,279.88906530871265
1060806,311.0
1071661,311.0
1498066,311.0
1407735,311.0
1051651,211.02053922215615
1363995,332.65735872989086
1454364,281.75670060187264
1467138,311.0
1074197,311.0
1230896,104.1193668938763
1115906,311.1325495795683
1186445,222.6578333269228
1478644,361.79322521222787
1096482,311.0
1429191,311.0
1257617,311.0
1440883,311.0
1021872,157.36085756694976
1154559,190.23740479273644
1095162,311.0
1300311,311.0
1389878,311.0
1412672,353.8934896210537
1155036,400.75980169175165
1112459,226.01466398903813
1133681,311.0
1218617,311.0
1190145,311.0
1262383,76.87249541842732
1331957,143.21237920993855
1481626,162.82302934549313
1134995,311.0
1285263,311.0
1106138,311.0
1175167,311.0
1205164,107.49852659317519
1483833,159.44756352165902
1496897,311.0
1074105,311.0
1465377,311.0
1106879,311.0
1150467,311.0
1116996,311.0
1185434,1720.144566844193
1266519,903.8798875573826
1353114,670.6873545588264
1129265,311.0
1252749,311.0
1162104,311.0
1193418,789.1492848136173
1284837,717.3693289010649
1363184,850.4094487627409
1191468,311.0
1078789,311.0
1136805,230.63262742863967
1405386,1506.2732423772284
1114322,590.7481562613309
1350211,1273.6163619310641
1278837,311.0
1172455,311.0
1478221,311.0
1098408,104.6102583954961
1091951,206.2949228366236
1099622,311.0
1139472,311.0
1061430,311.0
1258982,311.0
1405793,750.0668409965036
1494572,940.7182026620959
1023532,216.9563210564934
1088540,311.0
1350522,311.0
1062543,311.0
1123146,523.1249242821452
1335657,438.3464155406252
1336480,311.0
1334472,311.0
1223905,311.0
1106947,311.0
1268382,185.7810066328811
1410375,415.8448472977236
1480252,311.0
1270897,311.0
1171323,519.7565579412703
1347721,311.0
1195122,311.0
1160060,311.0
1103877,173.96103903503789
1227192,311.0
1225674,311.0
1435797,311.0
1364079,311.0
1306281,311.0
1299709,135.16734094322112
1299648,311.0
1191925,311.0
1303294,311.0
1276615,311.0
1347235,290.50706465503737
1433729,316.5428890819427
1442624,311.0
1136999,84.71783648174821
1419217,311.0
1314342,344.8893281686032
1429773,181.20842101897335
1267876,182.36199609329273
1387167,311.0
1173342,311.0
1186948,311.0
1233252,164.4492809283428
1066977,682.8243505812605
1152418,297.5764563853609
1124445,311.0
1026138,311.0
1332514,311.0
1468716,311.0
1287492,311.0
1206863,311.0
1398867,311.0
1055136,311.0
1118702,311.0
1359875,311.0
1107202,311.0
1296158,311.0
1470774,737.209503615772
1117544,560.0233506531325
1151189,298.1593880686748
1186842,311.0
1398197,311.0
1083741,311.0
1037042,505.6803497097499
1088465,465.64293680150246
1451012,606.3042194542135
1227620,311.0
1102512,311.0
1234887,311.0
1128433,841.4301416262839
1444037,309.2709114312189
1015740,489.3744215272873
1346922,311.0
1102942,311.0
1174075,311.0
1108936,311.0
1412117,311.0
1014965,311.0
1418316,311.0
1472488,311.0
1019856,503.56408218659834
1175542,628.3126540231763
1013232,311.0
1321001,314.53680200433075
1100828,368.6566312163758
1068732,239.0268373762596
1386147,311.0
1410568,311.0
1471314,152.4147986770618
1143781,311.0
1010375,318.2013406630911
1144387,311.0
1229377,311.0
1095558,311.0
1478260,164.87816985206194
1438799,311.0
1359239,311.0
1097687,311.0
1065465,311.0
1028748,311.0
1487448,311.0
1331356,311.0
1480686,311.0
1236999,1015.9755356557397
1199822,446.1467595806695
1254681,242.85030723275554
1047669,311.0
1084506,311.0
1407062,311.0
1004423,459.61843469553475
1207875,482.16887011538273
1328513,757.4981420105975
1170969,311.0
1281563,311.0
1432075,311.0
1253965,635.1490571599011
1444649,274.3291836648781
1152272,708.617548561219
1393567,311.0
1154663,311.0
1144903,78.36535710927656
1329590,140.77165616220046
1441678,177.53964665644568
1001524,311.0
1440235,311.0
1437743,311.0
1468736,537.6990568605341
1325002,587.1516117534031
1255670,209.91516141895994
1054864,311.0
1057573,311.0
1006532,182.7897563508339
1276400,277.2232904744475
1086209,261.0514476434828
1325888,311.0
1269656,311.0
1219510,311.0
1402597,311.0
1254290,165.25383292407372
1207536,274.4916719853457
1358623,105.0981117869676
1106454,311.0
1096522,311.0
1497989,335.0118444331049
1034611,311.0
1145961,311.0
1241244,311.0
1335255,311.0
1167949,311.0
1215373,311.0
1245385,311.0
1299559,311.0
1402501,311.0
1356370,311.0
1244578,311.0
1402872,311.0
1373011,158.77780791486117
1099626,311.0
1240618,311.0
1313356,311.0
1063775,311.0
1351476,315.44042657983005
1423116,311.0
1026366,311.0
1006892,311.0
1366540,311.0
1308211,311.0
1060946,311.0
1111869,311.0
1321821,311.0
1442998,95.30431846212544
1187281,704.7873778699259
1149992,302.2594293464924
1269393,311.0
1271415,311.0
1115599,179.18268531627885
1049715,311.0
1386843,311.0
1449443,311.0
1247790,311.0
1377409,311.0
1402068,311.0
1131692,317.540265447994
1103707,172.38241914781588
1011869,311.0
1134421,311.0
1187227,112.83765253012965
1404182,277.3072325495192
1430582,641.8333289800496
1077995,467.70120952984234
1484671,76.40553168373604
1420778,126.67654395816636
1310109,311.0
1219340,744.6929294138803
1483037,319.36376858079774
1278014,797.56175377919
1020009,311.0
1357861,311.0
1246537,311.0
1138911,296.38841290921965
1072349,246.1483142625489
1044205,311.0
1003775,311.0
1105139,311.0
1233795,465.1260003315241
1488993,572.2912881425611
1128989,165.85315532433694
1461060,311.0
1093258,311.0
1458579,311.0
1267831,285.30378628711753
1076102,314.25501893264
1492794,311.0
1258414,311.0
1233270,311.0
1218069,311.0
1209101,311.0
1005839,311.0
1205721,311.0
1286663,311.0
1396005,311.0
1005991,311.0
1411749,311.0
1256153,311.0
1334064,303.4063632844376
1053700,311.0
1079711,89.46633086828226
1449942,311.0
1080233,311.0
1320661,311.0
1137255,403.84794412959116
1264796,572.7290947114424
1048031,330.4137335942165
1363159,311.0
1311397,180.80519439326164
1408686,156.77888534786072
1335629,261.27751323601075
1384967,337.56111920899554
1425196,215.8696959228892
1185945,311.0
1233671,311.0
1168634,81.94680922898989
1475193,311.0
1008215,311.0
1490942,311.0
1086613,311.8347048848042
1429213,286.8672279808918
1247277,70.11493909937501
1315521,311.0
1251613,311.0
1341539,311.0
1314843,311.0
1060246,311.0
1196722,311.0
1062489,311.0
1391156,311.0
1420868,311.0
1266795,311.0
1452943,311.0
1372739,311.0
1384170,311.0
1270445,311.0
1440443,311.0
1158748,311.0
1373369,1372.0140879691687
1171380,722.7438746508362
1334250,245.07145618135394
1260574,311.0
1004325,311.0
1402074,311.0
1305204,699.1703416569314
1225037,675.8056192704918
1174606,964.3363658238475
1118582,311.0
1302852,311.0
1236914,205.06928214637585
1047047,873.9142471589582
1219768,447.2608404660407
1449676,924.0368262129597
1459390,311.0
1403792,65.0337316436564
1181820,87.16955990150063
1158592,65.43859100541054
1106569,311.0
1460628,311.0
1456648,311.0
1074653,607.3324706442884
1172350,516.4283575493442
1064482,156.70808610570924
1035769,311.0
1092414,311.0
1187218,311.0
1309910,311.0
1064688,311.0
1208945,311.0
1223704,280.9827347703067
1342926,365.0026591702411
1016090,185.01220234442687
1084541,311.0
1006036,262.69750086867737
1271294,287.1809009068443
1293143,311.0
1380357,210.1525410549649
1394412,311.0
1045597,311.0
1242518,311.0
1425711,311.0
1236266,311.0
1391787,311.0
1018619,311.0
1439086,311.0
1487991,537.9682094876487
1460540,270.48313012323115
1421075,64.87044997507246
1337962,311.0
1205702,311.0
1216068,311.0
1416093,248.34096407611335
1106438,642.8982607025504
1187958,266.24735992416714
1461237,80.80931548412674
1493677,97.07953413932802
1346875,101.55252805685953
1047024,325.4981455002635
1179951,288.8521302793993
1272720,354.04176067774614
1009102,311.0
1102030,311.0
1357349,311.0
1254542,147.63689803487676
1239839,135.7871958774301
1142498,311.0
1479142,311.0
1127057,311.0
1143077,311.0
1315764,498.4388898041387
1076879,385.356015321257
1117812,311.0
1171684,311.0
1187665,163.81216589896627
1150288,150.59708698602373
1092093,268.89609254492575
1447408,311.0
1331327,311.0
1478225,311.0
1247480,311.0
1105195,311.0
1439531,311.0
1079007,311.0
1068176,311.0
1396170,311.0
1334406,311.0
1014026,311.0
1352373,706.3332490171114
1243030,411.72966014963816
1041420,255.94930167765972
1319327,311.0
1410028,311.0
1139636,311.0
1036193,307.2342181870237
1003367,378.20126565259255
1387633,369.0423148958888
1332886,116.36422171284292
1080327,88.04971778514047
1013373,145.55421426469366
1078845,399.32365585023234
1240791,207.10005697473954
1474319,302.4862975131683
1494561,311.0
1150748,311.0
1140411,311.0
1440680,311.0
1067429,142.33457452669714
1160511,102.65550133779882
1065243,311.0
1279830,311.0
1030666,311.0
1433611,424.9619170338434
1333707,459.5678539435377
1266311,254.95437439632036
1103146,311.0
1491817,311.0
1212716,146.93338394588818
1301661,248.67170442885256
1233889,311.0
1342250,311.0
1079171,311.0
1132769,103.97722139770497
1177184,311.0
1162498,311.0
1226350,311.0
1353682,311.0
1144693,311.0
1200921,311.0
1098073,311.0
1083024,414.58281227217435
1496726,268.80599044949906
1222568,311.0
1118152,311.0
1474455,311.0
1344569,328.18643938431484
1362812,609.7196728176377
1357918,272.0115177704282
1427314,311.0
1177846,311.0
1447665,311.0
1180242,381.44888417051186
1057980,149.85568296884054
1057989,412.3318879906762
1494214,311.0
1360415,311.0
1474051,311.0
1139545,311.0
1102908,311.0
1281533,311.0
1233530,241.68998765664182
1474190,300.148837719232
1195458,311.0
1481613,311.0
1004249,311.0
1165001,311.0
1022162,79.95946053438416
1185155,311.0
1152177,98.3852844503202
1374738,62.73154240313448
1379639,128.88231616645714
1333423,311.0
1128407,311.0
1204473,311.0
1310544,311.0
1154591,311.0
1494201,311.0
1115748,560.4344400605097
1353589,366.9125689476292
1484676,199.91933250613093
1048616,311.0
1314508,311.0
1296975,311.0
1372115,269.1527663712643
1336189,403.1914017506843
1121324,358.53727633168677
1045996,114.79309124204276
1361706,90.85321241847222
1431483,77.5201861197006
1387232,283.78441258356224
1160893,157.62633997341834
1431384,333.26203913415577
1235837,311.0
1436037,311.0
1202680,311.0
1412587,311.0
1377286,311.0
1197461,120.54052974839699
1116597,311.0
1062507,311.0
1030306,203.1396757679929
1013660,302.9807476815206
1086030,136.0669909860594
1229602,311.0
1272184,311.0
1433035,311.0
1374038,311.0
1222840,153.24210474826154
1356273,311.0
1101932,311.0
1021010,59.58466030841393
1171411,311.0
1337490,132.6891628776441
1332396,311.0
1303811,311.0
1333733,311.0
1191789,311.0
1325792,311.0
1476106,311.0
1171225,597.7959379366316
1235681,426.7124703476949
1224499,256.7297156632911
1423465,311.0
1120552,311.0
1292401,311.0
1226546,343.8313852739912
1485369,336.980591920074
1369288,489.1280105241855
1432305,311.0
1079777,311.0
1092628,199.2638357899726
1282588,326.99571731329326
1415191,305.36218519460334
1209550,380.74676519920234
1370271,311.0
1104842,311.0
1381859,311.0
1062232,311.0
1171522,311.0
1084587,311.0
1439204,311.0
1159953,441.46559118144756
1379917,318.78060468267756
1082924,311.0
1380277,311.0
1303074,311.0
1357053,72.82613947847071
1482844,168.3790287007557
1095958,311.0
1335161,311.0
1432554,311.0
1058867,311.0
1289214,311.0
1028000,311.0
1437271,311.0
1399943,311.0
1107949,311.0
1356581,311.0
1194491,311.0
1203992,311.0
1073984,311.0
1158974,311.0
1244952,311.0
1350959,311.0
1221985,519.8589038649325
1428233,354.8879073757189
1247118,311.0
1460736,311.0
1317327,311.0
1233024,311.0
1471569,282.8435074451583
1415077,335.4633093264509
1056913,461.7733621587262
1277505,311.0
1359182,311.0
1430948,341.48711597887507
1013760,285.5596282975088
1147147,325.3645516380472
1415890,311.0
1265084,311.0
1431945,311.0
1484655,311.0
1161020,311.0
1175530,252.47503123760245
1154338,146.5814330302837
1130574,311.0
1051940,311.0
1440445,311.0
1192440,142.48677104273762
1260322,227.98536906168172
1421768,194.62544695375414
1449682,311.0
1415276,311.0
1453255,311.0
1248669,311.0
1230958,311.0
1157877,311.0
1325572,163.1977612442648
1431659,311.0
1309583,311.0
1209010,311.0
1285811,311.0
1136992,311.0
1108246,311.0
1104829,311.0
1330971,311.0
1224992,526.4322939553349
1268353,267.23644915424865
1232469,164.12817693499332
1410483,311.0
1063825,311.0
1243528,311.0
1349678,280.08638836016434
1072684,430.4791357260549
1342993,485.86447527544135
1495669,311.0
1322377,311.0
1202457,311.0
1415501,558.9875448047644
1363882,445.81071158506455
1080956,606.01106119051
1134020,311.0
1151908,311.0
1350192,111.76865798881042
1416559,311.0
1092576,311.0
1344385,311.0
1217656,311.0
1302415,311.0
1242600,264.1356674929444
1467152,644.3639524908224
1438001,199.1036322429868
1460611,311.0
1441014,311.0
1357398,311.0
1077114,170.76858690351716
1263663,144.16260076985924
1372445,311.0
1298212,311.0
1491344,311.0
1281588,311.0
1136004,128.4165091213245
1289149,178.02785865722242
1474421,311.0
1473813,311.0
1252840,62.88936585341629
1172252,154.89827205979935
1189064,311.0
1361099,311.0
1013719,311.0
1073519,311.0
1277293,311.0
1159227,311.0
1139762,311.0
1295739,156.79800203172746
1009685,168.82750476607976
1474772,311.0
1165673,311.0
1065468,311.0
1102053,311.0
1161784,277.50967603596075
1051139,230.4676540272621
1269039,311.0
1158737,311.0
1246489,311.0
1202461,311.0
1198164,284.388946227373
1011440,150.6624793595414
1413230,311.0
1094332,311.0
1141137,311.0
1049606,311.0
1391442,163.9991983183977
1359351,579.6137644898943
1233267,182.2349457626948
1314748,311.0
1413495,311.0
1225930,311.0
1137875,311.0
1190701,311.0
1122832,311.0
1089220,311.0
1249809,311.0
1093731,311.0
1064557,311.0
1117909,430.30632588630317
1214618,267.15715410081816
1089335,311.0
1213475,311.0
1170902,311.0
1481946,191.18235502639507
1224868,311.0
1106482,229.39974932452972
1273502,311.0
1216168,311.0
1083594,282.29665441878154
1224295,168.66260524359043
1013278,376.5710254451229
1005855,311.0
1056709,311.0
1249671,311.0
1230380,188.42133120328512
1484433,147.3560086421129
1267040,311.0
1473223,311.0
1233669,270.46912907674385
1250796,338.5096979033314
1313401,194.51606255067617
1237110,311.0
1238242,311.0
1000121,311.0
1129558,311.0
1018802,133.29245261993302
1368711,311.0
1368971,69.2606138236763
1240209,311.0
1430887,311.0
1476123,311.0
1068042,311.0
1124650,311.0
1289201,311.0
1281401,311.0
1485491,464.1899045832846
1104767,499.9089187484315
1260343,221.6726340773584
1420693,311.0
1462062,128.2579144609186
1057642,311.0
1379980,380.20123438798294
1095043,542.1958923326533
1096435,405.5664930630944
1339708,107.54293931244759
1430712,311.0
1348620,129.17255307857909
1489978,364.1008093713966
1343050,245.41527855024754
1171803,357.08000069369785
1239136,311.0
1159926,311.0
1167786,311.0
1261300,311.0
1164093,81.51054737065526
1161124,311.0
1077741,311.0
1139047,311.0
1253918,310.7091582030168
1081347,581.0414918260914
1067587,268.80503080216266
1029248,311.0
1456841,311.0
1383133,311.0
1263414,128.5300253227039
1110768,197.7114588985821
1363668,311.0
1187183,311.0
1364266,311.0
1026176,311.0
1177476,311.0
1499793,311.0
1245784,311.0
1031113,311.0
1117382,311.0
1449051,311.0
1441522,311.0
1220040,203.65607602680024
1445037,311.0
1313829,311.0
1345555,311.0
1278499,311.0
1352264,311.0
1466161,585.224694966796
1252687,220.94296049866358
1479808,130.7820847584699
1223345,174.54159797870065
1049411,144.14498255545172
1003384,293.6376319723654
1363984,211.63939245460787
1216354,239.95776324350618
1394628,311.0
1343435,311.0
1370718,311.0
1156018,311.0
1395048,150.44743117716828
1314516,344.39196776520276
1399258,311.0
1338874,311.0
1118069,311.0
1465660,311.0
1255031,311.0
1058944,311.0
1305598,311.0
1196241,311.0
1004788,311.0
1463684,311.0
1061891,311.0
1257545,311.0
1137317,311.0
1316766,311.0
1215009,311.0
1198616,302.72136987341395
1119975,266.86813444464354
1173978,93.24554254158716
1003325,311.0
1014959,311.0
1238676,273.5104283559004
1180681,316.620053339152
1154031,159.2328100291776
1392618,91.59365517438843
1158959,311.0
1174657,124.22104574995205
1215383,519.6747188313011
1056737,231.2914255762242
1226869,298.1388392403633
1338426,66.38322998955798
1119609,311.0
1063798,311.0
1045972,311.0
1150952,311.0
1077779,519.8120121161373
1144441,270.7363598033073
1257450,311.0
1254802,311.0
1250391,311.0
1045722,211.64213412587102
1346647,311.0
1026834,311.0
1283298,311.0
1481903,311.0
1318877,311.0
1130427,311.0
1357694,311.0
1244100,311.0
1131178,311.0
1402295,311.0
1126893,311.0
1093651,521.8265956031606
1112711,361.41791682580134
1105210,311.0
1164254,311.0
1498407,311.0
1283105,311.0
1415914,321.426274555535
1057017,351.8596382403818
1137052,352.37112983617743
1144252,82.54418379495631
1370833,127.97453351659928
1295518,99.10418491575976
1065864,411.31708280218794
1166233,220.4504230653574
1209388,484.85076457723596
1374893,311.0
1119217,311.0
1004773,113.57830911299588
1248761,181.32795014241685
1178734,167.7749857020129
1098698,311.0
1044262,311.0
1053113,307.43888888238394
1309992,458.5832516873979
1307732,218.71837987681573
1417093,311.0
1326039,311.0
1233803,311.0
1099973,117.69592590685919
1409188,207.63097427600175
1369859,311.0
1251710,311.0
1152116,311.0
1363025,285.08283064241203
1267904,311.0
1269147,311.0
1001765,311.0
1392665,311.0
1261277,311.0
1422430,311.0
1106809,1012.871758752693
1353415,522.6707191506644
1368715,324.5058080761797
1087675,311.0
1336730,311.0
1332354,311.0
1456769,692.6706265767426
1190728,566.8205564015568
1268579,801.373317924505
1217878,311.0
1106508,311.0
1006087,315.52921434010307
1402675,664.910790921459
1276630,561.3985294532744
1205256,671.57876826541
1445432,311.0
1009975,311.0
1394741,311.0
1275536,311.0
1158507,311.0
1269365,311.0
1204388,621.2320487631088
1068999,534.8594354394611
1370340,311.0
1252762,311.0
1154390,311.0
1394582,311.0
1149088,362.422673044957
1386755,415.3508656034203
1299563,466.4618128681928
1491160,311.0
1230263,311.0
1011505,311.0
1446632,311.0
1415161,311.0
1228341,309.38315152455584
1056047,311.0
1278396,311.0
1005154,311.0
1312357,311.0
1370120,311.0
1255799,311.0
1115383,311.0
1118490,311.0
1493917,311.0
1487221,311.0
1149775,311.0
1460445,333.6481365947795
1448306,313.35652643425624
1431907,156.04201555432238
1401766,311.0
1047198,311.0
1002660,311.0
1366099,348.68755393461737
1292159,304.8780044466773
1373525,240.53330999756125
1049952,311.0
1377098,311.0
1198185,311.0
1256980,278.55828271745474
1010248,185.59404567532664
1080513,346.60223724906547
1081848,311.0
1054349,311.0
1233461,311.0
1313017,116.62201420877003
1105421,280.4336482993662
1339465,273.61028155562326
1063256,311.0
1013469,311.0
1375319,206.52112352224182
1366962,324.67582651293026
1317620,311.0
1127397,311.0
1250684,311.0
1102059,311.0
1281560,311.0
1392837,212.71655614773914
1279583,311.0
1225127,311.0
1188903,311.0
1320069,311.0
1081725,311.0
1288919,311.0
1098380,311.0
1141854,311.0
1471277,311.0
1485310,311.0
1057256,311.0
1443523,214.40933151120737
1242874,166.44663495487043
1028151,311.0
1302656,311.0
1431208,136.9109492146268
1473127,311.0
1249389,425.63485336169333
1270759,723.7388506278867
1220718,223.73690053097707
1429360,311.0
1141020,311.0
1325573,311.0
1165621,489.0602446965744
1386579,257.05683980405956
1089648,245.06877580475359
1210152,311.0
1013568,311.0
1269338,311.0
1462527,311.0
1094399,311.0
1197572,311.0
1127792,203.6010342469
1290080,715.8560675569593
1160077,282.72736666167384
1439020,311.0
1129340,311.0
1198240,311.0
1123239,244.78542241550792
1402087,311.0
1104882,311.0
1155836,311.0
1057692,311.0
1045903,311.0
1247162,311.0
1447707,311.0
1450701,375.80313694676374
1119729,398.00172779148636
1463108,260.3522827341478
1004715,311.0
1055930,311.0
1258137,311.0
1220154,415.9764522384079
1425882,613.2881455322142
1023497,398.27412472806253
1410135,276.37169545653717
1265438,150.54630937919242
1414821,181.46877086095154
1116522,320.77196779418006
1443270,301.7190425353829
1263016,466.60035488337553
1018136,311.0
1451314,148.31749948754043
1038393,311.0
1403993,311.0
1274108,311.0
1188111,311.0
1342222,326.68969560629193
1057623,377.48239117667214
1324265,187.41593144727935
1438649,311.0
1073338,311.0
1082298,153.13468317137517
1110286,224.9966917442724
1266357,222.38767280793763
1138371,311.0
1298566,311.0
1430079,311.0
1375660,311.0
1319105,311.0
1361990,311.0
1337117,311.0
1092006,311.0
1379437,311.0
1315755,311.0
1101610,311.0
1212642,311.0
1257724,585.7550690605776
1466648,292.21466038177016
1254129,311.0
1046453,311.0
1417296,311.0
1103295,311.0
1288752,354.3230855493199
1460898,313.50240333967633
1045465,446.19944523834494
1429233,311.0
1428924,311.0
1179927,311.0
1401756,357.4168731501958
1482727,258.0534321374135
1412634,354.506781457747
1122492,311.0
1051180,311.0
1076417,311.0
1297374,311.0
1204108,311.0
1021362,311.0
1390263,311.0
1363384,311.0
1116791,311.0
1326548,277.24753643176376
1433636,311.0
1481561,311.0
1034638,311.0
1230918,311.0
1242400,171.8389678745427
1115757,311.0
1041643,311.0
1287497,311.0
1306844,311.0
1200113,311.0
1078215,133.9202678419774
1298841,311.0
1392730,311.0
1198643,311.0
1020564,311.0
1154567,311.0
1225474,311.0
1248898,311.0
1170575,311.0
1413355,311.0
1113523,311.0
1356462,311.0
1174460,311.0
1040703,759.3379324728648
1009276,538.2008167383001
1348411,322.1698330980823
1235035,311.0
1435764,311.0
1109203,311.0
1310361,411.5235491576319
1173091,442.6407856001775
1201488,541.0770635933004
1416516,311.0
1156700,311.0
1135820,311.0
1477704,461.4521954982698
1178324,364.6241119135388
1198224,546.9063599777361
1308367,311.0
1260111,311.0
1298774,311.0
1295663,311.0
1084873,311.0
1238634,311.0
1237748,311.0
1143221,662.652987475808
1228159,652.5740095404685
1349223,174.39415290873495
1056933,311.0
1424540,311.0
1484915,311.0
1111332,311.0
1063614,311.0
1301207,311.0
1053999,311.0
1118223,311.0
1450088,259.77089657301616
1230421,311.0
1068073,311.0
1197880,311.0
1094580,311.0
1172938,311.0
1029830,311.0
1359667,311.0
1377423,311.0
1310816,311.0
1316805,311.0
1259591,1817.6464724208377
1167271,891.302166590632
1201964,492.4214289583315
1049973,311.0
1185564,311.0
1047036,311.0
1209578,569.3902747898887
1416876,552.0906676102389
1113492,987.1940565070357
1029884,311.0
1497894,311.0
1300128,311.0
1300828,1159.3599994501205
1394735,560.0014010853141
1339641,951.6007891431116
1395056,311.0
1015576,311.0
1328783,311.0
1208849,347.08420887069195
1242697,259.13429959101006
1359281,214.8073411865604
1485050,311.0
1309096,311.0
1066654,311.0
1333325,777.4658158739722
1065376,766.1382365974561
1392342,569.863808801577
1418086,311.0
1126584,311.0
1140959,311.0
1313505,311.0
1117255,417.82775917180084
1266859,497.93164943590455
1352627,311.0
1366366,311.0
1476169,311.0
1372662,189.983265753947
1226797,186.06281817906137
1296700,552.7278050560029
1240353,97.47402486280403
1147081,104.57138724762578
1187416,311.0
1261102,361.57005691070344
1458629,311.0
1242716,311.0
1421036,311.0
1346652,311.0
1245436,311.0
1198242,311.0
1045821,311.0
1443036,311.0
1173972,1773.715872432031
1026093,915.9183575719172
1050787,514.5943261710498
1173917,311.0
1401571,152.71995939671805
1157221,311.0
1005375,677.8452368142665
1046037,634.6814236993221
1179494,1067.1248248385175
1351594,311.0
1004476,311.0
1108850,311.0
1243144,1023.8488290466951
1152066,574.6073889730067
1222518,930.8709786622557
1387120,311.0
1333542,311.0
1017181,311.0
1272397,116.59071986520266
1435758,68.17679330414525
1373049,167.6544808369755
1408547,311.0
1428679,311.0
1244464,311.0
1384377,656.6706053622241
1488118,592.74866215814
1228826,239.1159086313343
1245151,311.0
1095362,311.0
1069078,311.0
1049725,311.0
1187024,311.0
1135586,311.0
1277897,155.7650005534902
1269737,162.45202313878227
1027610,311.0
1365843,178.76391973617723
1086058,228.17766179444152
1219724,406.71458163281244
1199897,311.0
1416231,311.0
1391175,263.36379710343783
1140599,311.0
1099643,311.0
1088269,311.0
1073405,311.0
1055745,311.0
1472617,311.0
1230428,311.0
1040401,311.0
1113951,161.11009627152677
1095435,185.6283942682885
1363338,106.41766137627602
1349382,311.0
1035972,94.37212965199902
1285850,311.0
1116211,180.8024865799446
1221446,532.1842242910695
1067824,230.09361834054695
1325209,311.0
1250269,311.0
1422706,311.0
1276177,505.4866538457681
1129647,219.07865191201657
1270817,273.131122210639
1205675,311.0
1374416,311.0
1371785,67.44549237907107
1437236,311.0
1342334,311.0
1015263,207.8421510688273
1005610,311.0
1207270,230.13898451358162
1328618,311.0
1263164,311.0
1370636,311.0
1052297,116.04362109595517
1234483,311.0
1344207,311.0
1194915,311.0
1450536,311.0
1114215,311.0
1076467,311.0
1013988,311.0
1410873,311.0
1026962,350.81807075443425
1003254,209.44499175383814
1267865,311.0
1226940,311.0
1332638,311.0
1105644,229.9870454470987
1336298,268.23404690957017
1443390,190.0760965049067
1314804,311.0
1179911,311.0
1005967,311.0
1419947,344.6379845059131
1364329,258.6715668560484
1229710,132.1174325003718
1215604,311.0
1188630,311.0
1019807,311.0
1397082,311.0
1004160,210.46505967117443
1009831,610.1472056447195
1386562,280.6056862778547
1204381,311.0
1318327,311.0
1087987,311.0
1057435,104.50342061539092
1178120,185.74841505856264
1259676,311.0
1482446,311.0
1079506,311.0
1239800,311.0
1431582,311.0
1003568,311.0
1344720,311.0
1440313,311.0
1191198,311.0
1437760,311.0
1279562,311.0
1204132,311.0
1398096,139.79357620810083
1494166,311.0
1219707,311.0
1317056,311.0
1281517,142.43434160709688
1015899,311.0
1154251,311.0
1216050,311.0
1270599,227.71563710149076
1217407,311.0
1095052,203.95856941690528
1309274,311.0
1095238,311.0
1170773,311.0
1076486,311.0
1350206,311.0
1276836,311.0
1157695,311.0
1010666,298.5856453914838
1436514,311.0
1147480,311.0
1218947,311.0
1050335,311.0
1171256,311.0
1271548,311.0
1461471,311.0
1303550,311.0
1197899,311.0
1223492,311.0
1058027,311.0
1342205,311.0
1359066,911.8905490017194
1191706,559.6630374755221
1051218,376.1755663509531
1194601,311.0
1463442,311.0
1391735,448.2285756706736
1237811,459.33345295953285
1015345,578.2330598902021
1306276,311.0
1281383,311.0
1019593,311.0
1239125,448.119637438091
1494423,348.16540414983723
1231512,664.0657661994505
1198829,311.0
1330395,311.0
1090050,152.95004101439008
1285816,97.95282147333536
1452241,311.0
1306442,311.0
1080063,311.0
1242898,438.625050209121
1180697,628.525612755472
1111935,311.0
1233504,311.0
1282522,311.0
1224947,311.0
1102338,311.0
1036719,311.0
1061800,311.0
1004280,311.0
1081737,311.0
1240408,311.0
1423030,172.2540027879231
1180839,208.23300342432702
1235293,269.49066764443995
1402334,311.0
1455922,311.0
1086605,311.0
1324560,311.0
1258874,311.0
1464606,311.0
1320138,311.0
1140900,311.0
1265408,311.0
1299126,311.0
1034569,311.0
1142696,311.0
1138175,537.0261053729399
1105308,182.89515571900662
1109747,311.0
1050057,311.0
1490235,311.0
1126706,318.6324216770565
1372959,374.85913288302874
1030230,311.0
1294042,311.0
1050893,311.0
1499803,311.0
1223585,433.60022707490515
1464318,232.26317282586703
1363250,492.7781533300731
1465396,311.0
1062525,311.0
1282663,311.0
1377031,311.0
1120331,311.0
1406956,318.4671205752583
1091889,243.89741006073103
1211590,76.94125086645704
1317126,311.0
1074826,311.0
1013839,311.0
1085749,311.0
1377992,311.0
1050861,311.0
1348062,146.88143366798602
1428528,311.0
1205756,311.0
1109233,311.0
1037514,134.2309312129012
1121475,311.0
1135573,311.0
1288571,311.0
1382800,311.0
1344633,311.0
1231476,311.0
1377282,311.0
1157321,311.0
1391149,311.0
1017288,311.0
1324180,311.0
1264350,1221.1278798328653
1121765,586.2279598470409
1458080,308.1669598103588
1226279,311.0
1198368,311.0
1434682,311.0
1339805,421.1580065652559
1316313,459.3953682593313
1259982,657.4620266687504
1295018,311.0
1324344,311.0
1318994,311.0
1297230,932.22966591432
1143198,367.86924901628686
1247498,751.2990335845623
1326313,311.0
1155844,311.0
1395026,311.0
1180389,176.83484633540812
1164822,311.0
1392770,311.0
1309919,311.0
1381318,311.0
1088812,488.65754737068767
1483907,543.1947109536585
1233536,188.80937896840823
1415482,311.0
1080169,311.0
1374582,311.0
1280402,312.4074314340438
1273131,234.56508039540978
1121169,311.0
1273251,311.0
1233241,311.0
1092200,311.0
1313319,147.648826707655
1319982,211.8613931221375
1078039,311.0
1016178,80.58776172806085
1163661,344.8265135617967
1051496,311.0
1023579,311.0
1346863,311.0
1224175,311.0
1276697,311.0
1369746,311.0
1036027,311.0
1396041,311.0
1165135,257.10267948515957
1280129,311.0
1170036,311.0
1488157,311.0
1487745,311.0
1086065,311.0
1004297,311.0
1281725,359.74954580550525
1347240,174.36272958567912
1366721,311.0
1154649,311.0
1126082,62.18260342983102
1477870,393.94713418244936
1069963,201.65359381564184
1153258,235.45236588160842
1213120,311.0
1056340,311.0
1177540,311.0
1004822,50.874017156877834
1345635,311.0
1342550,311.0
1247389,311.0
1181846,311.0
1423783,148.437076729655
1064603,311.0
1227396,270.112647599866
1207359,311.0
1457058,311.0
1162178,169.31256427834433
1110725,311.0
1399983,311.0
1152804,311.0
1292007,311.0
1427732,311.0
1010463,311.0
1309036,311.0
1342610,311.0
1312991,311.0
1479327,311.0
1490132,311.0
1003511,311.0
1296483,337.4084462747475
1159992,282.4361199241148
1257518,311.0
1083984,311.0
1143378,311.0
1428130,311.0
1247809,311.0
1040825,225.0862357810012
1008440,199.02095509420224
1114881,311.0
1262540,311.0
1217335,311.0
1365771,356.0596929891258
1441890,234.5051809807469
1253878,443.5267986120766
1156598,311.0
1327940,311.0
1342187,311.0
1056722,118.14968358424056
1111500,95.02886438001417
1483718,186.62350484816375
1303708,311.0
1333239,311.0
1227875,331.3025417576875
1403092,364.2302047973278
1195341,186.4664950901061
1148358,311.0
1317712,311.0
1191899,311.0
1046904,311.0
1097512,111.98420259634182
1124932,128.92404425493734
1345447,311.0
1200189,311.0
1160436,84.74850168028884
1401432,311.0
1289683,311.0
1054533,311.0
1213514,311.0
1404278,311.0
1122707,311.0
1056683,311.0
1020966,173.4062424509395
1470747,192.44525554874008
1018571,311.0
1015655,311.0
1422465,311.0
1007336,311.0
1283002,336.7889811356969
1125834,543.0517374365778
1152981,292.8845158461466
1356764,125.58979976137563
1108099,119.61876569545227
1138894,106.91393580797398
1485722,333.37656536029135
1378174,331.5066363676527
1043846,199.64956146810633
1286080,311.0
1018712,311.0
1220358,311.0
1283339,311.0
1494589,311.0
1402753,311.0
1278056,132.05512612223555
1253078,466.29318584258044
1281581,164.2519663577086
1025533,311.0
1446457,311.0
1287283,311.0
1178769,311.0
1007301,311.0
1413481,311.0
1200731,311.0
1340912,311.0
1452440,311.0
1110848,311.0
1088449,311.0
1474845,311.0
1135110,311.0
1134786,1571.3794408875494
1008071,527.3159150930751
1018869,408.456312792069
1011543,158.68907128053257
1197470,306.86230688396796
1399101,239.18098515558603
1449984,872.584530262341
1177098,848.5403906437147
1272083,1075.6482581660753
1391435,311.0
1279057,124.06050299300126
1009044,212.97682816051673
1214752,1822.6195137012148
1078901,959.0555176991952
1287288,1514.994730771362
1192132,311.0
1234402,311.0
1232750,311.0
1268984,233.8065741148899
1073550,255.81236438627008
1179236,88.37476300451674
1061973,163.02381534229758
1330467,311.0
1355488,311.0
1185139,789.2669795825456
1051818,942.2409492521571
1397206,297.1376503507764
1252654,311.0
1418909,311.0
1386036,416.42561181634187
1002589,588.1235992182363
1198931,497.3371781832191
1225988,311.0
1076920,311.0
1161079,311.0
1236099,311.0
1195643,316.25113349572683
1307333,489.7900368963907
1467437,115.29682607878529
1020490,82.32148794586644
1465107,99.79623831383454
1121637,560.2720892690504
1408811,311.0
1003760,311.0
1155995,199.92370967595875
1399262,317.25466822669574
1238090,311.0
1446578,311.0
1386889,311.0
1273910,311.0
1001412,517.5092217085846
1495114,223.38306873825417
1271646,192.21034379563525
1332352,311.0
1211448,311.0
1372618,311.0
1421532,450.70149466660877
1239742,362.84471791706534
1391392,478.2923326318723
1468082,320.5755344848256
1249067,311.0
1416643,311.0
1364414,303.83860590894636
1350437,439.5430960280026
1091337,488.3642811787961
1127292,311.0
1072941,311.0
1184440,311.0
1329008,311.0
1064715,311.0
1218158,311.0
1449013,580.6821622560063
1323236,398.7002172413347
1211901,147.11476100961633
1458394,311.0
1390196,311.0
1325001,311.0
1249518,311.0
1303070,311.0
1089683,311.0
1162091,311.0
1211267,311.0
1180457,272.20646503666586
1411070,240.74446953974802
1283293,311.0
1244005,311.0
1299438,311.0
1188409,311.0
1050592,311.0
1036190,311.0
1184567,311.0
1148182,311.0
1015560,311.0
1251542,311.0
1245457,662.9230232780008
1467164,476.82912283029646
1075689,254.83025123128164
1258805,311.0
1390444,311.0
1125927,311.0
1201006,398.9393050250981
1062733,525.6123092287207
1187527,575.784139741936
1478521,311.0
1126260,311.0
1088641,311.0
1461461,322.1112162519965
1246057,579.7366529480709
1224798,518.5274335247307
1242930,311.0
1133031,311.0
1313303,311.0
1003426,847.5087446520187
1429396,613.6788218598215
1400252,311.0
1485905,311.0
1108200,311.0
1277378,311.0
1316737,141.4097729922417
1031656,311.0
1427372,311.0
1326753,311.0
1166693,311.0
1196826,311.0
1254639,255.99094554215827
1471596,311.0
1308655,111.46748617759634
1407630,311.0
1360628,311.0
1396228,311.0
1384266,311.0
1369149,311.0
1101374,311.0
1284482,311.0
1455381,311.0
1306935,1796.8197543693607
1399041,954.3806376983633
1129929,555.2316434792624
1230094,311.0
1186826,311.0
1029555,311.0
1234117,868.7737591667997
1342352,956.9045127740314
1364919,1183.1850438663205
1479955,142.0735964261982
1456560,311.0
1105933,311.0
1339034,1898.148446551623
1473553,731.7650003356805
1128832,1365.1752794189688
1327909,311.0
1141823,311.0
1115349,110.88573358876258
1295236,259.99197018239676
1257211,311.0
1243692,311.0
1442994,311.0
1113589,311.0
1202702,781.5143375549231
1139996,944.0341844365229
1268487,382.99534614520763
1063639,311.0
1342445,311.0
1080952,311.0
1488050,609.119350686143
1057752,902.5656884994787
1125151,902.1961756030438
1176349,311.0
1216741,178.96043857699735
1020876,311.0
1013212,311.0
1314432,319.5058781961399
1437923,503.2575163634018
1015842,311.0
1244026,76.95556378355904
1394171,357.67679185479074
1358455,311.0
1214772,311.0
1445388,311.0
1116026,311.0
1485405,311.0
1115994,311.0
1088835,311.0
1223314,311.0
1117594,633.9283921634529
1246456,584.038957867979
1384107,349.71657674524755
1243607,311.0
1078594,311.0
1424863,311.0
1401181,405.2805408974354
1186995,422.9681307162712
1158925,531.4059503922944
1194476,95.15346386127915
1356515,182.7900832038817
1063805,195.29569393039017
1026340,740.3396863660024
1314539,297.03089848729405
1304421,535.3158667354335
1026497,311.0
1243434,311.0
1349423,311.0
1440330,311.0
1413653,395.9970530191439
1443157,324.9123641391586
1470635,311.0
1096268,311.0
1393626,311.0
1177199,565.6287121645404
1419882,923.8974152739725
1193613,572.7644244870089
1094126,311.0
1163148,311.0
1331608,311.0
1225453,311.0
1100128,200.8478580934271
1152619,477.0250359015286
1465064,82.09279109783719
1197882,311.0
1204356,311.0
1450571,311.0
1146852,311.0
1465517,311.0
1170587,311.0
1008749,311.0
1383333,311.0
1054024,311.0
1492548,311.0
1471695,311.0
1492614,199.3073353756522
1203473,311.0
1079689,311.0
1341115,311.0
1272743,311.0
1090971,311.0
1143939,311.0
1213249,421.1183115619167
1160226,215.18695812494275
1164145,69.34483497050184
1359621,98.8124481679638
1187272,491.85861231706184
1382421,413.4006836009576
1150058,269.8821582131939
1191625,311.0
1233904,52.6550931041727
1233177,311.0
1076029,311.0
1046255,311.0
1322786,311.0
1015528,290.65673141118157
1282016,925.6512448853008
1452067,406.96354199229035
1492120,311.0
1466652,311.0
1288325,311.0
1037408,311.0
1365916,220.57480939849646
1284677,311.0
1495316,311.0
1076663,311.0
1497718,311.0
1122583,311.0
1325982,311.0
1208934,311.0
1321456,311.0
1497813,470.02000258751895
1008981,321.15975156990953
1157473,311.0
1426499,311.0
1308175,311.0
1241732,269.16189490885495
1334443,490.5100987338059
1075943,248.99749269837818
1212040,311.0
1053730,162.9723382139111
1397334,311.0
1268218,242.30693526646817
1451189,211.79846783515978
1331816,207.3037966510532
1366276,311.0
1451380,311.0
1349650,311.0
1495032,133.6142382491185
1135341,301.9018700198928
1205389,101.85954469701146
1481863,311.0
1231863,311.0
1265192,311.0
1249151,311.0
1348889,311.0
1053804,311.0
1086984,311.0
1199192,311.0
1306328,311.0
1357661,311.0
1248502,311.0
1117929,311.0
1255407,451.6749470708672
1462608,368.2150405665795
1194957,129.72945578567942
1489860,311.0
1369461,311.0
1341913,311.0
1080389,383.82100443451304
1434408,451.22173547274133
1169445,492.41780926966914
1298757,138.12092069303105
1170261,256.2027538591773
1075384,277.31156333603326
1258354,632.6432985672775
1297968,298.5283764966491
1329810,413.7783697992124
1029581,311.0
1254729,311.0
1217471,311.0
1409129,311.0
1323505,188.2617651341439
1292034,104.03247345583304
1242088,311.0
1181744,311.0
1483645,311.0
1318631,292.1493554622599
1201137,462.2188187673535
1320819,288.87017245511
1084671,311.0
1353433,311.0
1052630,311.0
1289665,311.0
1131674,206.1864746335516
1099347,330.7134255101966
1401309,311.0
1211649,311.0
1249940,311.0
1015328,311.0
1268573,311.0
1236946,311.0
1181712,311.0
1053488,311.0
1134014,311.0
1253246,311.0
1158599,311.0
1123214,1363.636378957545
1161630,964.6574532814755
1034885,258.5489875243869
1448825,311.0
1120835,311.0
1436307,311.0
1121988,480.52359729071776
1163226,559.2079277293464
1111122,747.4600786083134
1401754,311.0
1480288,311.0
1053207,191.7806700314349
1349184,486.96045671760953
1271696,298.2286260634633
1169730,619.1540473993354
1113162,311.0
1477586,311.0
1288584,173.24979561676864
1433314,135.0990384692665
1240273,99.80869741808175
1407667,311.0
1476887,311.0
1105919,311.0
1251406,608.179075249793
1223600,449.774525354696
1083097,311.0
1450412,311.0
1190838,311.0
1434166,311.0
1322878,311.0
1061276,311.0
1210001,311.0
1207310,311.0
1106904,311.0
1012771,311.0
1161036,311.0
1106662,221.23646928473784
1047465,403.849294101667
1415287,311.0
1011931,311.0
1281482,311.0
1403343,311.0
1321976,311.0
1307302,311.0
1410444,311.0
1432009,311.0
1086708,311.0
1246312,311.0
1108704,479.6592521216724
1029294,332.3731033988744
1160680,119.1035457974184
1049158,311.0
1174176,311.0
1278821,435.29073741005305
1478370,444.04659179484975
1312971,655.4019317776765
1466260,311.0
1145664,311.0
1091873,311.0
1388739,401.5832926524223
1123649,305.9017070851911
1346060,598.3464790457016
1073283,311.0
1180736,311.0
1335892,311.0
1419869,311.0
1062551,311.0
1170240,311.0
1116916,311.0
1221310,594.5792863816426
1367131,461.8654443097525
1434558,311.0
1260085,311.0
1426036,311.0
1427226,311.0
1322332,311.0
1133401,311.0
1291135,270.0068367041489
1041163,311.0
1386673,311.0
1474949,311.0
1176325,311.0
1432968,219.55970490886983
1220063,311.0
1039116,144.07917517739082
1189397,311.0
1345375,311.0
1118233,311.0
1250158,311.0
1465066,311.0
1304645,311.0
1237295,311.0
1487998,311.0
1481640,371.94543537906577
1317164,161.37868749192623
1304520,129.97953425604055
1492792,311.0
1374168,311.0
1088611,311.0
1439151,337.23012664078215
1195576,577.6004021933223
1483750,242.36303026843936
1062418,311.0
1059894,311.0
1347832,311.0
1483614,624.3223555800565
1190208,557.1581111190033
1202850,577.7992879652627
1298775,311.0
1359223,311.0
1093737,311.0
1187473,311.0
1199424,311.0
1308216,311.0
1159875,365.25041090320826
1322431,916.5928805147532
1085341,405.91261503949727
1089204,311.0
1336904,311.0
1208448,311.0
1062961,110.7381642717491
1027373,311.0
1308725,311.0
1484976,311.0
1375569,303.3770636915941
1355980,283.5684883395738
1135504,311.0
1073318,311.0
1222266,311.0
1377152,311.0
1094996,311.0
1286897,311.0
1228388,311.0
1081769,311.0
1246239,311.0
1449224,311.0
1271981,311.0
1485637,311.0
1039889,344.77447142268875
1475390,311.0
1229473,311.0
1235986,311.0
1080282,176.01776740538182
1277521,388.07804959543705
1043169,277.78749386754237
1284152,57.41215182524178
1356966,311.0
1253476,426.6340358894168
1066603,218.25339352929217
1067839,472.35437118440683
1447666,311.0
1074218,311.0
1423664,311.0
1298065,68.86076969150145
1280070,146.9528535598133
1137944,129.18039536426835
1220571,311.0
1176816,311.0
1141693,311.0
1325594,247.84387701613898
1439857,491.62190391748436
1022986,260.20359211957424
1378610,311.0
1339820,130.29437396551026
1410872,195.2764511006021
1203499,281.3666278313958
1262302,311.0
1386974,311.0
1413707,131.72644514689978
1424985,311.0
1059461,311.0
1012027,311.0
1082700,311.0
1398879,311.0
1221540,311.0
1176220,311.0
1335217,311.0
1375145,1178.6931452222595
1232446,639.5028257342339
1219527,429.7837148501974
1092729,311.0
1050512,311.0
1184847,311.0
1120021,609.2729031308324
1233269,566.799098231143
1279653,761.7028634052718
1217530,311.0
1042152,311.0
1328139,311.0
1253767,877.206988480075
1112072,491.1228998093046
1314712,828.0143929813531
1308254,311.0
1089466,311.0
1208353,311.0
1062487,78.66201221942292
1119057,127.07953015440225
1153580,86.74401235964143
1219740,311.0
1010045,311.0
1187793,311.0
1020875,651.3741453749647
1371692,785.1433949624275
1492646,232.76296329461502
1161652,311.0
1497911,311.0
1004232,311.0
1115848,311.0
1213692,119.47130046188776
1002479,154.45882691076676
1352791,88.19224282127465
1022048,134.46760524374085
1157925,311.0
1186515,311.0
1319069,233.64450411073682
1037754,398.24803045704243
1085711,311.0
1004153,311.0
1238303,152.7459323541946
1378441,311.0
1462001,311.0
1196539,311.0
1161308,311.0
1397871,311.0
1037885,311.0
1319718,311.0
1390667,311.0
1233869,476.0856184733765
1466568,389.35416978959313
1426126,115.31707063615814
1101512,311.0
1395659,311.0
1458507,311.0
1477758,306.87640543717487
1144948,382.5960576613516
1254131,322.0942653228408
1217244,311.0
1406743,311.0
1324643,311.0
1324958,485.37097882479145
1424470,241.16384341867322
1092214,486.3411383386008
1344049,311.0
1412025,311.0
1413454,311.0
1031835,221.38443207854016
1422855,147.08743493604376
1086615,311.0
1323979,311.0
1043534,311.0
1050959,372.4551580895085
1154217,461.83313630679595
1144372,216.87624486766018
1173361,311.0
1351470,311.0
1407648,311.0
1023444,311.0
1096870,311.0
1099632,214.0632529174054
1487270,311.0
1062966,88.67513546492283
1100362,125.2133555746844
1170010,311.0
1355770,311.0
1434827,311.0
1379557,311.0
1138409,311.0
1216607,311.0
1140632,311.0
1262649,0.0
1454285,0.0
1313597,311.0
1308392,311.0
1383499,311.0
1182008,0.0
1108691,0.0
1010460,0.0
1297433,311.0
1086204,311.0
1483482,311.0
1225876,0.0
1246650,0.0
1257911,311.0
1125328,311.0
1197754,311.0
1344086,311.0
1424511,311.0
1221607,311.0
1204510,311.0
1199994,0.0
1484697,0.0
1176447,311.0
1183783,311.0
1206185,311.0
1299729,311.0
1388295,311.0
1406361,311.0
1067321,311.0
1234400,311.0
1120564,311.0
1489262,311.0
1425117,311.0
1198791,311.0
1089505,311.0
1190103,311.0
1280026,311.0
1387983,311.0
1476535,311.0
1301842,311.0
1292390,311.0
1165522,311.0
1009702,311.0
1350701,311.0
1398262,311.0
1191829,311.0
1025776,311.0
1378503,311.0
1118621,311.0
1056163,311.0
1101710,311.0
1458214,311.0
1259675,311.0
1037655,311.0
1409671,311.0
1177882,311.0
1474866,311.0
1374584,311.0
1190669,311.0
1352572,311.0
1005746,311.0
1411245,311.0
1238801,311.0
1115132,311.0
1060474,311.0
1228275,311.0
1434146,311.0
1200598,311.0
1441064,311.0
1141743,311.0
1302001,311.0
1486369,311.0
1246974,311.0
1248779,311.0
1339197,311.0
1402996,311.0
1449142,311.0
1418001,311.0
1146210,311.0
1187686,311.0
1418147,311.0
1485809,311.0
1043605,311.0
1080847,0.0
1398435,0.0
1371135,0.0
1043720,311.0
1025542,311.0
1119951,311.0
1480585,0.0
1234168,0.0
1087004,0.0
1442356,311.0
1083028,311.0
1321966,0.0
1098456,0.0
1063221,0.0
1440344,0.0
1154798,311.0
1131843,311.0
1024786,311.0
1018646,0.0
1161371,0.0
1048501,311.0
1023603,311.0
1319320,311.0
1141028,0.0
1473886,0.0
1179187,0.0
1055877,311.0
1268268,311.0
1486257,311.0
1306275,311.0
1066926,0.0
1120725,0.0
1398797,311.0
1303545,311.0
1108197,311.0
1017418,311.0
1448674,0.0
1246959,0.0
1438615,311.0
1207693,311.0
1074655,0.0
1207218,311.0
1341714,311.0
1153639,311.0
1327333,311.0
1110397,311.0
1079487,311.0
1321232,311.0
1340547,311.0
1419545,0.0
1438700,0.0
1490626,0.0
1445257,311.0
1220195,0.0
1493330,311.0
1474661,0.0
1139300,0.0
1356975,0.0
1058569,0.0
1168881,0.0
1243006,0.0
1231562,0.0
1380398,0.0
1451076,0.0
1290880,311.0
1175047,311.0
1262231,311.0
1225233,311.0
1058055,0.0
1442612,0.0
1482028,311.0
1313959,311.0
1443246,311.0
1333880,0.0
1278260,0.0
1111993,0.0
1423053,311.0
1156628,311.0
1412836,311.0
1060602,0.0
1045125,0.0
1471235,0.0
1187402,311.0
1301591,311.0
1016003,0.0
1081991,0.0
1277408,0.0
1207788,311.0
1245764,311.0
1317197,311.0
1040219,311.0
1173687,311.0
1296046,311.0
1436947,0.0
1463455,0.0
1494714,311.0
1476851,311.0
1299966,311.0
1326395,311.0
1345683,0.0
1101904,0.0
1441260,0.0
1446201,0.0
1190997,311.0
1301304,0.0
1144863,0.0
1174088,0.0
1051272,311.0
1011891,311.0
1002603,311.0
1122401,311.0
1488449,0.0
1373162,0.0
1457528,311.0
1324129,311.0
1380755,311.0
1088344,0.0
1187657,0.0
1217625,0.0
1010075,311.0
1366226,311.0
1318189,311.0
1023440,311.0
1440463,0.0
1236945,0.0
1025898,311.0
1364592,311.0
1255632,311.0
1015273,311.0
1319788,0.0
1077979,0.0
1008708,311.0
1366207,311.0
1068662,311.0
1401313,311.0
1053169,311.0
1031733,311.0
1039351,0.0
1458788,0.0
1054832,0.0
1039434,311.0
1203731,0.0
1265885,311.0
1137245,0.0
1005108,0.0
1495360,0.0
1008310,311.0
1247851,311.0
1123603,311.0
1190755,0.0
1327025,0.0
1480777,0.0
1445154,311.0
1092272,311.0
1404661,311.0
1182532,0.0
1018735,0.0
1354339,0.0
1022252,311.0
1134200,311.0
1174768,311.0
1247585,0.0
1158273,0.0
1388974,0.0
1203113,311.0
1307339,311.0
1283478,311.0
1260334,0.0
1159714,0.0
1240702,0.0
1046412,311.0
1416216,311.0
1399206,311.0
1191200,0.0
1350025,0.0
1182678,0.0
1303698,0.0
1269144,0.0
1057182,0.0
1358932,0.0
1479104,311.0
1143283,311.0
1178919,311.0
1264605,311.0
1451598,0.0
1351595,311.0
1210385,311.0
1331672,311.0
1452835,0.0
1107789,0.0
1040567,311.0
1321701,311.0
1060939,311.0
1368710,311.0
1269822,0.0
1205987,0.0
1083211,0.0
1124507,311.0
1489316,311.0
1363348,0.0
1455580,0.0
1292670,0.0
1253435,0.0
1064665,311.0
1421206,0.0
1305159,0.0
1492774,311.0
1234039,311.0
1338235,0.0
1024727,0.0
1310745,311.0
1200785,311.0
1119669,311.0
1037739,311.0
1120329,0.0
1394634,0.0
1073553,311.0
1448370,311.0
1486661,311.0
1187584,0.0
1356002,0.0
1204487,311.0
1262046,311.0
1157702,311.0
1092873,311.0
1093184,311.0
1393228,311.0
1325788,311.0
1144332,311.0
1366879,311.0
1420568,311.0
1342909,0.0
1064720,0.0
1364543,0.0
1125921,311.0
1348282,0.0
1016091,311.0
1202667,0.0
1261517,0.0
1369586,0.0
1160121,311.0
1106959,311.0
1342441,311.0
1316821,0.0
1210130,0.0
1140643,0.0
1135420,311.0
1492186,311.0
1249257,311.0
1429990,0.0
1116838,0.0
1117923,0.0
1330209,311.0
1038561,311.0
1478318,311.0
1024894,0.0
1392430,0.0
1213478,311.0
1345224,311.0
1310051,311.0
1173186,311.0
1169576,0.0
1485377,0.0
1177585,0.0
1345983,311.0
1099423,311.0
1221805,311.0
1441768,0.0
1395760,0.0
1313089,0.0
1390256,311.0
1248845,311.0
1156707,311.0
1310941,0.0
1115483,311.0
1028984,311.0
1450974,311.0
1463839,311.0
1464601,311.0
1169044,311.0
1384942,311.0
1265199,311.0
1378453,0.0
1093815,311.0
1174471,311.0
1450413,311.0
1181114,311.0
1289757,311.0
1330961,0.0
1141504,0.0
1448531,0.0
1459846,0.0
1305429,0.0
1397198,0.0
1301951,0.0
1208838,0.0
1237898,0.0
1261905,311.0
1360663,311.0
1144479,311.0
1167503,311.0
1044692,0.0
1031861,0.0
1335769,311.0
1187170,311.0
1181252,311.0
1368162,0.0
1415138,0.0
1193016,0.0
1084048,311.0
1207506,311.0
1469529,0.0
1036170,0.0
1210510,0.0
1482952,311.0
1472409,311.0
1281529,311.0
1487198,311.0
1315664,311.0
1118423,311.0
1434063,311.0
1263261,311.0
1082781,311.0
1100468,0.0
1253533,0.0
1014561,311.0
1258934,311.0
1120103,311.0
1374185,311.0
1075306,0.0
1169426,0.0
1291261,0.0
1495363,0.0
1118413,311.0
1269378,311.0
1199865,0.0
1077412,0.0
1348536,0.0
1097133,311.0
1290655,311.0
1077679,0.0
1439494,311.0
1433619,311.0
1128880,311.0
1243985,311.0
1070941,0.0
1353172,0.0
1208514,311.0
1244188,311.0
1455534,311.0
1489659,0.0
1030078,311.0
1001197,311.0
1308794,311.0
1108362,311.0
1020645,311.0
1281325,311.0
1066967,311.0
1365889,311.0
1343311,311.0
1250260,311.0
1162339,311.0
1030648,311.0
1414470,0.0
1206235,0.0
1221682,311.0
1106393,311.0
1035721,311.0
1087871,0.0
1379891,0.0
1094102,0.0
1250170,0.0
1206421,311.0
1065768,311.0
1420866,0.0
1384303,0.0
1492503,0.0
1282002,311.0
1232383,311.0
1031538,311.0
1100491,0.0
1435819,0.0
1309581,0.0
1036796,311.0
1261157,311.0
1302794,311.0
1201394,0.0
1296504,0.0
1499679,0.0
1451848,311.0
1458319,311.0
1407581,311.0
1179641,0.0
1096729,0.0
1320108,0.0
1297446,311.0
1370348,311.0
1348122,311.0
1297802,0.0
1484227,0.0
1288784,0.0
1371280,0.0
1083200,311.0
1085758,311.0
1265318,311.0
1429831,311.0
1426244,311.0
1352817,311.0
1113019,311.0
1242607,311.0
1482963,311.0
1199864,311.0
1039188,311.0
1217775,0.0
1049172,0.0
1341158,311.0
1201589,311.0
1455472,0.0
1187456,0.0
1265839,0.0
1239656,0.0
1000718,0.0
1264561,0.0
1168002,311.0
1024017,311.0
1215404,0.0
1364881,311.0
1443887,311.0
1372842,311.0
1179491,311.0
1384763,311.0
1421944,311.0
1123531,311.0
1433764,311.0
1218844,311.0
1393553,311.0
1498558,311.0
1248411,0.0
1119891,311.0
1134540,0.0
1205802,0.0
1333839,0.0
1008228,0.0
1322554,311.0
1318647,0.0
1005046,0.0
1141626,0.0
1283654,311.0
1486308,311.0
1293396,311.0
1399766,311.0
1166085,0.0
1110338,0.0
1207811,311.0
1438086,311.0
1363283,311.0
1110918,0.0
1349592,311.0
1342523,311.0
1406013,311.0
1371746,311.0
1107668,311.0
1188873,311.0
1082167,311.0
1247782,311.0
1262997,0.0
1306516,0.0
1495174,0.0
1005749,311.0
1183147,311.0
1200860,311.0
1071899,0.0
1292844,0.0
1494860,0.0
1152188,311.0
1343240,311.0
1144366,311.0
1083360,0.0
1464492,0.0
1410292,0.0
1262439,311.0
1314337,311.0
1163248,311.0
1463809,0.0
1375249,311.0
1203857,311.0
1070361,0.0
1220242,0.0
1059573,0.0
1021833,311.0
1036457,0.0
1393518,0.0
1316397,0.0
1141482,311.0
1179973,0.0
1328615,311.0
1300805,0.0
1339840,0.0
1174462,0.0
1469796,311.0
1209362,311.0
1220175,0.0
1327688,311.0
1015470,311.0
1144435,311.0
1477507,311.0
1154235,311.0
1388700,311.0
1105982,311.0
1489328,311.0
1374002,0.0
1496261,0.0
1082037,0.0
1084054,311.0
1352895,311.0
1292821,311.0
1129168,0.0
1264719,0.0
1063433,0.0
1121476,311.0
1042807,311.0
1299296,311.0
1306922,0.0
1251960,0.0
1309172,0.0
1263027,311.0
1103179,311.0
1038455,311.0
1400057,311.0
1165697,311.0
1211628,311.0
1166812,311.0
1031818,0.0
1428085,0.0
1393667,0.0
1150997,311.0
1475740,311.0
1217172,311.0
1283271,311.0
1416267,311.0
1112607,311.0
1055978,0.0
1428646,311.0
1481278,0.0
1219117,311.0
1371113,311.0
1362746,311.0
1218991,311.0
1311688,311.0
1225458,311.0
1236383,311.0
1289252,311.0
1459901,311.0
1044369,311.0
1351984,0.0
1495883,0.0
1015693,311.0
1166240,311.0
1210629,311.0
1294220,311.0
1131461,0.0
1309361,0.0
1320833,311.0
1473225,311.0
1394143,311.0
1071457,0.0
1379826,0.0
1318359,0.0
1100027,311.0
1034668,311.0
1373404,311.0
1061702,0.0
1293336,0.0
1095728,0.0
1262915,311.0
1295197,311.0
1435279,311.0
1464491,0.0
1222222,0.0
1390452,0.0
1463302,311.0
1489802,311.0
1292473,0.0
1029622,0.0
1117073,311.0
1284109,311.0
1141262,311.0
1171808,311.0
1384634,311.0
1159030,311.0
1325434,311.0
1295977,311.0
1057561,311.0
1247779,311.0
1047110,311.0
1362773,311.0
1332437,0.0
1100676,0.0
1363993,0.0
1237367,311.0
1462537,311.0
1313449,311.0
1053666,0.0
1302251,0.0
1004481,0.0
1334411,0.0
1191055,0.0
1220798,0.0
1394510,0.0
1336265,0.0
1451719,0.0
1068035,311.0
1224034,311.0
1115000,0.0
1444878,0.0
1149258,0.0
1342462,311.0
1433039,311.0
1374485,311.0
1359908,0.0
1372928,0.0
1462456,0.0
1443654,311.0
1315946,311.0
1179239,0.0
1188742,0.0
1150146,0.0
1277261,0.0
1167783,311.0
1279968,0.0
1320507,311.0
1350935,311.0
1197052,311.0
1029579,311.0
1304742,311.0
1452669,311.0
1085737,311.0
1463122,311.0
1284072,0.0
1394210,0.0
1025091,311.0
1074887,311.0
1254262,311.0
1040334,311.0
1424569,311.0
1197276,0.0
1452472,0.0
1321401,311.0
1376468,311.0
1420185,311.0
1282937,0.0
1170153,0.0
1449399,0.0
1274790,311.0
1310614,311.0
1456931,311.0
1203967,311.0
1079069,311.0
1007858,311.0
1294120,311.0
1300983,311.0
1321774,0.0
1237520,0.0
1347075,311.0
1239241,311.0
1205726,0.0
1047124,311.0
1406091,311.0
1254479,311.0
1121561,311.0
1076788,311.0
1183423,311.0
1486846,311.0
1303445,311.0
1329414,311.0
1023890,311.0
1406133,311.0
1397490,0.0
1037647,0.0
1058080,0.0
1107995,311.0
1010319,311.0
1155430,311.0
1224703,0.0
1430097,0.0
1303810,0.0
1053426,311.0
1465123,311.0
1149154,311.0
1064789,0.0
1454243,0.0
1090905,0.0
1338101,311.0
1039156,311.0
1260187,0.0
1052288,0.0
1107329,0.0
1399544,311.0
1131518,311.0
1006869,311.0
1206660,0.0
1365329,0.0
1038515,0.0
1244162,311.0
1061266,311.0
1308370,311.0
1384720,311.0
1423011,0.0
1265394,311.0
1025300,311.0
1143644,311.0
1186542,311.0
1481273,0.0
1312485,0.0
1489678,0.0
1199112,311.0
1198571,311.0
1154629,311.0
1274070,0.0
1419037,311.0
1056666,311.0
1184809,311.0
1204098,311.0
1280965,311.0
1447792,311.0
1474459,311.0
1282200,0.0
1475657,0.0
1156440,0.0
1223837,311.0
1202885,311.0
1468767,311.0
1420037,0.0
1319476,0.0
1042405,0.0
1053349,0.0
1399190,311.0
1110657,311.0
1387833,0.0
1160606,0.0
1046027,0.0
1103153,311.0
1146248,311.0
1107738,0.0
1091060,311.0
1262868,311.0
1193003,311.0
1197419,311.0
1438599,0.0
1440086,0.0
1117913,0.0
1184845,311.0
1049919,311.0
1086214,311.0
1135028,311.0
1397224,311.0
1339966,311.0
1054492,311.0
1133931,311.0
1421630,311.0
1383028,0.0
1440261,0.0
1376712,311.0
1034224,311.0
1112506,311.0
1448418,0.0
1059635,311.0
1442140,311.0
1274893,311.0
1262942,311.0
1136179,311.0
1235413,311.0
1208129,311.0
1278537,0.0
1140630,0.0
1460544,0.0
1006600,311.0
1277872,311.0
1287757,311.0
1390650,0.0
1095975,0.0
1265478,0.0
1060287,0.0
1151563,0.0
1376692,0.0
1058455,0.0
1254165,0.0
1445429,0.0
1473216,311.0
1305395,311.0
1315539,311.0
1260242,311.0
1130316,0.0
1360630,0.0
1274220,311.0
1056176,311.0
1457940,311.0
1266782,0.0
1079927,0.0
1102476,0.0
1484172,311.0
1126975,311.0
1275435,0.0
1087733,0.0
1355898,0.0
1310322,0.0
1069567,311.0
1012130,311.0
1302873,0.0
1380215,311.0
1434488,0.0
1130479,311.0
1074570,311.0
1151684,311.0
1199038,311.0
1251345,311.0
1223304,311.0
1206767,0.0
1357362,0.0
1448800,311.0
1487007,311.0
1330119,311.0
1477226,311.0
1247256,0.0
1216224,0.0
1182872,0.0
1062248,0.0
1397155,311.0
1041719,0.0
1135029,0.0
1356809,0.0
1372850,0.0
1404048,311.0
1388692,311.0
1383758,311.0
1212449,311.0
1162985,0.0
1209888,0.0
1499174,0.0
1084107,311.0
1150878,311.0
1208872,311.0
1417793,0.0
1083362,0.0
1253958,311.0
1071747,311.0
1030032,311.0
1118685,311.0
1052944,311.0
1384559,311.0
1248568,311.0
1494935,311.0
1098084,311.0
1127415,311.0
1176365,311.0
1065907,0.0
1305254,311.0
1345747,311.0
1209410,311.0
1093858,311.0
1052783,311.0
1271480,311.0
1003753,311.0
1496674,311.0
1061568,311.0
1101584,311.0
1383497,311.0
1176978,311.0
1435029,311.0
1343650,311.0
1434359,0.0
1007900,311.0
1017579,311.0
1063688,311.0
1126370,311.0
1246771,311.0
1008773,311.0
1318618,311.0
1228888,311.0
1244298,311.0
1342952,311.0
1131807,0.0
1408017,0.0
1051889,0.0
1392162,311.0
1075826,311.0
1142469,311.0
1103064,0.0
1059918,0.0
1072901,0.0
1353610,311.0
1195954,311.0
1391305,311.0
1326150,0.0
1275063,0.0
1222180,0.0
1192156,311.0
1113235,311.0
1309343,311.0
1297632,0.0
1155726,0.0
1297290,311.0
1419156,311.0
1116236,311.0
1062782,311.0
1333678,0.0
1481991,0.0
1275436,0.0
1044455,311.0
1006565,311.0
1289303,0.0
1350978,0.0
1065002,311.0
1330381,311.0
1066756,311.0
1425889,311.0
1027637,311.0
1024593,0.0
1309569,311.0
1130481,311.0
1461497,311.0
1273574,0.0
1499564,311.0
1409226,311.0
1276415,311.0
1072191,311.0
1185549,311.0
1394977,311.0
1031757,311.0
1357869,311.0
1457412,0.0
1333143,0.0
1297235,311.0
1018080,311.0
1439262,311.0
1262889,311.0
1001905,0.0
1136010,0.0
1271463,0.0
1469634,311.0
1258810,311.0
1345259,0.0
1004246,0.0
1114751,0.0
1109347,0.0
1008772,311.0
1016691,311.0
1365501,311.0
1291288,0.0
1112058,0.0
1469210,311.0
1181698,311.0
1231344,311.0
1387977,0.0
1034867,0.0
1276338,0.0
1322128,311.0
1289484,311.0
1007731,0.0
1088564,0.0
1427862,0.0
1170554,311.0
1172262,311.0
1341146,311.0
1357235,0.0
1088765,0.0
1188175,311.0
1203176,311.0
1049616,311.0
1309039,311.0
1145033,311.0
1286575,311.0
1101049,0.0
1137275,0.0
1253464,0.0
1012371,311.0
1205708,311.0
1140483,311.0
1198884,0.0
1493378,0.0
1199993,0.0
1043523,311.0
1258021,311.0
1311206,0.0
1167724,0.0
1169375,0.0
1108160,0.0
1430956,311.0
1256536,311.0
1387281,311.0
1466943,0.0
1414650,0.0
1224371,311.0
1112793,311.0
1289127,311.0
1126069,311.0
1087935,0.0
1443408,0.0
1429992,0.0
1085191,311.0
1417469,311.0
1137795,311.0
1398189,311.0
1283686,0.0
1371464,0.0
1230167,311.0
1364248,311.0
1266392,311.0
1038730,311.0
1212416,0.0
1103878,0.0
1157948,311.0
1314522,311.0
1164578,0.0
1025278,311.0
1078493,311.0
1029300,311.0
1410995,0.0
1404963,311.0
1334883,311.0
1230293,311.0
1115318,311.0
1042427,311.0
1454164,0.0
1470573,311.0
1058785,311.0
1376825,311.0
1191397,311.0
1247051,0.0
1074540,0.0
1497803,311.0
1287425,0.0
1328270,311.0
1407720,0.0
1240373,0.0
1494455,0.0
1442368,311.0
1194849,311.0
1306896,311.0
1435035,311.0
1253592,0.0
1467682,0.0
1461002,0.0
1001071,311.0
1191882,311.0
1140533,311.0
1049153,311.0
1389125,311.0
1498335,311.0
1336000,311.0
1345691,311.0
1337050,311.0
1263782,311.0
1192897,311.0
1299041,0.0
1417850,0.0
1024790,0.0
1008262,311.0
1089695,311.0
1234248,311.0
1363682,0.0
1321672,0.0
1035076,0.0
1060282,311.0
1361643,311.0
1125678,311.0
1407888,0.0
1032563,0.0
1189256,0.0
1058487,311.0
1413625,311.0
1121861,311.0
1105792,311.0
1239970,311.0
1078132,311.0
1028314,311.0
1461331,311.0
1203766,0.0
1314812,0.0
1252214,311.0
1199487,311.0
1213487,311.0
1149554,0.0
1201667,0.0
1459985,0.0
1477962,311.0
1201705,311.0
1249240,0.0
1122608,311.0
1440426,0.0
1357820,311.0
1038196,311.0
1230790,311.0
1211763,0.0
1011484,311.0
1323864,311.0
1139498,311.0
1344156,311.0
1443200,311.0
1189549,311.0
1397910,311.0
1317736,311.0
1129005,0.0
1306963,0.0
1471178,0.0
1431233,311.0
1228415,311.0
1399725,311.0
1182211,0.0
1441899,0.0
1470893,0.0
1139622,311.0
1381705,311.0
1214183,311.0
1273495,0.0
1101109,0.0
1120199,0.0
1050202,311.0
1334262,311.0
1337479,0.0
1219468,0.0
1310240,0.0
1277278,311.0
1489750,311.0
1096922,311.0
1476289,0.0
1115161,0.0
1178631,0.0
1245261,311.0
1372965,311.0
1476812,311.0
1496202,0.0
1048870,0.0
1263662,0.0
1238350,311.0
1472696,311.0
1258031,311.0
1050351,311.0
1459998,0.0
1490420,0.0
1000662,0.0
1044419,311.0
1460063,311.0
1343340,0.0
1374733,311.0
1370257,311.0
1455780,311.0
1140702,311.0
1363403,311.0
1310434,311.0
1364335,311.0
1114519,311.0
1305350,311.0
1245069,311.0
1474430,311.0
1093750,311.0
1435861,311.0
1239312,0.0
1184336,311.0
1454523,311.0
1098373,311.0
1495203,311.0
1052953,0.0
1009513,311.0
1368308,311.0
1498669,311.0
1466142,311.0
1256813,311.0
1042183,311.0
1464999,311.0
1143694,0.0
1430870,0.0
1122208,0.0
1462550,311.0
1032173,311.0
1092013,311.0
1079926,311.0
1038256,0.0
1343897,311.0
1004313,311.0
1338299,311.0
1091600,311.0
1475065,311.0
1360361,311.0
1414079,311.0
1325899,0.0
1059508,0.0
1053029,311.0
1132261,311.0
1079197,0.0
1273647,0.0
1285990,0.0
1453805,0.0
1228708,0.0
1477933,0.0
1140274,311.0
1050739,0.0
1127728,0.0
1403459,0.0
1283055,311.0
1112729,311.0
1380847,311.0
1165664,0.0
1060176,0.0
1377609,311.0
1343878,311.0
1115844,311.0
1053494,0.0
1173486,0.0
1250468,0.0
1286426,311.0
1423088,311.0
1209561,311.0
1159489,311.0
1358267,0.0
1446470,0.0
1140775,311.0
1174433,311.0
1449283,311.0
1301983,311.0
1038551,311.0
1142609,311.0
1121544,311.0
1217322,311.0
1174114,311.0
1116883,311.0
1015942,311.0
1122590,311.0
1474493,0.0
1196897,311.0
1233988,0.0
1249222,311.0
1031203,311.0
1384396,311.0
1449924,0.0
1023315,0.0
1456955,0.0
1364616,311.0
1477907,0.0
1070194,0.0
1278780,0.0
1061803,0.0
1491984,0.0
1093579,311.0
1320120,311.0
1050143,0.0
1135844,311.0
1170667,311.0
1421320,0.0
1382855,0.0
1052474,0.0
1168245,311.0
1358202,311.0
1347403,311.0
1423262,311.0
1490941,311.0
1045104,311.0
1180967,311.0
1169272,311.0
1417264,311.0
1122155,311.0
1421522,311.0
1343543,311.0
1127755,311.0
1286519,311.0
1159100,0.0
1257945,0.0
1226115,0.0
1430521,311.0
1376221,311.0
1496715,311.0
1169115,0.0
1176448,0.0
1463004,0.0
1250962,311.0
1295333,311.0
1178409,0.0
1012909,0.0
1338022,0.0
1366789,0.0
1373833,311.0
1381332,311.0
1243588,0.0
1346625,0.0
1220323,0.0
1370150,311.0
1425569,311.0
1035374,311.0
1394503,0.0
1058305,0.0
1344498,0.0
1141007,311.0
1473646,311.0
1487690,311.0
1450648,311.0
1205027,311.0
1476902,0.0
1165718,0.0
1378218,0.0
1078304,311.0
1089355,0.0
1297171,0.0
1312686,311.0
1325197,311.0
1481530,311.0
1284608,0.0
1463475,311.0
1315063,311.0
1059185,311.0
1374100,311.0
1042049,311.0
1387016,311.0
1280720,311.0
1297322,311.0
1173983,0.0
1109530,0.0
1210247,0.0
1376906,311.0
1454933,311.0
1258714,311.0
1442196,0.0
1149208,0.0
1109561,0.0
1086120,0.0
1395010,0.0
1199426,0.0
1102777,0.0
1457723,0.0
1481022,0.0
1022584,311.0
1117071,311.0
1444390,311.0
1136802,0.0
1160158,0.0
1389988,311.0
1380922,311.0
1117887,311.0
1237251,0.0
1062656,0.0
1187507,311.0
1118587,311.0
1016028,0.0
1324267,0.0
1272876,0.0
1462161,311.0
1374036,311.0
1415631,311.0
1205040,311.0
1496216,311.0
1402048,311.0
1364233,311.0
1439116,311.0
1312641,311.0
1315279,311.0
1145134,0.0
1342622,0.0
1198108,0.0
1077816,311.0
1036232,311.0
1311646,311.0
1286961,0.0
1028838,0.0
1247743,0.0
1425258,0.0
1006454,0.0
1384974,0.0
1486614,0.0
1399973,0.0
1385096,0.0
1060853,311.0
1040838,311.0
1109072,311.0
1460672,311.0
1334969,0.0
1049364,0.0
1087717,311.0
1325920,311.0
1039447,311.0
1186967,0.0
1110292,0.0
1036751,0.0
1236541,311.0
1275664,0.0
1209721,0.0
1162125,311.0
1263378,311.0
1199188,0.0
1488174,311.0
1070083,311.0
1132304,311.0
1167345,311.0
1012255,311.0
1032662,311.0
1033908,311.0
1291511,311.0
1027186,0.0
1040688,0.0
1315683,311.0
1330397,311.0
1264948,311.0
1159897,311.0
1059351,0.0
1239762,0.0
1447229,0.0
1151744,311.0
1216716,311.0
1312133,311.0
1118832,0.0
1252149,0.0
1094537,0.0
1447416,311.0
1127043,311.0
1164344,311.0
1370338,311.0
1421244,311.0
1093990,311.0
1497414,0.0
1210832,0.0
1344468,311.0
1404146,311.0
1103781,311.0
1294600,311.0
1215402,311.0
1043840,0.0
1116803,311.0
1090469,311.0
1017399,0.0
1248806,0.0
1131581,0.0
1060388,311.0
1003796,311.0
1363790,311.0
1408249,311.0
1029511,311.0
1110232,311.0
1281521,0.0
1083761,0.0
1368949,0.0
1161399,311.0
1471054,311.0
1029539,311.0
1423689,0.0
1039864,0.0
1026413,0.0
1044730,0.0
1014000,0.0
1062258,0.0
1234509,0.0
1236978,0.0
1487673,0.0
1371786,311.0
1110617,311.0
1343708,311.0
1433116,311.0
1308546,311.0
1329651,0.0
1379435,311.0
1145893,311.0
1369946,311.0
1056828,0.0
1093949,0.0
1394115,0.0
1056092,311.0
1340133,311.0
1459830,311.0
1153248,311.0
1460813,0.0
1044801,311.0
1136984,0.0
1257636,311.0
1433830,0.0
1266400,311.0
1412306,311.0
1001630,311.0
1438073,311.0
1193535,311.0
1049161,311.0
1113088,0.0
1473044,0.0
1022104,0.0
1191423,311.0
1329211,311.0
1290034,311.0
1395289,0.0
1103569,0.0
1097299,0.0
1283783,311.0
1270643,311.0
1077145,0.0
1340515,0.0
1003274,0.0
1441788,0.0
1000409,311.0
1329787,311.0
1298237,311.0
1190800,311.0
1456232,311.0
1484891,0.0
1031253,0.0
1010839,311.0
1024581,311.0
1041176,311.0
1148161,311.0
1350810,0.0
1201815,0.0
1434822,311.0
1149326,311.0
1036321,311.0
1310991,311.0
1221524,311.0
1133330,311.0
1420669,311.0
1255934,311.0
1013345,311.0
1468382,311.0
1145754,311.0
1296525,311.0
1312320,311.0
1287128,311.0
1042549,311.0
1301321,0.0
1094909,0.0
1155168,311.0
1396268,311.0
1124007,311.0
1221654,311.0
1034052,0.0
1167273,0.0
1056567,0.0
1318214,311.0
1071404,311.0
1190919,311.0
1125207,0.0
1239109,0.0
1366465,0.0
1327054,311.0
1413660,311.0
1389070,311.0
1152849,311.0
1429343,311.0
1433370,311.0
1015651,311.0
1158903,0.0
1456903,0.0
1400224,311.0
1417054,311.0
1172631,311.0
1111819,311.0
1302703,0.0
1300752,0.0
1294900,0.0
1319818,311.0
1183251,311.0
1119599,311.0
1492080,311.0
1163294,311.0
1014711,311.0
1244747,311.0
1061707,0.0
1493848,311.0
1230234,311.0
1203418,311.0
1485817,311.0
1143509,311.0
1091408,311.0
1138077,311.0
1311411,0.0
1295313,0.0
1183342,0.0
1491036,311.0
1295983,311.0
1331317,311.0
1324969,0.0
1103729,0.0
1055560,0.0
1363126,311.0
1337290,311.0
1325872,311.0
1049470,0.0
1012992,0.0
1044579,0.0
1200607,311.0
1401512,311.0
1440033,0.0
1125481,311.0
1016837,311.0
1436547,311.0
1473669,311.0
1126786,311.0
1271366,0.0
1465667,0.0
1056305,0.0
1047663,311.0
1294079,311.0
1377246,311.0
1363975,0.0
1232131,0.0
1460621,311.0
1157067,311.0
1245780,311.0
1058708,311.0
1307097,0.0
1062037,0.0
1490720,311.0
1395873,311.0
1170057,0.0
1258413,0.0
1361970,311.0
1072658,311.0
1048034,311.0
1461040,311.0
1485183,311.0
1223342,311.0
1480807,311.0
1371494,0.0
1103790,0.0
1016615,311.0
1272610,311.0
1467769,311.0
1078797,311.0
1274462,0.0
1252119,0.0
1472378,311.0
1372362,311.0
1496832,311.0
1224855,311.0
1159741,0.0
1477503,0.0
1288873,311.0
1433395,311.0
1065649,311.0
1411840,311.0
1087160,311.0
1074147,0.0
1090440,0.0
1394833,0.0
1392268,311.0
1385412,311.0
1066080,311.0
1351946,311.0
1160992,311.0
1448499,311.0
1460215,311.0
1269050,311.0
1040647,311.0
1387886,0.0
1364865,0.0
1018974,311.0
1278003,311.0
1452327,0.0
1497155,311.0
1224475,0.0
1260226,311.0
1059327,311.0
1393536,311.0
1171318,0.0
1232647,0.0
1163568,0.0
1244463,311.0
1211183,311.0
1135295,311.0
1346678,0.0
1348987,0.0
1410509,311.0
1233091,311.0
1090616,0.0
1071801,0.0
1401641,0.0
1116388,311.0
1309103,311.0
1491166,311.0
1030588,0.0
1025159,311.0
1232718,311.0
1018868,311.0
1210049,311.0
1253684,0.0
1182135,311.0
1298742,311.0
1227002,311.0
1268785,311.0
1022714,311.0
1275470,311.0
1097202,311.0
1493366,0.0
1331057,0.0
1182877,0.0
1076949,311.0
1462250,0.0
1211529,311.0
1445903,0.0
1329450,0.0
1230201,0.0
1470087,0.0
1446867,311.0
1319291,0.0
1143124,0.0
1101383,0.0
1123524,0.0
1271587,311.0
1148781,311.0
1301245,311.0
1168313,311.0
1435780,0.0
1012281,311.0
1098155,311.0
1360008,0.0
1452904,0.0
1030802,0.0
1106987,311.0
1151987,311.0
1134647,311.0
1475968,0.0
1338863,0.0
1378609,311.0
1039161,311.0
1011680,311.0
1298077,311.0
1295274,311.0
1309793,311.0
1052527,311.0
1109588,311.0
1336905,311.0
1468878,311.0
1138443,311.0
1275484,0.0
1332387,311.0
1448406,311.0
1131551,311.0
1218247,311.0
1476030,311.0
1068090,0.0
1185173,0.0
1366617,0.0
1198378,0.0
1182059,0.0
1118081,0.0
1325683,0.0
1130102,0.0
1491257,311.0
1382126,311.0
1191748,311.0
1466660,311.0
1390106,0.0
1244449,0.0
1111218,311.0
1389557,311.0
1350375,311.0
1186359,311.0
1213899,311.0
1439257,311.0
1091234,311.0
1011775,311.0
1378332,311.0
1091493,311.0
1104216,311.0
1181809,311.0
1379054,311.0
1340178,311.0
1177611,0.0
1296989,0.0
1434024,0.0
1240097,311.0
1195124,311.0
1310902,0.0
1376592,0.0
1266339,0.0
1300685,0.0
1168138,311.0
1216142,0.0
1145836,0.0
1255684,0.0
1137477,0.0
1120804,311.0
1423024,0.0
1438719,311.0
1185056,311.0
1026874,311.0
1000239,311.0
1018451,0.0
1438212,0.0
1111309,311.0
1036368,311.0
1232302,311.0
1203845,311.0
1250127,311.0
1168534,0.0
1463718,311.0
1129628,311.0
1152567,311.0
1308024,311.0
1075107,311.0
1022331,311.0
1446941,311.0
1209021,311.0
1189249,311.0
1443158,311.0
1009004,0.0
1374089,0.0
1079607,311.0
1329352,311.0
1280562,311.0
1103749,311.0
1066165,0.0
1081755,0.0
1230372,0.0
1266770,0.0
1443525,0.0
1387877,0.0
1373382,0.0
1150804,0.0
1079093,0.0
1035507,311.0
1277459,311.0
1251663,0.0
1223245,0.0
1385359,0.0
1309145,311.0
1407808,311.0
1196459,0.0
1083320,0.0
1185822,0.0
1273643,311.0
1258195,311.0
1431428,311.0
1409973,0.0
1249625,0.0
1355820,311.0
1234209,311.0
1139349,311.0
1008936,0.0
1066283,311.0
1170430,311.0
1232936,311.0
1080677,311.0
1021800,311.0
1123137,311.0
1411806,311.0
1328104,311.0
1318582,0.0
1460235,0.0
1313982,0.0
1202724,311.0
1366938,311.0
1181409,311.0
1230032,0.0
1122286,0.0
1493246,0.0
1482713,311.0
1154157,311.0
1365677,0.0
1136265,0.0
1229533,0.0
1305186,0.0
1159457,311.0
1118236,311.0
1280982,311.0
1212852,311.0
1215713,311.0
1350519,311.0
1403497,0.0
1140321,0.0
1446737,311.0
1106173,311.0
1481387,311.0
1065238,0.0
1183033,0.0
1229149,0.0
1097281,311.0
1356234,311.0
1471059,311.0
1383245,311.0
1378355,311.0
1363066,0.0
1165483,311.0
1081138,311.0
1466102,311.0
1497165,311.0
1079199,311.0
1422221,311.0
1169305,311.0
1468137,311.0
1407007,311.0
1454261,311.0
1294443,311.0
1440024,311.0
1180058,0.0
1419811,0.0
1486660,0.0
1465689,311.0
1136864,311.0
1006792,311.0
1050241,0.0
1200761,0.0
1090212,0.0
1310650,311.0
1382624,311.0
1155781,311.0
1247682,0.0
1304450,0.0
1196458,0.0
1157252,311.0
1299746,311.0
1336037,311.0
1122743,0.0
1445716,0.0
1338896,0.0
1272933,311.0
1455058,311.0
1004938,311.0
1336737,0.0
1453619,0.0
1453388,311.0
1415166,311.0
1095178,311.0
1185761,311.0
1065427,311.0
1158519,311.0
1454709,0.0
1244297,311.0
1421956,311.0
1444887,311.0
1393415,311.0
1188398,311.0
1349856,311.0
1275306,311.0
1181771,311.0
1473546,311.0
1220699,311.0
1163835,0.0
1077197,0.0
1078943,311.0
1141699,311.0
1431365,0.0
1323704,311.0
1144725,0.0
1251827,0.0
1035762,0.0
1120903,311.0
1137816,311.0
1051613,311.0
1067751,0.0
1252232,0.0
1237824,0.0
1281696,311.0
1458838,311.0
1196617,311.0
1202967,311.0
1486074,311.0
1109827,311.0
1148446,0.0
1089612,0.0
1091853,0.0
1474470,311.0
1161356,311.0
1182360,311.0
1144385,311.0
1300003,0.0
1025058,311.0
1267543,311.0
1064112,311.0
1429670,311.0
1234570,311.0
1208998,311.0
1168162,311.0
1272298,311.0
1306135,311.0
1224760,0.0
1178379,0.0
1001682,0.0
1226758,311.0
1156896,311.0
1409965,311.0
1085877,0.0
1435973,0.0
1420872,0.0
1357911,0.0
1381530,0.0
1244720,0.0
1408421,0.0
1030388,0.0
1142936,0.0
1029029,311.0
1241621,0.0
1108100,311.0
1341505,311.0
1146546,311.0
1228717,311.0
1300602,0.0
1412835,0.0
1035112,0.0
1482787,311.0
1260742,311.0
1150221,0.0
1233965,0.0
1001960,0.0
1232649,311.0
1438231,311.0
1214818,311.0
1293933,311.0
1338782,311.0
1245831,311.0
1113366,311.0
1064876,311.0
1393509,311.0
1351558,311.0
1294647,311.0
1138065,0.0
1217089,0.0
1298211,311.0
1270301,311.0
1233935,311.0
1402841,311.0
1167747,0.0
1472216,0.0
1081681,0.0
1373773,311.0
1254793,311.0
1200397,0.0
1057243,0.0
1004840,0.0
1369700,311.0
1447326,311.0
1205205,311.0
1320421,311.0
1248311,311.0
1221841,311.0
1207153,311.0
1078593,311.0
1258579,0.0
1271523,311.0
1430507,311.0
1172071,311.0
1366224,311.0
1326194,311.0
1321713,311.0
1146830,311.0
1183728,0.0
1241401,311.0
1105062,311.0
1365486,311.0
1405527,311.0
1196339,0.0
1124619,311.0
1371814,311.0
1178892,311.0
1384956,311.0
1287737,311.0
1442657,311.0
1459362,311.0
1453914,311.0
1198977,311.0
1206990,311.0
1013394,311.0
1012461,0.0
1355967,0.0
1401298,0.0
1279289,311.0
1150568,311.0
1054094,311.0
1229774,0.0
1022036,0.0
1364365,0.0
1076235,311.0
1143542,311.0
1019852,311.0
1082297,0.0
1272303,0.0
1033177,0.0
1243977,311.0
1145076,311.0
1235244,311.0
1314294,311.0
1365195,311.0
1229625,311.0
1448117,311.0
1178515,0.0
1432714,0.0
1118544,0.0
1416590,311.0
1384503,311.0
1245702,311.0
1442280,311.0
1367431,311.0
1236347,311.0
1078323,311.0
1148984,311.0
1343302,0.0
1414288,311.0
1377256,311.0
1364788,311.0
1309897,311.0
1142412,311.0
1226780,311.0
1213361,311.0
1002890,311.0
1086028,311.0
1333390,311.0
1327142,0.0
1393728,0.0
1189658,0.0
1205070,311.0
1009043,311.0
1033147,311.0
1109999,0.0
1199684,0.0
1366158,0.0
1066120,311.0
1483400,311.0
1175832,311.0
1223412,0.0
1372987,0.0
1480786,0.0
1395859,311.0
1462952,311.0
1489537,311.0
1441614,0.0
1087963,0.0
1492687,0.0
1406914,311.0
1260976,311.0
1347680,0.0
1159794,0.0
1265893,0.0
1241569,311.0
1229122,311.0
1303406,311.0
1428532,311.0
1263274,0.0
1031078,0.0
1165481,311.0
1127930,311.0
1108613,311.0
1421424,0.0
1337287,0.0
1176152,0.0
1343801,0.0
1434553,0.0
1327498,311.0
1151084,0.0
1285260,311.0
1249009,311.0
1240396,311.0
1117959,311.0
1472988,311.0
1184246,311.0
1222113,311.0
1053161,311.0
1350644,0.0
1185453,0.0
1393875,0.0
1155630,311.0
1090332,0.0
1279092,311.0
1304158,0.0
1165089,0.0
1424073,0.0
1370272,311.0
1179367,311.0
1315916,311.0
1179049,0.0
1291763,0.0
1395897,0.0
1274992,311.0
1486982,311.0
1437992,311.0
1030881,0.0
1449932,0.0
1374934,0.0
1221819,311.0
1018876,311.0
1386370,311.0
1032299,0.0
1150157,0.0
1032558,0.0
1091280,311.0
1090320,311.0
1215092,311.0
1441270,311.0
1065825,311.0
1496861,0.0
1220695,0.0
1118499,311.0
1277788,0.0
1028415,0.0
1058377,0.0
1058203,311.0
1451083,311.0
1083836,311.0
1013490,0.0
1287375,311.0
1405566,311.0
1056626,311.0
1388386,311.0
1373254,311.0
1484423,311.0
1258533,311.0
1114965,311.0
1075058,0.0
1323949,0.0
1408074,0.0
1250534,311.0
1444561,0.0
1342935,311.0
1025464,0.0
1074066,0.0
1273706,0.0
1203492,311.0
1408921,311.0
1221151,311.0
1450019,0.0
1371024,0.0
1044231,0.0
1346629,311.0
1152949,311.0
1474865,0.0
1191446,311.0
1175109,311.0
1014725,311.0
1175207,311.0
1060235,0.0
1051619,311.0
1161743,0.0
1084551,311.0
1228342,311.0
1148724,311.0
1436823,0.0
1294764,311.0
1238365,311.0
1132553,311.0
1110389,311.0
1179414,311.0
1379585,311.0
1103117,311.0
1174564,311.0
1019750,0.0
1467189,0.0
1083326,311.0
1060989,311.0
1031082,311.0
1330372,311.0
1415361,0.0
1405041,0.0
1277919,0.0
1179936,311.0
1122653,311.0
1126746,0.0
1286535,0.0
1075135,0.0
1191038,311.0
1051743,311.0
1412947,311.0
1386138,311.0
1183542,311.0
1253731,0.0
1388765,0.0
1316517,0.0
1447951,311.0
1029430,311.0
1167708,311.0
1008958,0.0
1247967,0.0
1203050,311.0
1117272,311.0
1164049,311.0
1309077,311.0
1152692,311.0
1304019,311.0
1102018,311.0
1392035,311.0
1108262,311.0
1286209,311.0
1079439,311.0
1094768,0.0
1425078,311.0
1007209,311.0
1226604,311.0
1039007,311.0
1029038,0.0
1068960,311.0
1113318,311.0
1185029,311.0
1198442,311.0
1287231,0.0
1011881,311.0
1232434,0.0
1495173,311.0
1059960,311.0
1313421,0.0
1428766,311.0
1010331,311.0
1412109,311.0
1423216,311.0
1383534,311.0
1389117,311.0
1105799,311.0
1439341,311.0
1081423,311.0
1286540,311.0
1112602,311.0
1274554,311.0
1221456,311.0
1328835,0.0
1131459,0.0
1096610,0.0
1262092,311.0
1127666,311.0
1115978,311.0
1095368,0.0
1033758,0.0
1359792,0.0
1112398,311.0
1239082,311.0
1251424,311.0
1333514,0.0
1037582,0.0
1117072,0.0
1088111,311.0
1436892,311.0
1304104,311.0
1447677,0.0
1277532,0.0
1014950,311.0
1287716,311.0
1087842,0.0
1288985,0.0
1258199,311.0
1459135,311.0
1208631,311.0
1418302,311.0
1167549,311.0
1442242,311.0
1306774,311.0
1468273,311.0
1407633,311.0
1235156,311.0
1486929,0.0
1344920,0.0
1051981,0.0
1249185,311.0
1491536,311.0
1149962,311.0
1345579,311.0
1444631,311.0
1220238,311.0
1035004,311.0
1151818,311.0
1079774,311.0
1348908,311.0
1301239,311.0
1165312,0.0
1107240,0.0
1075276,311.0
1425377,311.0
1361060,311.0
1174386,311.0
1385420,0.0
1087440,0.0
1093409,311.0
1428145,311.0
1316942,311.0
1209794,311.0
1206396,0.0
1015193,0.0
1391402,0.0
1376423,311.0
1235519,311.0
1193174,311.0
1043312,311.0
1281035,311.0
1311326,0.0
1044397,0.0
1243253,0.0
1440334,311.0
1118156,311.0
1352707,311.0
1424787,311.0
1045222,311.0
1368447,0.0
1400203,311.0
1438927,311.0
1070475,311.0
1297117,0.0
1286904,311.0
1061984,311.0
1226060,311.0
1478109,311.0
1349761,311.0
1394329,311.0
1127659,311.0
1297146,311.0
1451772,311.0
1470662,311.0
1169852,0.0
1154015,0.0
1453206,0.0
1353248,311.0
1194111,311.0
1354008,311.0
1243256,0.0
1308796,0.0
1060557,0.0
1114607,311.0
1280829,311.0
1363865,311.0
1167634,0.0
1044391,0.0
1111828,0.0
1276735,311.0
1467304,311.0
1078445,311.0
1377809,0.0
1420293,311.0
1444603,311.0
1274531,311.0
1179843,311.0
1142629,0.0
1367832,0.0
1441005,0.0
1122374,311.0
1185511,311.0
1233708,0.0
1427047,0.0
1441170,311.0
1431518,311.0
1054223,311.0
1495200,311.0
1146335,0.0
1206301,0.0
1409480,311.0
1121979,311.0
1453325,0.0
1248345,0.0
1029671,311.0
1311954,311.0
1201289,311.0
1223150,311.0
1336467,311.0
1191177,311.0
1083550,311.0
1283359,311.0
1365978,0.0
1114886,311.0
1467615,311.0
1479779,311.0
1258801,311.0
1287867,311.0
1237737,311.0
1285268,0.0
1443123,0.0
1369157,311.0
1155410,311.0
1095804,0.0
1215216,0.0
1304127,0.0
1261101,0.0
1128126,311.0
1136502,311.0
1234971,311.0
1447907,0.0
1364763,311.0
1427813,311.0
1446359,311.0
1133369,311.0
1080009,0.0
1280020,311.0
1475697,0.0
1266036,311.0
1397921,311.0
1249113,311.0
1424908,311.0
1028250,0.0
1051747,311.0
1319798,311.0
1439914,311.0
1280466,311.0
1381451,311.0
1297352,311.0
1486121,311.0
1096847,311.0
1223786,311.0
1034228,311.0
1480622,311.0
1388877,311.0
1265643,0.0
1349938,0.0
1086855,311.0
1467572,311.0
1287120,311.0
1233056,311.0
1281373,0.0
1359692,0.0
1037344,311.0
1323752,311.0
1124524,311.0
1210842,0.0
1452815,0.0
1433742,0.0
1473807,311.0
1466241,311.0
1283499,311.0
1177655,0.0
1165860,0.0
1423393,0.0
1359559,311.0
1009910,311.0
1311852,311.0
1069980,0.0
1126737,0.0
1343858,0.0
1096127,311.0
1180122,311.0
1476984,311.0
1371198,311.0
1278606,0.0
1263980,0.0
1457860,311.0
1052867,311.0
1031655,311.0
1305800,0.0
1465418,311.0
1000119,311.0
1285974,311.0
1278915,311.0
1218127,311.0
1103679,311.0
1483536,311.0
1210680,0.0
1410454,0.0
1069802,311.0
1316041,311.0
1066872,311.0
1492890,311.0
1382675,0.0
1189808,0.0
1355233,0.0
1146613,0.0
1140422,0.0
1332326,0.0
1143142,0.0
1215064,0.0
1187193,0.0
1335910,311.0
1045845,311.0
1301699,311.0
1395269,311.0
1151954,311.0
1023979,0.0
1102244,0.0
1112950,0.0
1249463,311.0
1437490,311.0
1362996,311.0
1261591,311.0
1386312,311.0
1087412,311.0
1360278,311.0
1141438,311.0
1279045,311.0
1318675,311.0
1150418,311.0
1132502,311.0
1205741,311.0
1038747,311.0
1157526,311.0
1269099,311.0
1052017,0.0
1351714,0.0
1079368,0.0
1058360,0.0
1364127,0.0
1437934,0.0
1292983,0.0
1486011,0.0
1099221,0.0
1099528,311.0
1092985,0.0
1066687,0.0
1058556,0.0
1229539,0.0
1149272,0.0
1277023,311.0
1232348,311.0
1240251,311.0
1082662,0.0
1052320,0.0
1447264,0.0
1281392,0.0
1189762,311.0
1216663,311.0
1297480,0.0
1147532,0.0
1132317,0.0
1067370,311.0
1158868,311.0
1396660,311.0
1177651,0.0
1017711,0.0
1430253,0.0
1366211,311.0
1489348,311.0
1134692,311.0
1088551,311.0
1400933,0.0
1077544,0.0
1329046,0.0
1054376,0.0
1041761,0.0
1286192,0.0
1237636,311.0
1207260,311.0
1040659,0.0
1398440,0.0
1214968,311.0
1465365,311.0
1173359,311.0
1238143,311.0
1389027,0.0
1438706,0.0
1304503,0.0
1294685,311.0
1356431,311.0
1028461,0.0
1463605,0.0
1049233,0.0
1288867,0.0
1353480,311.0
1472800,311.0
1063313,0.0
1239916,0.0
1067887,0.0
1110530,311.0
1205668,311.0
1382956,311.0
1305198,311.0
1222096,311.0
1053275,311.0
1303892,0.0
1366790,0.0
1131553,0.0
1071864,311.0
1166942,311.0
1386720,311.0
1402512,311.0
1218776,311.0
1268696,311.0
1485716,311.0
1361772,311.0
1144924,0.0
1011507,0.0
1300533,311.0
1144255,311.0
1253465,311.0
1140398,311.0
1268737,311.0
1008654,311.0
1079479,311.0
1041893,311.0
1002198,311.0
1324576,0.0
1164908,0.0
1487402,0.0
1298831,311.0
1462554,311.0
1065645,311.0
1352126,0.0
1319141,0.0
1266277,0.0
1086088,311.0
1180004,311.0
1428749,311.0
1031143,0.0
1034621,0.0
1111734,0.0
1151385,311.0
1390101,311.0
1422296,311.0
1129020,311.0
1012264,311.0
1336097,0.0
1316018,0.0
1043916,311.0
1154721,311.0
1446239,311.0
1177218,311.0
1249354,311.0
1336425,0.0
1057468,311.0
1307655,311.0
1066019,311.0
1378906,311.0
1387452,311.0
1062163,0.0
1244888,311.0
1259215,311.0
1208083,0.0
1100203,311.0
1131297,311.0
1467641,311.0
1299994,311.0
1155055,311.0
1000105,311.0
1025335,311.0
1349929,0.0
1185779,0.0
1046382,0.0
1025866,311.0
1031599,311.0
1060085,311.0
1287542,0.0
1308085,0.0
1267877,0.0
1278982,0.0
1291901,311.0
1073276,311.0
1142781,0.0
1079855,0.0
1356616,0.0
1187865,311.0
1056121,311.0
1242035,311.0
1078995,0.0
1333324,0.0
1068853,311.0
1367348,311.0
1404802,311.0
1491605,311.0
1468486,0.0
1053955,0.0
1123692,0.0
1350493,311.0
1291172,311.0
1357847,311.0
1266608,0.0
1412748,0.0
1377611,0.0
1451180,311.0
1306218,0.0
1144384,311.0
1245740,311.0
1149171,0.0
1083487,0.0
1362249,311.0
1202324,0.0
1110233,0.0
1031442,311.0
1222650,311.0
1248715,311.0
1118461,311.0
1231774,311.0
1035138,311.0
1450335,311.0
1397885,311.0
1486028,0.0
1213389,0.0
1055966,0.0
1444377,311.0
1177300,311.0
1380652,311.0
1098169,0.0
1210151,0.0
1275715,0.0
1212725,0.0
1292414,0.0
1169301,0.0
1426674,0.0
1047310,0.0
1121467,0.0
1086610,311.0
1440438,311.0
1072222,311.0
1416370,311.0
1456294,0.0
1330934,0.0
1311030,311.0
1474006,311.0
1033993,311.0
1052133,0.0
1404698,0.0
1194956,0.0
1270770,311.0
1013434,311.0
1040462,311.0
1369168,311.0
1117429,0.0
1339008,0.0
1449755,0.0
1336558,311.0
1369059,311.0
1419513,311.0
1295497,311.0
1495193,311.0
1009387,311.0
1489542,311.0
1442804,311.0
1332189,311.0
1499518,311.0
1379662,311.0
1468175,0.0
1052376,311.0
1130535,311.0
1180055,311.0
1030286,311.0
1227742,311.0
1167629,311.0
1469431,0.0
1390427,0.0
1401174,0.0
1394966,0.0
1161844,0.0
1345514,0.0
1211349,0.0
1247038,0.0
1343032,311.0
1391420,311.0
1275184,311.0
1251536,311.0
1325298,0.0
1465194,0.0
1232785,0.0
1122843,311.0
1003413,311.0
1207858,0.0
1283777,311.0
1476365,311.0
1419230,311.0
1116062,311.0
1164662,311.0
1074978,311.0
1089445,311.0
1499504,311.0
1023661,311.0
1094690,0.0
1480916,0.0
1082120,311.0
1370405,311.0
1381638,311.0
1268097,0.0
1343145,0.0
1096442,0.0
1451556,311.0
1010218,0.0
1366713,311.0
1058122,0.0
1319974,0.0
1360289,0.0
1398540,311.0
1189023,311.0
1402888,311.0
1483429,311.0
1349515,311.0
1458343,0.0
1222330,0.0
1497052,0.0
1195504,311.0
1262825,311.0
1007957,311.0
1180672,311.0
1391916,311.0
1387003,311.0
1227588,311.0
1019300,311.0
1445161,311.0
1496802,311.0
1223894,311.0
1393921,311.0
1319382,311.0
1275605,311.0
1404071,311.0
1338733,0.0
1418346,0.0
1209298,0.0
1389663,311.0
1332257,311.0
1144509,311.0
1256024,0.0
1331367,0.0
1004578,0.0
1346606,0.0
1200413,0.0
1332431,0.0
1133666,0.0
1259331,0.0
1095638,0.0
1049770,311.0
1006149,311.0
1104854,311.0
1159662,0.0
1157559,0.0
1209556,311.0
1086282,311.0
1349724,311.0
1250084,0.0
1320497,0.0
1248373,0.0
1279339,311.0
1359744,311.0
1262299,0.0
1376287,0.0
1338544,311.0
1425455,311.0
1459453,311.0
1232796,311.0
1434549,311.0
1067348,311.0
1274821,311.0
1058362,311.0
1472460,311.0
1210078,311.0
1218897,311.0
1038791,0.0
1021993,0.0
1188905,0.0
1212228,311.0
1168918,311.0
1144232,311.0
1115180,0.0
1031803,0.0
1152573,0.0
1091471,311.0
1388976,311.0
1381358,0.0
1130619,0.0
1139577,0.0
1326969,0.0
1384889,311.0
1232549,311.0
1216944,0.0
1145467,0.0
1245225,0.0
1268061,311.0
1108169,311.0
1270179,311.0
1077955,0.0
1358943,0.0
1181871,311.0
1346636,311.0
1280906,311.0
1432772,311.0
1050289,311.0
1015088,311.0
1406512,311.0
1452410,311.0
1345120,311.0
1492039,311.0
1135545,311.0
1095231,0.0
1052061,0.0
1180965,311.0
1415441,311.0
1181335,311.0
1108509,311.0
1185994,311.0
1050693,311.0
1088772,311.0
1177684,311.0
1447902,311.0
1119531,311.0
1137260,311.0
1171690,311.0
1349640,0.0
1013001,0.0
1085396,0.0
1210473,311.0
1383428,311.0
1420224,311.0
1436586,0.0
1411161,0.0
1242304,0.0
1271724,311.0
1066734,311.0
1389761,311.0
1007829,0.0
1358951,0.0
1366689,0.0
1411916,311.0
1448616,311.0
1498333,311.0
1162719,311.0
1021598,311.0
1034912,311.0
1039898,311.0
1004559,311.0
1361824,0.0
1413681,0.0
1253275,311.0
1120019,311.0
1428931,311.0
1393220,311.0
1189592,311.0
1304893,0.0
1196547,311.0
1234362,311.0
1096408,311.0
1015877,311.0
1452142,0.0
1317910,311.0
1014438,311.0
1151863,311.0
1245920,0.0
1405401,311.0
1271433,311.0
1189202,311.0
1152407,311.0
1086170,311.0
1082523,311.0
1446998,311.0
1433590,311.0
1031471,0.0
1404058,0.0
1419372,0.0
1464863,311.0
1041129,311.0
1089153,311.0
1403041,0.0
1446499,0.0
1279331,0.0
1368546,311.0
1389405,311.0
1081122,311.0
1158128,0.0
1345826,0.0
1392817,0.0
1432390,311.0
1360123,311.0
1207971,311.0
1318026,311.0
1017200,311.0
1001837,311.0
1068162,0.0
1268993,0.0
1331710,0.0
1393810,311.0
1299363,311.0
1295451,311.0
1290936,311.0
1100322,0.0
1053078,311.0
1446887,311.0
1489133,311.0
1222642,0.0
1185374,0.0
1188655,311.0
1219979,311.0
1130670,311.0
1124601,311.0
1458686,311.0
1248048,311.0
1474450,311.0
1427746,311.0
1346290,311.0
1204575,311.0
1483269,311.0
1214130,311.0
1347952,0.0
1463410,311.0
1119490,311.0
1284206,311.0
1257317,311.0
1079666,0.0
1170512,0.0
1208467,0.0
1466198,0.0
1270068,311.0
1417092,311.0
1302292,0.0
1255787,0.0
1483725,0.0
1306889,311.0
1474997,311.0
1164216,311.0
1377872,0.0
1054478,0.0
1104736,0.0
1473421,311.0
1422919,311.0
1044743,311.0
1049667,0.0
1214145,0.0
1290504,0.0
1114571,311.0
1413083,311.0
1235782,311.0
1438802,0.0
1176285,0.0
1430576,0.0
1123997,311.0
1198524,311.0
1195152,0.0
1249481,311.0
1317440,311.0
1047777,311.0
1187505,311.0
1021611,311.0
1337388,311.0
1039778,311.0
1252627,311.0
1354719,0.0
1381352,0.0
1430679,0.0
1161082,311.0
1213511,311.0
1055182,311.0
1040633,0.0
1346803,0.0
1259804,0.0
1112317,311.0
1489069,311.0
1349919,311.0
1487539,0.0
1426307,0.0
1114271,0.0
1007918,311.0
1013318,311.0
1166543,311.0
1410365,0.0
1062577,0.0
1051401,0.0
1364228,311.0
1438085,311.0
1076982,311.0
1479459,0.0
1170712,0.0
1460894,0.0
1311386,311.0
1436420,311.0
1436746,311.0
1225685,311.0
1128539,0.0
1185698,0.0
1365509,0.0
1281758,0.0
1395999,311.0
1241768,311.0
1046319,0.0
1076695,0.0
1078579,311.0
1195817,311.0
1273884,0.0
1039589,311.0
1281969,311.0
1340721,311.0
1202035,311.0
1442844,311.0
1204846,311.0
1428028,311.0
1102785,311.0
1478615,0.0
1429643,0.0
1436356,0.0
1221917,311.0
1006261,311.0
1436526,311.0
1435423,0.0
1105663,0.0
1288768,0.0
1236590,311.0
1038286,311.0
1348063,311.0
1254383,0.0
1465908,0.0
1193244,0.0
1139130,311.0
1287019,311.0
1045716,311.0
1124713,0.0
1492002,0.0
1074491,311.0
1126741,311.0
1443689,311.0
1428574,0.0
1230706,0.0
1244397,0.0
1400135,311.0
1123096,311.0
1462006,311.0
1396409,311.0
1112056,0.0
1201241,311.0
1215173,0.0
1323732,0.0
1063594,311.0
1063009,311.0
1487985,311.0
1206972,311.0
1074677,311.0
1347976,311.0
1120911,311.0
1230213,0.0
1412241,311.0
1199853,311.0
1126038,311.0
1065218,0.0
1407227,0.0
1195857,0.0
1064848,311.0
1347932,311.0
1006934,311.0
1415546,0.0
1436167,0.0
1155840,311.0
1312853,311.0
1341473,311.0
1210234,311.0
1420426,311.0
1264068,0.0
1160231,0.0
1271169,311.0
1343779,311.0
1392612,311.0
1460115,311.0
1209508,311.0
1308035,311.0
1051361,311.0
1394502,311.0
1002584,311.0
1256382,311.0
1116102,311.0
1439873,311.0
1327818,311.0
1053247,311.0
1240755,311.0
1323007,311.0
1159217,311.0
1297121,311.0
1251244,311.0
1166952,311.0
1110279,311.0
1479251,311.0
1065455,311.0
1345832,311.0
1112122,311.0
1177948,311.0
1296522,311.0
1192681,311.0
1098695,311.0
1141921,311.0
1039561,311.0
1355647,311.0
1401737,311.0
1122214,311.0
1297460,311.0
1311455,311.0
1224680,311.0
1376192,311.0
1295323,311.0
1369118,311.0
1022614,311.0
1273467,311.0
1070150,311.0
1264565,311.0
1494909,311.0
1456589,311.0
1300093,311.0
1264244,311.0
1036623,311.0
1370665,311.0
1073776,311.0
1280462,311.0
1070455,311.0
1286196,311.0
1101505,311.0
1493032,311.0
1337248,311.0
1342588,311.0
1403685,311.0
1489882,311.0
1286032,311.0
1211075,311.0
1026057,311.0
1064602,0.0
1353965,0.0
1386866,0.0
1160326,311.0
1148469,311.0
1132573,0.0
1187850,0.0
1042794,0.0
1344308,311.0
1435741,311.0
1376274,0.0
1004231,0.0
1375428,0.0
1199647,0.0
1258593,311.0
1437106,311.0
1164714,311.0
1224157,0.0
1335725,0.0
1154647,311.0
1009205,311.0
1363194,311.0
1283426,0.0
1040538,0.0
1262515,0.0
1308549,311.0
1290578,311.0
1123768,311.0
1042657,0.0
1493836,0.0
1198936,311.0
1241905,311.0
1322681,311.0
1084980,311.0
1237375,0.0
1433203,0.0
1462240,311.0
1068496,311.0
1108927,311.0
1017569,0.0
1040287,311.0
1317606,311.0
1077866,311.0
1051554,311.0
1415325,311.0
1055592,311.0
1367086,311.0
1062437,0.0
1314739,0.0
1281487,0.0
1397451,311.0
1137571,0.0
1444927,311.0
1309062,0.0
1208174,0.0
1426728,0.0
1492697,0.0
1213366,0.0
1095300,0.0
1130546,0.0
1436318,0.0
1435826,0.0
1277555,311.0
1470434,311.0
1044776,311.0
1377517,311.0
1237424,0.0
1059397,0.0
1251007,311.0
1034410,311.0
1231783,311.0
1359714,0.0
1499444,0.0
1130159,0.0
1160666,311.0
1096428,311.0
1183244,0.0
1497213,0.0
1133933,0.0
1484931,311.0
1163656,311.0
1054238,311.0
1366429,0.0
1052440,0.0
1085386,0.0
1065786,311.0
1173024,311.0
1241367,311.0
1075922,311.0
1131198,311.0
1025817,311.0
1045739,0.0
1248427,0.0
1202630,311.0
1452148,311.0
1376464,311.0
1349681,311.0
1102915,311.0
1433582,0.0
1359440,0.0
1454430,0.0
1149507,0.0
1053941,311.0
1110939,0.0
1221336,0.0
1456565,0.0
1121108,311.0
1098671,311.0
1345677,311.0
1160411,311.0
1470231,0.0
1313922,0.0
1208175,311.0
1310176,311.0
1179458,311.0
1269200,0.0
1295030,0.0
1164729,0.0
1406814,311.0
1259984,311.0
1480971,0.0
1369433,0.0
1481945,311.0
1458526,311.0
1187631,311.0
1003496,311.0
1094142,0.0
1247091,0.0
1234865,311.0
1168628,311.0
1419823,311.0
1439166,311.0
1385699,311.0
1106938,311.0
1319273,0.0
1108592,0.0
1352123,0.0
1115675,311.0
1423330,0.0
1466429,311.0
1403820,0.0
1034753,0.0
1029946,0.0
1221080,311.0
1031048,311.0
1206298,311.0
1167256,0.0
1122935,0.0
1494822,0.0
1472817,311.0
1219683,311.0
1019816,311.0
1290506,0.0
1205948,0.0
1494544,0.0
1139910,311.0
1145773,311.0
1364143,311.0
1035021,0.0
1179879,0.0
1256351,0.0
1341899,311.0
1196209,311.0
1403548,311.0
1021163,0.0
1240555,0.0
1198318,0.0
1115576,311.0
1192089,311.0
1071064,311.0
1173754,0.0
1271551,0.0
1065067,0.0
1137709,0.0
1276382,0.0
1263231,0.0
1456061,0.0
1207945,311.0
1162708,311.0
1418928,311.0
1068894,311.0
1304937,0.0
1409355,311.0
1099728,311.0
1457969,311.0
1029462,0.0
1472551,0.0
1033848,311.0
1453084,311.0
1312690,311.0
1122710,0.0
1126546,0.0
1459930,0.0
1348574,311.0
1191403,311.0
1006930,0.0
1073869,0.0
1256986,0.0
1003790,0.0
1440509,311.0
1357988,0.0
1195872,0.0
1389720,311.0
1204827,311.0
1424127,0.0
1275924,0.0
1259126,311.0
1200350,311.0
1214706,311.0
1192004,311.0
1342075,311.0
1301366,0.0
1107583,0.0
1044020,311.0
1079356,311.0
1130825,311.0
1256962,0.0
1016138,0.0
1472749,311.0
1169405,311.0
1159026,311.0
1031233,311.0
1107474,311.0
1411938,311.0
1037033,311.0
1417616,311.0
1222062,311.0
1001298,311.0
1066766,311.0
1094571,311.0
1244760,0.0
1333985,0.0
1209429,0.0
1226436,311.0
1425154,0.0
1311629,311.0
1144183,0.0
1429715,0.0
1208466,0.0
1111558,311.0
1152967,311.0
1065384,311.0
1068449,0.0
1113889,0.0
1257290,0.0
1425475,311.0
1451729,311.0
1345965,311.0
1328020,0.0
1242837,0.0
1166830,0.0
1099026,311.0
1061158,311.0
1075796,311.0
1225695,0.0
1250311,0.0
1488938,311.0
1180576,311.0
1407193,311.0
1310002,311.0
1483754,0.0
1403428,0.0
1119464,0.0
1070992,311.0
1253791,311.0
1351968,311.0
1370126,0.0
1141879,0.0
1109924,0.0
1178105,311.0
1361418,311.0
1225914,311.0
1072061,0.0
1148318,311.0
1210725,311.0
1316042,311.0
1405337,311.0
1227075,311.0
1488310,311.0
1267286,311.0
1394596,311.0
1434331,0.0
1171798,311.0
1499724,311.0
1238128,311.0
1303822,311.0
1435944,0.0
1413796,0.0
1353151,0.0
1470758,0.0
1055665,0.0
1379504,0.0
1055047,0.0
1097126,0.0
1036089,0.0
1231013,311.0
1185115,311.0
1265509,311.0
1051775,311.0
1309244,0.0
1124451,0.0
1045993,311.0
1048036,311.0
1180259,0.0
1127856,0.0
1338781,0.0
1406741,311.0
1270213,311.0
1391432,0.0
1338985,0.0
1444583,0.0
1096103,311.0
1041898,311.0
1320374,311.0
1145189,311.0
1013702,311.0
1127530,311.0
1344951,311.0
1359741,311.0
1143761,311.0
1107783,311.0
1204894,311.0
1119851,311.0
1411863,0.0
1109365,0.0
1023254,311.0
1049722,311.0
1472117,0.0
1079503,0.0
1132971,0.0
1424798,0.0
1463339,311.0
1349534,311.0
1246934,0.0
1372989,0.0
1433325,0.0
1374574,311.0
1166069,311.0
1356561,0.0
1006332,311.0
1080246,311.0
1001640,311.0
1306327,311.0
1334645,311.0
1103072,0.0
1019198,0.0
1387955,311.0
1285096,311.0
1178953,311.0
1327758,0.0
1442249,311.0
1474801,311.0
1185326,311.0
1456287,311.0
1418907,311.0
1076446,311.0
1335270,311.0
1183823,311.0
1404113,311.0
1222710,311.0
1079833,311.0
1104304,311.0
1033468,311.0
1252992,0.0
1105979,0.0
1002568,311.0
1440560,311.0
1309705,311.0
1476514,0.0
1259771,0.0
1111871,0.0
1433375,0.0
1199447,311.0
1113838,311.0
1230996,0.0
1303454,0.0
1097156,0.0
1056173,311.0
1198565,311.0
1489660,311.0
1173954,0.0
1041203,0.0
1043060,0.0
1495717,311.0
1076108,311.0
1411915,311.0
1428524,0.0
1089951,0.0
1010515,0.0
1203271,311.0
1453928,311.0
1151268,311.0
1068951,0.0
1369718,0.0
1091017,0.0
1203897,311.0
1286862,311.0
1195043,311.0
1439742,0.0
1291300,0.0
1178037,0.0
1023669,0.0
1048200,311.0
1133637,311.0
1482215,311.0
1298145,311.0
1123307,311.0
1245183,311.0
1116213,311.0
1495219,311.0
1320236,311.0
1427938,311.0
1059972,311.0
1438573,0.0
1114784,0.0
1187973,105.4973648699843
1462124,311.0
1151450,311.0
1027884,0.0
1042038,0.0
1216683,0.0
1405703,0.0
1487930,311.0
1198172,311.0
1150785,311.0
1184753,0.0
1073671,0.0
1441244,311.0
1408360,311.0
1400061,311.0
1373267,0.0
1070795,311.0
1443342,311.0
1274489,311.0
1155200,311.0
1438279,311.0
1240169,311.0
1439950,311.0
1108978,311.0
1373622,311.0
1184062,311.0
1087129,311.0
1124103,311.0
1170492,311.0
1035358,311.0
1087749,0.0
1102820,0.0
1158437,0.0
1394740,0.0
1240884,0.0
1178760,311.0
1421019,0.0
1348128,0.0
1366149,0.0
1242141,311.0
1272003,311.0
1115507,311.0
1142943,0.0
1344252,0.0
1106883,311.0
1051057,311.0
1312752,311.0
1368420,311.0
1419755,311.0
1323227,0.0
1371081,311.0
1195197,311.0
1289562,311.0
1218415,311.0
1161177,311.0
1241146,311.0
1040244,311.0
1112492,311.0
1462810,311.0
1155368,311.0
1088775,0.0
1180610,0.0
1004376,0.0
1347755,311.0
1221280,311.0
1071175,311.0
1017674,0.0
1349547,0.0
1469809,0.0
1112827,311.0
1427859,311.0
1201215,311.0
1387604,0.0
1447167,0.0
1163414,0.0
1063388,311.0
1027602,311.0
1248223,311.0
1043945,0.0
1018609,311.0
1402783,311.0
1144711,311.0
1165133,311.0
1157864,0.0
1158723,0.0
1371967,0.0
1484515,311.0
1403718,311.0
1335135,0.0
1459471,0.0
1470572,0.0
1076650,311.0
1042531,0.0
1065297,311.0
1402946,0.0
1445860,0.0
1309288,0.0
1340685,311.0
1175433,311.0
1012081,311.0
1018456,0.0
1057303,311.0
1080644,311.0
1402350,311.0
1170609,311.0
1139792,311.0
1040547,311.0
1477002,311.0
1417996,0.0
1194929,0.0
1248088,0.0
1378461,311.0
1107124,311.0
1156793,0.0
1431686,0.0
1035108,0.0
1452533,311.0
1403241,311.0
1328803,311.0
1407650,0.0
1344744,0.0
1227764,0.0
1396476,311.0
1013774,311.0
1349648,311.0
1114022,311.0
1075237,311.0
1467100,0.0
1055368,0.0
1263571,0.0
1296593,311.0
1441634,311.0
1447046,311.0
1423212,311.0
1257511,311.0
1023518,311.0
1040360,311.0
1093150,0.0
1449241,311.0
1127853,0.0
1216929,311.0
1198481,311.0
1297015,311.0
1478926,311.0
1267173,311.0
1010715,311.0
1051153,311.0
1121717,311.0
1283901,311.0
1157822,311.0
1196384,0.0
1186113,0.0
1397319,311.0
1070135,311.0
1243150,311.0
1141894,311.0
1119592,311.0
1355543,0.0
1466185,0.0
1369479,311.0
1002219,311.0
1065122,311.0
1355774,0.0
1034449,0.0
1298800,0.0
1168048,311.0
1487535,311.0
1013139,311.0
1148419,0.0
1430932,0.0
1212520,0.0
1242479,311.0
1376197,311.0
1162830,311.0
1364844,0.0
1144242,0.0
1095968,0.0
1432738,311.0
1161807,311.0
1188656,0.0
1317286,0.0
1021595,311.0
1267460,311.0
1426163,311.0
1325488,311.0
1360973,311.0
1315155,311.0
1269059,311.0
1490516,311.0
1080973,311.0
1190162,311.0
1339318,311.0
1288832,311.0
1295195,0.0
1158135,0.0
1065978,0.0
1434129,311.0
1073284,311.0
1299247,311.0
1351771,0.0
1074640,0.0
1479465,0.0
1489347,0.0
1181166,0.0
1202899,0.0
1045208,0.0
1102611,0.0
1387920,0.0
1179968,311.0
1331102,311.0
1479186,0.0
1481499,0.0
1115642,0.0
1049247,311.0
1306038,311.0
1095596,311.0
1016502,0.0
1132512,0.0
1154248,0.0
1402507,311.0
1130490,311.0
1034827,311.0
1050303,0.0
1462532,0.0
1322647,0.0
1452624,0.0
1462600,311.0
1430777,0.0
1245813,311.0
1115240,311.0
1032047,311.0
1008796,311.0
1178964,311.0
1299848,311.0
1254741,311.0
1135400,311.0
1319687,311.0
1390606,0.0
1443225,0.0
1153270,311.0
1342968,311.0
1254768,311.0
1113748,311.0
1181440,311.0
1118245,0.0
1035476,0.0
1013138,311.0
1370975,311.0
1112604,311.0
1497422,0.0
1165214,0.0
1377941,0.0
1240800,311.0
1386829,311.0
1237087,311.0
1217868,311.0
1292980,311.0
1122637,311.0
1376752,0.0
1229220,0.0
1193421,311.0
1383125,311.0
1169578,311.0
1281507,0.0
1461952,311.0
1415989,311.0
1276319,311.0
1440217,311.0
1022493,311.0
1300917,311.0
1193727,311.0
1402486,311.0
1136905,311.0
1499372,311.0
1109225,311.0
1350713,311.0
1355088,0.0
1138222,0.0
1385476,0.0
1398591,311.0
1300896,0.0
1162031,0.0
1277815,0.0
1362188,311.0
1362254,311.0
1274284,311.0
1178264,0.0
1091379,0.0
1041602,0.0
1028066,311.0
1013847,311.0
1372516,0.0
1280063,0.0
1108464,0.0
1130725,311.0
1268768,311.0
1490016,311.0
1347411,0.0
1171863,0.0
1434725,0.0
1335442,311.0
1496650,311.0
1306499,311.0
1351858,311.0
1438518,0.0
1446150,311.0
1412369,311.0
1022628,311.0
1191341,311.0
1232719,0.0
1114376,0.0
1028985,0.0
1147013,311.0
1181119,311.0
1071327,311.0
1460463,0.0
1031315,311.0
1312685,311.0
1232285,311.0
1101299,311.0
1014795,311.0
1067057,311.0
1422192,311.0
1272721,311.0
1137357,0.0
1467695,0.0
1069575,0.0
1160879,311.0
1495109,311.0
1161253,311.0
1483609,0.0
1045099,0.0
1164413,0.0
1038291,0.0
1266238,311.0
1237923,311.0
1149195,0.0
1475934,0.0
1479609,0.0
1376770,311.0
1493195,311.0
1354760,0.0
1349895,311.0
1122970,311.0
1030480,311.0
1349078,311.0
1304303,0.0
1233427,0.0
1170183,0.0
1330894,311.0
1135861,311.0
1097976,311.0
1189946,311.0
1254653,311.0
1076146,311.0
1133854,311.0
1029733,311.0
1252838,311.0
1482077,311.0
1100816,0.0
1226702,0.0
1367646,311.0
1214264,311.0
1270356,311.0
1359586,311.0
1321874,0.0
1271568,311.0
1205338,311.0
1256154,311.0
1331634,311.0
1406428,311.0
1363192,311.0
1294110,311.0
1355035,0.0
1179175,0.0
1232535,0.0
1024745,311.0
1314199,311.0
1246353,311.0
1149555,0.0
1396135,0.0
1079551,0.0
1053202,0.0
1072177,0.0
1025739,0.0
1038618,0.0
1287323,0.0
1442692,0.0
1288843,311.0
1148186,311.0
1242462,311.0
1395800,311.0
1040709,0.0
1461640,0.0
1046363,311.0
1086057,311.0
1049890,311.0
1334924,0.0
1096318,0.0
1498269,0.0
1425062,311.0
1242346,0.0
1234773,0.0
1130917,0.0
1341706,0.0
1337776,311.0
1495700,311.0
1402640,0.0
1147717,311.0
1074836,0.0
1019957,311.0
1183904,311.0
1062706,311.0
1140872,311.0
1280927,311.0
1107079,311.0
1094469,0.0
1224648,0.0
1329069,311.0
1209615,311.0
1134462,311.0
1373589,311.0
1431663,0.0
1211468,0.0
1036586,0.0
1457291,0.0
1449226,311.0
1295444,0.0
1320860,0.0
1080195,0.0
1206927,0.0
1413962,311.0
1465742,311.0
1142485,311.0
1389582,311.0
1219033,311.0
1309985,0.0
1013207,0.0
1254585,0.0
1443503,311.0
1057520,0.0
1224403,0.0
1275191,311.0
1319481,311.0
1345883,311.0
1255434,311.0
1177914,311.0
1014131,311.0
1187833,311.0
1445028,311.0
1443519,311.0
1471250,311.0
1395007,311.0
1055248,311.0
1094576,311.0
1354825,0.0
1451735,311.0
1059843,311.0
1198932,311.0
1342721,311.0
1377975,311.0
1066650,311.0
1389377,311.0
1169870,311.0
1037756,311.0
1171909,311.0
1039265,311.0
1268871,311.0
1297532,311.0
1343822,311.0
1012465,0.0
1104045,311.0
1269118,311.0
1082751,311.0
1267215,311.0
1008110,311.0
1232056,311.0
1292674,311.0
1379099,311.0
1008574,311.0
1264193,311.0
1283225,311.0
1497243,311.0
1260622,311.0
1339521,311.0
1494899,0.0
1090667,0.0
1439963,0.0
1446122,311.0
1085349,311.0
1418236,311.0
1057956,0.0
1434673,0.0
1203450,0.0
1089484,311.0
1381379,311.0
1226448,311.0
1467198,0.0
1253582,0.0
1165274,0.0
1226763,311.0
1163319,311.0
1315655,0.0
1240789,0.0
1100886,311.0
1376495,311.0
1011715,311.0
1090753,0.0
1178623,0.0
1352301,0.0
1477801,311.0
1208670,311.0
1257355,311.0
1135300,311.0
1004740,0.0
1306161,0.0
1201146,311.0
1034776,311.0
1370689,311.0
1262003,311.0
1378297,311.0
1368146,0.0
1068192,311.0
1463428,311.0
1173571,311.0
1455968,0.0
1191755,311.0
1150362,311.0
1070659,311.0
1224559,311.0
1493370,311.0
1392377,311.0
1056240,311.0
1014892,311.0
1251774,0.0
1487777,0.0
1249239,311.0
1478849,311.0
1376645,311.0
1345333,311.0
1224660,0.0
1232767,0.0
1009181,0.0
1126946,311.0
1355439,311.0
1006250,0.0
1176343,0.0
1463133,0.0
1144523,0.0
1499988,311.0
1498160,311.0
1257346,311.0
1485910,311.0
1451221,0.0
1387533,0.0
1157584,311.0
1413278,311.0
1333981,311.0
1085005,0.0
1054736,0.0
1104702,0.0
1381323,311.0
1344068,311.0
1052303,311.0
1018360,0.0
1306940,0.0
1300692,0.0
1171279,311.0
1438175,311.0
1173109,311.0
1337250,311.0
1056761,0.0
1135371,0.0
1378200,311.0
1272135,311.0
1054088,311.0
1344699,311.0
1206358,311.0
1323853,311.0
1101699,0.0
1266254,0.0
1242076,0.0
1415273,311.0
1268510,311.0
1256636,311.0
1410268,0.0
1108062,0.0
1497719,0.0
1106934,311.0
1033797,311.0
1041160,0.0
1126396,0.0
1242200,0.0
1306384,0.0
1058059,311.0
1089322,311.0
1446736,311.0
1001101,0.0
1122981,0.0
1078580,311.0
1175594,311.0
1205864,311.0
1316507,311.0
1482706,0.0
1046238,0.0
1020444,0.0
1338003,311.0
1399537,311.0
1002793,311.0
1466289,311.0
1013187,0.0
1322076,0.0
1161027,311.0
1349737,311.0
1291976,311.0
1007039,311.0
1258074,0.0
1415587,0.0
1484457,311.0
1005745,311.0
1377865,311.0
1457732,0.0
1179188,311.0
1327218,311.0
1202641,311.0
1106286,0.0
1175735,311.0
1138288,311.0
1476138,311.0
1454707,311.0
1039235,311.0
1068339,0.0
1092183,311.0
1324963,311.0
1257720,311.0
1076387,0.0
1209661,0.0
1208465,311.0
1111884,0.0
1454997,311.0
1050572,0.0
1467559,0.0
1214425,0.0
1162278,311.0
1248010,311.0
1376824,311.0
1398291,0.0
1085069,0.0
1122525,0.0
1075559,311.0
1344759,311.0
1212897,311.0
1418671,311.0
1271431,311.0
1287363,311.0
1064175,311.0
1125114,311.0
1472836,311.0
1013458,311.0
1391771,311.0
1331170,311.0
1242406,311.0
1105837,0.0
1211259,0.0
1164052,0.0
1274142,311.0
1356105,311.0
1088860,311.0
1129795,0.0
1493321,0.0
1161618,0.0
1212298,311.0
1135403,311.0
1435855,311.0
1212422,0.0
1412227,0.0
1128323,0.0
1357585,311.0
1266101,311.0
1306121,311.0
1415533,311.0
1292424,311.0
1376664,311.0
1253822,311.0
1355799,0.0
1408441,0.0
1390132,311.0
1118778,311.0
1373867,311.0
1321455,0.0
1162414,0.0
1275261,0.0
1164241,311.0
1422145,311.0
1119440,0.0
1173756,311.0
1154587,0.0
1123456,311.0
1008268,311.0
1219964,311.0
1461264,0.0
1146910,311.0
1110355,311.0
1411557,311.0
1055855,311.0
1043603,311.0
1264146,311.0
1033866,311.0
1209072,311.0
1060160,0.0
1352289,0.0
1172228,0.0
1395626,311.0
1455355,311.0
1055663,311.0
1287217,0.0
1088601,0.0
1278366,0.0
1026791,311.0
1036303,311.0
1254559,311.0
1427581,0.0
1394444,0.0
1263854,0.0
1051269,311.0
1308881,311.0
1073830,0.0
1405838,0.0
1183018,0.0
1040180,311.0
1458738,311.0
1248662,0.0
1022436,0.0
1187815,0.0
1256719,311.0
1333426,311.0
1228432,0.0
1282969,0.0
1400162,0.0
1059632,311.0
1031228,311.0
1254371,311.0
1409072,311.0
1070652,0.0
1367274,0.0
1248470,0.0
1152711,311.0
1233398,311.0
1160549,0.0
1448305,311.0
1128571,311.0
1454724,311.0
1403528,311.0
1489033,311.0
1162008,311.0
1469871,311.0
1065280,311.0
1416500,311.0
1295639,311.0
1322499,311.0
1450524,311.0
1203643,0.0
1239385,311.0
1127908,311.0
1445551,311.0
1101411,311.0
1076286,0.0
1170173,311.0
1065778,311.0
1282021,311.0
1369620,311.0
1064144,311.0
1499298,0.0
1410217,0.0
1460719,0.0
1369178,311.0
1102465,311.0
1491328,311.0
1331730,0.0
1401710,311.0
1036537,311.0
1340596,311.0
1140522,311.0
1198427,311.0
1041032,311.0
1252477,311.0
1091144,311.0
1377051,311.0
1027086,311.0
1035806,0.0
1243642,0.0
1314053,311.0
1320763,311.0
1006967,0.0
1267729,0.0
1477291,0.0
1368058,0.0
1324032,0.0
1197090,0.0
1208581,311.0
1081641,0.0
1253251,0.0
1317166,0.0
1059560,311.0
1334347,311.0
1294936,311.0
1066867,0.0
1380226,0.0
1020582,311.0
1226007,311.0
1008005,311.0
1394036,0.0
1058307,0.0
1128007,0.0
1005386,311.0
1192006,311.0
1275913,311.0
1384833,311.0
1117920,0.0
1034950,0.0
1013635,311.0
1055153,311.0
1266186,311.0
1421520,311.0
1293094,311.0
1424764,311.0
1142191,311.0
1178898,311.0
1357653,311.0
1363374,311.0
1363447,311.0
1473145,311.0
1452523,0.0
1100864,311.0
1397501,0.0
1208517,311.0
1139190,311.0
1132599,311.0
1146408,0.0
1210647,0.0
1381063,0.0
1429146,311.0
1216651,0.0
1403968,0.0
1067138,0.0
1465247,0.0
1344138,0.0
1032870,311.0
1025076,311.0
1448384,0.0
1398655,311.0
1411724,311.0
1143819,311.0
1090620,0.0
1200363,0.0
1108974,0.0
1160402,311.0
1212494,311.0
1142875,311.0
1040784,311.0
1063831,311.0
1103952,311.0
1194353,311.0
1102241,311.0
1191088,311.0
1220591,311.0
1259696,311.0
1136582,311.0
1155966,311.0
1073642,311.0
1309602,311.0
1078309,0.0
1164850,0.0
1221502,0.0
1009487,311.0
1376888,311.0
1485207,0.0
1014696,0.0
1383441,0.0
1371087,311.0
1476917,311.0
1276499,0.0
1446430,0.0
1229678,0.0
1009292,0.0
1001171,311.0
1137404,311.0
1375821,0.0
1062616,0.0
1079738,0.0
1290947,311.0
1013855,311.0
1154323,311.0
1395980,0.0
1441315,0.0
1019358,0.0
1092629,311.0
1145112,311.0
1445208,311.0
1261902,311.0
1302322,311.0
1370543,311.0
1265371,0.0
1127141,0.0
1490162,0.0
1060861,311.0
1023077,0.0
1484782,0.0
1262037,311.0
1098189,311.0
1325113,311.0
1497786,0.0
1073615,311.0
1236135,311.0
1340927,311.0
1159933,311.0
1156490,311.0
1457848,311.0
1495944,311.0
1392169,311.0
1455460,0.0
1140660,0.0
1322916,0.0
1218064,311.0
1220578,311.0
1216185,311.0
1020213,0.0
1053587,0.0
1434574,0.0
1232933,0.0
1247358,0.0
1240750,0.0
1083061,0.0
1306822,0.0
1212344,0.0
1020358,311.0
1175372,311.0
1063846,311.0
1176603,0.0
1208555,0.0
1215805,311.0
1330549,311.0
1373401,311.0
1167183,311.0
1465135,0.0
1426834,0.0
1026154,311.0
1099028,311.0
1462415,0.0
1441751,0.0
1383303,0.0
1206105,311.0
1073905,311.0
1492052,311.0
1455622,311.0
1240058,311.0
1186355,311.0
1020825,311.0
1364564,311.0
1029205,311.0
1478725,311.0
1188897,311.0
1285247,0.0
1474891,0.0
1027212,0.0
1147355,311.0
1455107,311.0
1367592,0.0
1351864,0.0
1117537,0.0
1268577,0.0
1272369,0.0
1022529,0.0
1407632,0.0
1476518,0.0
1310846,0.0
1401384,311.0
1334308,311.0
1216744,311.0
1411562,0.0
1361089,0.0
1266842,311.0
1197346,311.0
1408990,311.0
1173866,0.0
1197580,0.0
1482256,0.0
1469038,311.0
1265086,311.0
1435363,311.0
1098504,0.0
1470110,0.0
1014856,311.0
1304171,311.0
1169912,311.0
1169788,0.0
1305399,311.0
1297768,311.0
1447875,311.0
1061654,311.0
1288892,311.0
1370978,311.0
1018332,311.0
1482488,311.0
1226206,0.0
1359566,0.0
1122220,311.0
1361124,311.0
1485074,311.0
1055147,311.0
1332121,0.0
1254062,0.0
1005089,0.0
1013929,311.0
1485789,311.0
1173106,311.0
1173239,0.0
1106978,0.0
1264303,0.0
1295580,311.0
1059133,311.0
1253909,311.0
1441728,311.0
1435074,311.0
1209374,311.0
1070634,0.0
1384764,0.0
1109661,311.0
1260990,311.0
1495776,311.0
1361715,311.0
1367986,311.0
1339738,0.0
1168006,311.0
1127551,311.0
1145891,0.0
1245972,0.0
1156328,0.0
1167613,311.0
1251253,311.0
1089488,311.0
1442686,311.0
1122897,311.0
1191425,311.0
1451363,0.0
1017978,0.0
1329321,0.0
1246499,311.0
1128581,311.0
1304389,311.0
1293491,0.0
1378231,0.0
1070072,0.0
1150354,0.0
1039951,0.0
1333906,0.0
1131712,0.0
1453878,0.0
1068668,0.0
1493420,311.0
1028234,311.0
1386496,311.0
1042053,311.0
1196922,311.0
1040737,0.0
1065819,311.0
1025496,311.0
1266139,311.0
1140717,0.0
1429810,0.0
1278363,0.0
1365006,311.0
1486505,311.0
1233411,311.0
1174361,311.0
1345956,311.0
1487066,0.0
1412186,311.0
1079827,311.0
1050897,311.0
1234163,0.0
1304337,0.0
1087455,311.0
1071359,311.0
1172474,311.0
1218040,311.0
1364913,311.0
1421572,0.0
1165704,0.0
1332421,0.0
1041334,311.0
1077637,311.0
1332253,311.0
1189355,0.0
1314410,0.0
1288385,0.0
1146363,311.0
1446195,311.0
1428079,0.0
1000357,0.0
1148714,0.0
1494973,0.0
1422995,311.0
1369219,311.0
1203139,311.0
1381422,311.0
1217098,311.0
1039931,311.0
1281119,311.0
1076815,0.0
1024232,0.0
1462666,311.0
1278254,311.0
1297002,311.0
1054426,0.0
1331830,0.0
1242168,311.0
1184109,311.0
1340270,311.0
1269866,311.0
1043470,311.0
1425669,311.0
1188645,311.0
1425768,311.0
1031064,311.0
1049619,311.0
1442195,311.0
1486459,311.0
1342433,311.0
1199358,311.0
1026899,311.0
1140924,311.0
1163539,311.0
1437111,311.0
1463289,0.0
1332634,0.0
1023555,311.0
1228894,311.0
1100285,0.0
1478601,0.0
1323239,0.0
1354676,311.0
1194259,311.0
1318614,311.0
1191961,0.0
1122956,0.0
1081854,0.0
1175553,311.0
1204209,311.0
1077085,311.0
1380942,311.0
1426362,311.0
1209170,311.0
1092575,311.0
1169201,0.0
1203547,0.0
1165216,311.0
1003607,311.0
1362241,0.0
1035344,0.0
1245219,0.0
1169218,311.0
1289437,311.0
1429851,311.0
1125820,311.0
1365966,311.0
1238324,311.0
1468842,311.0
1006290,311.0
1318381,0.0
1005859,311.0
1461709,311.0
1288697,311.0
1286176,311.0
1070978,311.0
1105358,311.0
1100655,311.0
1352006,311.0
1058810,0.0
1086365,0.0
1029141,0.0
1269485,311.0
1459115,311.0
1473731,311.0
1372061,0.0
1207433,0.0
1107812,0.0
1194682,311.0
1196913,311.0
1006258,311.0
1266052,0.0
1127841,0.0
1250099,0.0
1414515,311.0
1333316,311.0
1351402,0.0
1276151,311.0
1146781,311.0
1192028,311.0
1309566,311.0
1317399,311.0
1125915,0.0
1226596,0.0
1275552,0.0
1213443,311.0
1097854,311.0
1245940,311.0
1416156,311.0
1421658,0.0
1163541,0.0
1057891,311.0
1295122,311.0
1150550,311.0
1249152,311.0
1071750,0.0
1021922,0.0
1005087,311.0
1480809,311.0
1027495,311.0
1380376,0.0
1028216,0.0
1308459,311.0
1217898,311.0
1359469,311.0
1471285,311.0
1094380,311.0
1464888,311.0
1251882,311.0
1242910,0.0
1081466,0.0
1018551,311.0
1304675,311.0
1032172,311.0
1270116,311.0
1110391,0.0
1442758,0.0
1484598,311.0
1219920,311.0
1383829,311.0
1453460,311.0
1495381,0.0
1130262,0.0
1497306,311.0
1180934,311.0
1333737,311.0
1159717,311.0
1345251,311.0
1098053,0.0
1398868,0.0
1179749,0.0
1278640,311.0
1223784,311.0
1107223,311.0
1421641,311.0
1339264,311.0
1449517,311.0
1042350,311.0
1198402,311.0
1480977,311.0
1098302,311.0
1023961,311.0
1429401,311.0
1344564,0.0
1133180,0.0
1089923,311.0
1097734,0.0
1330797,311.0
1008740,0.0
1411677,311.0
1125014,311.0
1081759,0.0
1159985,0.0
1035134,0.0
1262324,311.0
1403943,311.0
1265976,311.0
1277900,0.0
1178504,0.0
1213543,311.0
1201828,311.0
1389024,311.0
1384865,0.0
1429716,0.0
1146686,0.0
1399512,311.0
1030633,311.0
1138952,311.0
1230579,0.0
1389919,311.0
1420003,311.0
1160479,311.0
1043535,311.0
1083443,0.0
1212347,311.0
1390131,311.0
1354703,311.0
1489368,311.0
1295553,311.0
1119919,311.0
1132518,311.0
1244054,0.0
1203291,0.0
1217356,0.0
1473548,311.0
1478840,0.0
1491460,311.0
1025963,0.0
1125836,0.0
1327424,0.0
1032828,0.0
1068263,311.0
1141726,0.0
1478947,0.0
1240963,0.0
1090759,0.0
1038585,311.0
1420464,311.0
1254662,311.0
1363268,311.0
1061961,0.0
1440975,311.0
1116828,311.0
1202577,311.0
1474314,0.0
1043817,0.0
1058272,0.0
1366046,311.0
1170237,311.0
1085268,311.0
1056045,311.0
1213459,0.0
1382552,0.0
1397881,311.0
1268551,311.0
1206949,311.0
1119959,311.0
1245848,311.0
1273741,311.0
1350159,311.0
1154093,311.0
1042999,311.0
1029565,311.0
1433312,311.0
1135202,311.0
1272211,0.0
1146755,311.0
1010943,311.0
1191732,311.0
1349858,311.0
1049229,311.0
1041144,0.0
1002909,0.0
1126860,0.0
1347688,0.0
1252534,0.0
1105948,0.0
1340269,0.0
1030597,0.0
1020364,311.0
1247229,311.0
1280198,311.0
1217010,311.0
1049688,311.0
1299135,0.0
1073390,0.0
1282574,311.0
1288078,311.0
1405744,311.0
1197826,311.0
1110776,311.0
1480031,311.0
1193063,311.0
1090317,311.0
1426495,311.0
1446133,311.0
1330414,311.0
1263575,311.0
1184160,311.0
1197552,311.0
1077911,0.0
1256467,0.0
1191693,0.0
1170203,311.0
1439732,311.0
1165138,311.0
1453266,0.0
1427081,0.0
1403985,0.0
1284845,0.0
1428415,311.0
1335320,0.0
1159106,0.0
1207004,0.0
1022881,0.0
1371483,0.0
1427335,311.0
1157246,311.0
1385087,311.0
1368564,311.0
1311096,0.0
1309826,0.0
1117757,311.0
1268876,311.0
1139409,311.0
1315421,0.0
1307693,311.0
1351780,311.0
1240833,311.0
1292779,311.0
1004955,311.0
1058696,311.0
1440829,311.0
1087516,311.0
1212398,311.0
1174663,311.0
1227160,311.0
1371034,311.0
1447838,0.0
1118795,0.0
1229556,311.0
1318629,311.0
1201803,311.0
1108210,311.0
1084729,0.0
1329157,0.0
1173501,0.0
1345020,0.0
1428650,0.0
1361789,0.0
1204938,0.0
1459959,0.0
1009864,0.0
1176675,311.0
1453409,311.0
1336507,0.0
1328456,0.0
1313891,0.0
1468663,311.0
1318421,311.0
1007837,311.0
1417926,0.0
1144631,0.0
1123946,0.0
1090477,311.0
1414267,311.0
1329543,311.0
1406534,0.0
1431237,0.0
1010486,311.0
1004166,311.0
1403955,311.0
1245398,0.0
1064134,311.0
1320738,311.0
1043919,311.0
1197159,311.0
1122164,311.0
1250396,311.0
1078267,311.0
1320587,311.0
1438968,0.0
1445553,0.0
1430625,0.0
1430923,311.0
1255590,311.0
1174194,311.0
1268149,0.0
1435775,0.0
1001078,0.0
1356321,311.0
1238399,311.0
1247434,0.0
1372264,0.0
1367722,0.0
1131831,0.0
1450298,311.0
1236521,311.0
1417628,311.0
1302103,311.0
1075661,311.0
1052678,311.0
1116456,311.0
1210918,311.0
1238372,0.0
1200100,0.0
1308118,311.0
1025514,311.0
1073171,311.0
1343697,0.0
1206094,0.0
1213565,0.0
1133994,311.0
1406832,311.0
1199518,311.0
1465945,311.0
1360766,311.0
1172793,0.0
1477841,311.0
1480419,311.0
1266200,311.0
1228974,311.0
1443865,311.0
1110747,311.0
1259815,311.0
1222703,311.0
1416211,311.0
1289707,311.0
1350731,311.0
1315773,311.0
1462684,0.0
1265062,0.0
1087576,0.0
1193331,311.0
1179725,311.0
1162092,0.0
1152578,0.0
1209604,0.0
1236773,311.0
1309943,311.0
1460971,311.0
1217450,0.0
1045376,0.0
1443469,0.0
1462830,311.0
1255402,311.0
1167286,311.0
1059507,0.0
1079973,0.0
1483889,0.0
1012794,311.0
1078273,311.0
1105636,311.0
1197957,0.0
1129900,0.0
1399359,311.0
1435778,311.0
1115944,311.0
1148006,311.0
1004198,311.0
1071538,311.0
1179231,0.0
1183707,311.0
1492404,311.0
1069594,311.0
1475387,311.0
1389608,311.0
1257603,311.0
1468813,311.0
1190954,311.0
1231442,311.0
1426101,311.0
1011026,311.0
1494285,0.0
1127975,0.0
1254456,311.0
1433132,311.0
1385563,0.0
1329092,311.0
1024456,0.0
1441633,0.0
1005331,0.0
1255283,311.0
1268877,311.0
1191347,311.0
1367529,0.0
1392509,0.0
1443604,0.0
1242946,311.0
1158962,311.0
1266951,311.0
1393559,311.0
1171262,311.0
1259868,311.0
1099206,0.0
1439182,0.0
1330691,0.0
1199867,311.0
1359174,311.0
1478755,311.0
1437302,311.0
1142646,0.0
1428338,311.0
1494524,311.0
1318530,311.0
1031981,311.0
1103507,311.0
1048429,311.0
1066501,311.0
1142079,311.0
1199171,311.0
1423076,311.0
1375347,311.0
1363494,0.0
1168706,0.0
1286957,0.0
1297773,311.0
1127311,311.0
1278238,311.0
1246917,0.0
1255329,0.0
1297788,0.0
1362697,0.0
1377302,0.0
1129605,0.0
1186097,0.0
1166420,0.0
1144128,0.0
1465478,311.0
1439785,0.0
1452155,311.0
1412612,311.0
1042812,311.0
1140317,311.0
1441282,0.0
1420561,0.0
1052770,0.0
1492355,311.0
1123588,311.0
1205947,311.0
1397772,0.0
1430108,0.0
1123252,0.0
1019322,311.0
1019113,311.0
1476280,311.0
1446657,311.0
1442076,311.0
1199873,311.0
1053654,311.0
1493948,311.0
1087207,311.0
1193820,311.0
1401050,311.0
1241369,311.0
1331635,0.0
1275462,0.0
1226852,311.0
1321242,311.0
1447608,311.0
1467746,0.0
1497186,0.0
1421624,0.0
1103191,311.0
1232381,311.0
1351626,311.0
1336135,0.0
1126452,0.0
1370737,0.0
1020027,311.0
1312294,311.0
1113562,311.0
1267715,311.0
1157131,311.0
1127567,311.0
1393273,311.0
1301677,311.0
1429577,0.0
1413066,311.0
1273196,311.0
1065500,311.0
1442450,311.0
1179865,311.0
1229492,311.0
1283364,311.0
1480985,0.0
1164611,311.0
1286172,311.0
1395783,311.0
1177550,311.0
1412772,311.0
1325211,0.0
1331898,311.0
1027577,311.0
1211409,311.0
1119268,311.0
1409353,311.0
1239768,311.0
1016320,311.0
1350029,311.0
1165320,311.0
1114413,311.0
1374639,311.0
1263967,311.0
1431639,0.0
1439212,0.0
1243982,0.0
1425722,311.0
1357621,311.0
1080059,311.0
1342822,0.0
1100321,0.0
1237813,0.0
1300518,311.0
1114521,311.0
1385419,311.0
1250718,0.0
1499934,0.0
1466058,0.0
1149575,311.0
1003527,311.0
1436210,311.0
1495418,311.0
1018177,311.0
1222779,311.0
1278720,0.0
1425342,0.0
1247856,0.0
1296233,311.0
1299299,311.0
1040011,311.0
1047541,311.0
1416939,311.0
1307589,311.0
1154900,311.0
1447474,311.0
1498148,311.0
1032041,0.0
1441254,311.0
1270780,311.0
1283042,311.0
1284049,311.0
1451216,311.0
1159551,311.0
1226506,311.0
1065345,311.0
1421154,311.0
1254784,311.0
1067670,311.0
1249310,0.0
1109152,0.0
1059263,0.0
1127296,311.0
1177149,311.0
1193901,311.0
1305434,0.0
1169253,0.0
1439432,0.0
1369386,311.0
1187366,311.0
1383898,311.0
1040191,0.0
1026483,0.0
1418641,0.0
1446160,311.0
1300731,311.0
1359618,311.0
1248156,0.0
1294670,0.0
1478985,0.0
1368481,311.0
1333433,311.0
1434239,311.0
1257619,0.0
1094504,0.0
1300383,0.0
1384829,311.0
1005407,311.0
1315724,311.0
1177648,311.0
1039799,0.0
1050610,0.0
1215378,311.0
1420586,311.0
1355314,311.0
1200145,0.0
1352856,0.0
1490730,0.0
1140936,0.0
1100311,0.0
1280962,311.0
1188460,0.0
1241716,311.0
1495394,311.0
1052736,311.0
1491102,311.0
1439147,311.0
1253028,311.0
1217271,311.0
1153904,311.0
1103990,0.0
1315380,0.0
1012578,0.0
1356121,311.0
1387352,0.0
1177494,311.0
1441552,0.0
1065795,0.0
1245852,0.0
1485920,311.0
1282419,311.0
1474269,311.0
1122106,0.0
1419497,0.0
1491382,0.0
1334251,311.0
1107205,311.0
1342908,311.0
1389672,0.0
1115199,0.0
1466642,0.0
1075060,311.0
1286035,311.0
1216014,311.0
1202009,0.0
1447158,0.0
1116835,0.0
1216346,311.0
1295510,311.0
1286831,311.0
1495796,311.0
1477046,311.0
1423534,311.0
1070216,0.0
1260241,0.0
1376750,311.0
1331408,0.0
1239901,0.0
1195401,0.0
1083931,311.0
1445603,311.0
1331096,311.0
1085873,0.0
1106683,311.0
1334187,311.0
1103377,311.0
1015635,311.0
1254780,311.0
1379556,311.0
1461975,311.0
1104316,311.0
1395991,0.0
1395799,0.0
1204391,0.0
1080873,311.0
1111719,0.0
1210576,311.0
1172770,0.0
1265692,0.0
1042603,0.0
1182168,311.0
1277776,311.0
1131821,311.0
1174173,0.0
1337771,0.0
1202376,0.0
1444033,311.0
1163334,0.0
1279214,311.0
1296501,311.0
1033599,311.0
1174360,0.0
1291501,311.0
1298916,0.0
1423496,311.0
1293002,311.0
1076795,0.0
1021481,311.0
1330908,311.0
1162720,311.0
1078467,311.0
1345403,311.0
1036433,311.0
1391656,311.0
1328210,311.0
1177028,311.0
1434055,311.0
1424721,311.0
1191920,311.0
1052756,0.0
1391034,0.0
1408065,311.0
1091688,311.0
1166031,311.0
1177255,311.0
1045371,0.0
1060513,0.0
1436754,0.0
1233478,311.0
1192154,311.0
1037962,0.0
1373312,0.0
1185011,0.0
1007240,311.0
1277562,311.0
1072334,311.0
1128376,311.0
1297522,311.0
1452541,0.0
1359919,0.0
1067207,0.0
1233545,311.0
1214743,311.0
1228910,0.0
1423994,0.0
1313304,311.0
1099679,311.0
1426844,311.0
1378564,311.0
1076816,311.0
1001350,311.0
1463100,311.0
1239878,311.0
1415566,311.0
1168331,311.0
1184252,311.0
1037012,311.0
1458256,0.0
1280912,311.0
1082299,311.0
1300140,311.0
1397931,0.0
1428482,311.0
1229001,311.0
1067710,311.0
1181286,311.0
1412408,0.0
1407485,311.0
1071259,0.0
1131716,311.0
1214421,311.0
1114189,311.0
1323156,311.0
1000698,0.0
1031474,311.0
1247248,311.0
1023342,311.0
1188121,311.0
1286899,311.0
1349711,311.0
1091327,311.0
1176395,311.0
1248828,311.0
1040307,311.0
1329740,311.0
1265965,311.0
1375031,0.0
1336230,0.0
1109216,0.0
1223819,311.0
1184220,311.0
1351227,311.0
1291104,0.0
1499951,0.0
1389163,0.0
1457331,311.0
1018331,311.0
1222327,311.0
1380095,0.0
1186135,0.0
1091750,0.0
1474529,311.0
1336163,311.0
1463362,311.0
1280003,0.0
1119159,0.0
1067474,311.0
1317791,311.0
1126189,311.0
1374875,0.0
1498800,0.0
1377853,311.0
1418509,311.0
1384132,311.0
1152757,311.0
1290442,311.0
1010856,311.0
1054292,311.0
1014398,311.0
1262731,311.0
1036243,0.0
1004828,0.0
1388536,0.0
1350424,311.0
1137631,311.0
1381527,311.0
1161738,311.0
1308325,311.0
1202718,311.0
1478119,311.0
1328690,311.0
1346361,311.0
1332266,311.0
1356772,311.0
1084390,311.0
1419232,0.0
1387470,0.0
1478089,311.0
1331292,311.0
1430739,0.0
1105500,0.0
1249587,311.0
1207278,311.0
1067443,311.0
1016566,311.0
1378160,0.0
1497309,0.0
1370933,0.0
1481206,311.0
1369995,311.0
1350874,311.0
1112513,311.0
1147478,311.0
1293493,311.0
1387939,0.0
1191281,0.0
1092227,0.0
1178247,311.0
1169864,311.0
1174124,311.0
1278123,311.0
1075935,311.0
1220930,311.0
1219540,0.0
1055380,311.0
1036746,311.0
1022232,311.0
1010495,0.0
1023709,311.0
1462450,311.0
1120855,311.0
1418431,311.0
1219029,311.0
1482768,311.0
1229842,311.0
1206840,311.0
1235689,311.0
1410054,311.0
1119297,311.0
1283213,311.0
1392031,0.0
1193249,0.0
1199568,0.0
1407293,311.0
1278568,311.0
1408531,311.0
1138267,0.0
1139258,0.0
1365049,0.0
1359954,311.0
1343500,311.0
1033638,311.0
1053043,0.0
1106036,0.0
1050509,0.0
1163652,311.0
1344265,311.0
1296395,311.0
1419087,0.0
1341606,311.0
1067990,311.0
1327243,311.0
1019442,311.0
1320284,0.0
1070518,0.0
1380607,0.0
1092204,311.0
1397944,311.0
1308439,311.0
1386250,311.0
1482059,0.0
1228987,0.0
1084363,311.0
1289081,311.0
1046120,311.0
1359932,0.0
1476808,0.0
1375526,311.0
1403567,311.0
1411725,0.0
1027074,0.0
1319750,311.0
1488452,311.0
1183310,311.0
1060365,311.0
1203758,311.0
1359579,311.0
1250165,311.0
1118053,311.0
1425692,0.0
1163765,311.0
1024239,311.0
1427043,311.0
1394487,311.0
1366235,311.0
1230705,311.0
1385760,0.0
1155221,0.0
1357947,311.0
1155845,311.0
1284871,0.0
1285681,0.0
1313628,0.0
1003559,0.0
1085143,311.0
1279269,311.0
1491362,311.0
1296050,311.0
1027560,0.0
1109062,311.0
1468070,311.0
1301912,311.0
1372452,311.0
1216295,0.0
1080428,311.0
1275455,0.0
1200217,311.0
1162284,0.0
1409553,311.0
1392715,311.0
1315760,311.0
1097710,311.0
1285179,311.0
1273296,311.0
1050702,311.0
1094193,311.0
1072878,311.0
1252201,311.0
1016160,311.0
1345970,311.0
1183200,311.0
1243332,0.0
1440017,0.0
1155554,311.0
1120774,311.0
1395698,311.0
1441706,311.0
1288355,311.0
1451370,0.0
1010337,0.0
1030428,311.0
1343272,311.0
1294240,311.0
1244960,0.0
1050471,0.0
1271361,0.0
1131135,311.0
1330314,311.0
1236942,311.0
1484447,0.0
1317781,0.0
1471097,0.0
1064015,311.0
1435998,311.0
1222345,311.0
1495290,0.0
1261324,0.0
1149711,0.0
1396438,311.0
1379374,311.0
1289334,311.0
1332404,311.0
1182176,0.0
1405603,0.0
1248698,311.0
1011799,311.0
1123469,311.0
1023318,0.0
1483716,311.0
1162607,311.0
1157714,311.0
1406254,311.0
1468021,311.0
1357828,311.0
1248120,311.0
1480346,311.0
1007010,0.0
1329627,0.0
1401957,311.0
1296576,311.0
1335313,311.0
1416727,311.0
1272292,0.0
1441262,0.0
1151463,0.0
1337790,0.0
1476136,0.0
1443795,0.0
1272200,0.0
1442250,0.0
1401517,0.0
1006041,311.0
1329309,311.0
1406291,311.0
1267181,311.0
1319608,311.0
1425375,311.0
1288009,311.0
1226314,0.0
1189123,0.0
1394268,0.0
1466259,311.0
1090500,311.0
1478055,311.0
1129935,311.0
1070032,311.0
1136100,311.0
1378063,311.0
1399751,311.0
1423195,311.0
1121665,311.0
1225337,311.0
1407149,311.0
1442808,311.0
1074323,311.0
1148769,311.0
1313849,311.0
1209585,0.0
1278748,0.0
1093376,0.0
1007123,0.0
1473365,0.0
1416330,0.0
1115570,0.0
1301735,0.0
1406384,0.0
1117969,311.0
1259030,0.0
1167748,0.0
1353953,0.0
1340614,0.0
1430093,0.0
1226033,311.0
1186038,311.0
1324350,311.0
1341057,0.0
1218304,0.0
1007165,0.0
1023051,0.0
1408479,311.0
1363746,311.0
1051229,0.0
1246221,0.0
1249794,0.0
1415662,311.0
1047566,311.0
1175187,311.0
1261268,0.0
1211204,0.0
1196393,0.0
1324708,311.0
1249911,311.0
1444677,311.0
1438339,311.0
1006845,0.0
1461548,0.0
1057669,0.0
1066575,0.0
1359065,0.0
1076099,0.0
1008635,311.0
1110869,311.0
1311681,0.0
1472243,0.0
1079476,311.0
1026935,311.0
1367247,311.0
1474729,311.0
1406711,0.0
1352093,0.0
1464644,0.0
1056398,311.0
1058284,311.0
1310702,311.0
1275186,0.0
1115062,0.0
1369730,0.0
1441255,0.0
1009158,311.0
1439087,311.0
1101076,0.0
1385485,0.0
1381756,0.0
1163817,311.0
1034901,311.0
1365266,311.0
1491765,311.0
1331278,311.0
1387243,311.0
1059770,0.0
1411775,0.0
1237309,0.0
1279987,311.0
1230317,311.0
1471457,311.0
1421988,311.0
1242095,311.0
1123773,311.0
1486238,311.0
1106874,0.0
1043439,0.0
1135306,311.0
1213221,311.0
1293359,311.0
1488237,311.0
1215569,311.0
1364047,311.0
1222795,311.0
1064545,311.0
1446086,311.0
1093571,311.0
1418371,311.0
1182114,311.0
1054723,0.0
1182446,0.0
1253839,0.0
1139142,311.0
1320721,0.0
1134128,0.0
1424653,0.0
1254550,311.0
1163284,311.0
1314335,311.0
1338319,0.0
1116418,0.0
1035513,0.0
1461518,311.0
1441342,311.0
1480348,311.0
1306511,311.0
1465566,311.0
1375422,311.0
1011397,311.0
1206239,311.0
1086612,311.0
1097994,0.0
1147117,0.0
1334266,311.0
1365715,311.0
1162136,311.0
1428806,311.0
1175819,0.0
1254869,311.0
1311140,311.0
1324215,311.0
1007982,311.0
1230711,311.0
1314655,0.0
1435749,311.0
1430121,311.0
1455053,311.0
1406102,0.0
1290556,311.0
1201315,311.0
1130404,311.0
1379722,311.0
1146684,311.0
1131405,311.0
1216649,311.0
1391689,0.0
1055011,0.0
1183543,0.0
1451107,311.0
1456388,311.0
1178756,311.0
1159595,0.0
1444143,0.0
1371429,0.0
1466318,0.0
1330248,311.0
1215795,311.0
1335631,0.0
1242295,0.0
1242991,0.0
1209194,311.0
1148243,311.0
1181156,311.0
1316171,0.0
1145620,0.0
1385807,311.0
1025160,311.0
1448322,311.0
1299696,311.0
1431695,0.0
1093507,0.0
1068143,0.0
1262949,311.0
1111725,311.0
1461971,0.0
1364620,0.0
1415079,0.0
1341426,311.0
1080375,0.0
1158488,311.0
1212302,311.0
1087492,0.0
1472309,0.0
1238649,311.0
1202195,311.0
1482606,0.0
1028580,0.0
1051268,311.0
1379128,311.0
1013539,311.0
1129761,311.0
1411004,311.0
1435247,311.0
1380455,311.0
1265343,311.0
1135738,0.0
1011038,0.0
1137846,0.0
1399251,311.0
1440074,311.0
1000734,311.0
1414810,0.0
1381179,0.0
1350790,0.0
1190444,0.0
1486912,0.0
1236391,0.0
1178617,0.0
1285948,0.0
1262305,0.0
1321124,311.0
1477230,311.0
1474968,311.0
1358159,311.0
1493346,0.0
1316177,0.0
1098457,311.0
1325326,311.0
1252764,311.0
1130890,0.0
1445592,0.0
1267495,0.0
1382259,311.0
1156755,311.0
1491082,311.0
1103558,311.0
1338037,0.0
1094930,0.0
1386365,0.0
1304381,311.0
1351937,311.0
1328548,311.0
1371269,311.0
1002309,311.0
1471282,311.0
1392767,311.0
1019682,311.0
1457769,311.0
1300407,311.0
1068011,311.0
1127745,0.0
1275300,311.0
1031756,311.0
1276549,311.0
1056144,311.0
1345960,311.0
1026590,311.0
1230216,0.0
1493066,0.0
1240971,0.0
1076123,0.0
1116856,0.0
1106834,0.0
1430745,0.0
1142733,311.0
1332561,0.0
1065027,311.0
1288625,311.0
1100005,311.0
1316879,311.0
1448339,0.0
1448283,0.0
1230100,0.0
1150331,311.0
1233710,311.0
1244549,311.0
1011274,0.0
1366995,311.0
1155338,311.0
1431889,311.0
1411042,311.0
1373635,311.0
1365958,311.0
1263468,311.0
1147836,311.0
1312260,311.0
1108274,311.0
1152196,0.0
1174520,0.0
1311644,311.0
1282792,311.0
1313863,311.0
1116853,0.0
1117345,0.0
1142841,0.0
1346851,311.0
1202683,0.0
1286305,311.0
1207997,0.0
1075761,0.0
1442400,0.0
1313185,311.0
1313557,311.0
1461090,311.0
1262107,311.0
1043719,311.0
1172039,311.0
1382652,0.0
1020208,0.0
1253644,0.0
1339071,311.0
1320094,311.0
1117970,311.0
1068151,311.0
1458189,311.0
1154829,311.0
1441375,311.0
1027883,311.0
1358903,311.0
1297394,311.0
1065989,311.0
1364660,311.0
1277097,311.0
1157917,311.0
1482136,0.0
1491979,0.0
1491117,0.0
1206646,311.0
1208274,311.0
1210738,311.0
1328739,0.0
1151568,0.0
1179600,0.0
1350474,0.0
1249578,0.0
1141830,0.0
1066784,0.0
1135133,0.0
1045471,0.0
1239437,311.0
1412957,311.0
1256148,311.0
1150723,311.0
1458025,0.0
1208584,0.0
1052913,311.0
1342834,311.0
1427122,311.0
1307634,0.0
1483134,0.0
1008294,0.0
1127039,311.0
1205295,311.0
1216979,311.0
1213601,0.0
1124300,0.0
1400990,311.0
1206721,311.0
1154185,311.0
1051019,311.0
1035942,311.0
1120418,311.0
1000557,311.0
1159957,311.0
1281230,311.0
1492825,311.0
1364359,311.0
1144162,311.0
1134852,0.0
1179517,0.0
1000505,0.0
1301184,311.0
1206831,311.0
1008616,0.0
1429552,0.0
1139647,0.0
1300817,311.0
1119648,311.0
1255638,0.0
1096780,0.0
1148826,0.0
1290989,0.0
1442329,311.0
1421415,311.0
1394355,0.0
1375025,0.0
1103636,0.0
1435514,311.0
1344879,311.0
1026319,311.0
1432633,0.0
1092417,0.0
1040695,311.0
1142017,311.0
1123939,311.0
1496055,311.0
1361083,311.0
1292002,311.0
1476709,311.0
1318219,311.0
1121990,311.0
1409644,311.0
1442958,311.0
1210181,0.0
1246412,0.0
1113679,311.0
1178941,311.0
1407215,311.0
1137755,311.0
1101359,311.0
1389483,311.0
1446950,311.0
1331883,311.0
1220066,311.0
1430629,311.0
1412405,311.0
1445691,311.0
1233603,0.0
1081183,0.0
1390416,0.0
1161610,311.0
1029722,0.0
1408190,0.0
1358481,0.0
1362659,311.0
1374651,311.0
1473048,311.0
1159448,0.0
1095885,0.0
1152927,0.0
1263486,311.0
1361892,311.0
1180295,311.0
1461189,311.0
1352516,311.0
1203135,311.0
1412137,311.0
1348312,311.0
1117178,0.0
1487661,0.0
1052291,311.0
1346673,311.0
1482270,311.0
1195731,311.0
1170403,311.0
1260429,0.0
1380448,311.0
1288681,311.0
1121882,311.0
1297507,311.0
1249247,0.0
1368716,311.0
1093831,311.0
1190515,311.0
1412193,0.0
1266638,311.0
1281895,311.0
1263331,311.0
1496385,311.0
1472881,311.0
1174789,311.0
1449484,311.0
1434557,311.0
1241213,0.0
1099698,0.0
1288833,0.0
1279473,311.0
1374095,0.0
1195279,0.0
1285467,0.0
1200473,311.0
1288556,311.0
1135583,311.0
1352318,0.0
1141415,0.0
1416778,0.0
1251736,311.0
1256829,311.0
1497598,311.0
1200754,311.0
1155627,311.0
1257467,311.0
1010451,311.0
1304851,0.0
1144211,0.0
1275541,0.0
1333903,311.0
1273355,311.0
1077142,311.0
1213834,311.0
1394157,0.0
1246247,311.0
1262361,311.0
1288241,311.0
1008853,0.0
1386984,0.0
1039343,311.0
1457066,311.0
1417619,311.0
1221942,311.0
1492708,311.0
1260284,311.0
1005493,311.0
1097238,311.0
1389098,311.0
1239205,311.0
1142402,311.0
1187987,311.0
1277790,311.0
1129722,0.0
1292372,311.0
1083272,311.0
1210694,311.0
1175781,0.0
1370401,0.0
1048369,0.0
1199378,0.0
1443132,311.0
1437968,311.0
1435862,0.0
1301525,0.0
1300490,0.0
1155251,311.0
1066976,311.0
1493943,311.0
1376854,0.0
1331984,0.0
1325754,0.0
1317080,311.0
1083560,311.0
1231111,311.0
1011124,0.0
1321197,0.0
1370181,0.0
1449954,311.0
1435671,0.0
1081672,0.0
1341179,0.0
1037357,311.0
1453346,311.0
1129402,311.0
1356694,0.0
1095297,311.0
1005508,311.0
1040476,311.0
1274638,311.0
1130738,311.0
1234863,311.0
1004425,311.0
1248791,311.0
1416624,0.0
1168965,0.0
1080688,0.0
1237764,311.0
1085489,311.0
1310818,0.0
1469088,0.0
1330889,0.0
1451006,311.0
1199888,311.0
1456099,311.0
1238994,0.0
1233434,0.0
1418277,0.0
1437367,311.0
1266827,311.0
1059366,311.0
1005997,0.0
1072243,0.0
1487987,0.0
1179844,311.0
1478638,311.0
1126519,0.0
1097376,0.0
1322240,0.0
1353828,311.0
1095697,311.0
1195929,311.0
1075296,311.0
1126645,0.0
1387808,0.0
1299335,0.0
1190579,0.0
1238279,311.0
1281060,311.0
1255725,0.0
1086034,0.0
1222068,311.0
1445345,311.0
1346505,311.0
1321003,0.0
1484787,311.0
1120747,311.0
1107889,311.0
1063781,311.0
1069635,311.0
1362909,311.0
1160528,311.0
1071583,311.0
1081273,0.0
1301120,0.0
1252819,0.0
1450030,311.0
1357284,311.0
1046795,311.0
1135179,0.0
1292184,0.0
1236684,0.0
1312208,311.0
1221279,311.0
1215254,311.0
1160460,0.0
1433007,0.0
1473093,0.0
1136868,311.0
1353423,311.0
1231192,0.0
1025759,0.0
1331967,311.0
1152714,311.0
1347861,311.0
1434386,0.0
1496234,0.0
1192419,0.0
1489440,311.0
1432777,311.0
1444293,311.0
1238059,311.0
1037656,311.0
1225810,0.0
1181074,311.0
1137669,311.0
1020431,311.0
1423125,0.0
1297694,0.0
1276959,311.0
1374169,311.0
1202772,311.0
1036821,311.0
1249229,311.0
1468668,311.0
1080511,311.0
1453211,0.0
1216199,0.0
1298007,311.0
1286555,311.0
1405233,0.0
1156240,0.0
1247979,0.0
1323764,311.0
1323389,311.0
1337295,311.0
1078113,0.0
1354222,0.0
1005910,311.0
1204525,311.0
1136587,311.0
1183839,311.0
1097913,311.0
1289506,311.0
1467938,311.0
1102366,0.0
1104329,0.0
1253823,311.0
1335558,311.0
1309171,311.0
1299132,311.0
1476668,311.0
1018667,311.0
1030392,311.0
1200823,311.0
1369039,311.0
1086847,311.0
1109486,311.0
1325405,311.0
1331264,311.0
1427058,311.0
1336172,311.0
1255751,311.0
1320682,311.0
1141103,311.0
1183358,311.0
1384513,311.0
1143313,311.0
1253248,311.0
1142409,311.0
1267250,311.0
1479265,311.0
1203571,311.0
1478474,311.0
1028746,311.0
1178203,311.0
1385350,311.0
1074938,311.0
1267774,311.0
1022228,311.0
1211769,311.0
1119491,311.0
1033015,311.0
1029041,311.0
1146955,311.0
1299017,311.0
1260005,311.0
1203568,311.0
1120980,311.0
1165612,311.0
1075641,311.0
1236863,311.0
1393900,311.0
1119480,311.0
1294669,311.0
1334537,311.0
1035256,311.0
1363056,311.0
1329993,311.0
1050349,311.0
1311264,311.0
1339810,311.0
1264183,311.0
1200866,311.0
1161315,311.0
1476020,311.0
1123496,311.0
1099298,311.0
1313206,311.0
1468053,311.0
1093227,0.0
1183936,0.0
1263387,0.0
1065834,311.0
1443402,311.0
1040533,311.0
1057544,0.0
1461408,0.0
1359630,0.0
1057310,311.0
1227990,311.0
1453454,0.0
1348678,0.0
1171835,0.0
1329067,0.0
1214967,311.0
1360876,311.0
1487084,311.0
1476159,0.0
1185623,0.0
1401622,311.0
1150515,311.0
1353711,0.0
1300105,0.0
1050801,0.0
1205716,311.0
1084245,311.0
1323798,311.0
1495866,311.0
1126990,0.0
1382069,0.0
1206071,311.0
1156187,311.0
1446803,311.0
1049695,311.0
1323061,0.0
1339909,0.0
1135487,311.0
1000100,311.0
1388671,311.0
1047271,0.0
1430895,311.0
1191523,311.0
1157697,311.0
1158465,311.0
1347027,311.0
1241427,311.0
1188841,311.0
1181575,0.0
1316314,0.0
1082441,0.0
1335660,311.0
1168297,0.0
1213229,311.0
1437313,0.0
1011793,0.0
1376105,0.0
1056546,0.0
1086686,0.0
1483804,0.0
1484346,0.0
1065215,0.0
1191886,0.0
1018412,311.0
1130199,311.0
1388783,311.0
1114069,311.0
1097480,0.0
1254831,0.0
1356261,311.0
1169758,311.0
1047398,311.0
1108942,0.0
1395990,0.0
1447928,0.0
1162538,311.0
1298962,311.0
1451782,0.0
1258001,0.0
1301416,0.0
1160983,311.0
1103189,311.0
1432687,311.0
1454944,0.0
1251515,0.0
1407082,0.0
1375055,311.0
1140780,311.0
1390190,311.0
1483577,311.0
1310234,311.0
1324612,311.0
1318087,0.0
1173141,0.0
1269934,311.0
1442947,311.0
1233406,311.0
1490422,311.0
1228255,0.0
1324289,0.0
1044544,0.0
1415178,0.0
1083391,311.0
1390665,0.0
1343682,0.0
1420269,0.0
1067445,311.0
1331472,311.0
1174767,311.0
1066841,311.0
1196664,0.0
1470329,0.0
1257230,311.0
1395065,311.0
1013425,311.0
1494636,0.0
1085476,0.0
1326219,0.0
1363457,311.0
1003155,311.0
1104556,0.0
1379985,0.0
1342457,311.0
1008710,311.0
1418705,311.0
1333430,311.0
1186546,0.0
1239269,0.0
1388725,311.0
1462832,311.0
1072966,311.0
1197083,311.0
1107959,311.0
1481223,311.0
1305518,0.0
1091948,0.0
1423856,0.0
1135243,311.0
1175893,0.0
1180816,311.0
1256510,0.0
1306222,0.0
1089615,0.0
1059966,311.0
1106408,311.0
1337824,311.0
1096372,0.0
1493967,0.0
1464047,0.0
1232736,311.0
1310626,311.0
1152557,311.0
1470108,0.0
1083732,0.0
1340571,0.0
1001888,311.0
1190892,311.0
1412578,311.0
1221774,0.0
1072628,0.0
1418345,0.0
1163110,311.0
1482208,311.0
1126214,311.0
1140966,0.0
1124593,0.0
1326921,0.0
1199659,311.0
1115764,311.0
1338613,311.0
1262678,0.0
1135607,0.0
1239466,0.0
1185120,0.0
1116326,0.0
1084274,0.0
1001605,0.0
1061234,311.0
1327015,311.0
1081244,311.0
1056311,311.0
1231953,0.0
1315567,311.0
1023338,311.0
1368801,311.0
1365321,0.0
1434395,0.0
1060668,311.0
1412851,311.0
1389584,311.0
1047653,311.0
1368824,0.0
1062138,0.0
1080771,0.0
1265021,311.0
1162076,311.0
1033851,0.0
1164529,0.0
1164851,0.0
1407686,0.0
1239126,311.0
1004611,0.0
1271171,0.0
1029230,311.0
1152216,311.0
1245895,311.0
1006231,0.0
1174973,0.0
1399815,311.0
1374612,311.0
1480121,311.0
1002209,0.0
1278108,0.0
1462180,311.0
1184629,311.0
1046603,311.0
1250767,0.0
1309641,0.0
1244370,311.0
1122567,311.0
1196992,311.0
1313003,311.0
1128343,311.0
1288977,311.0
1129132,311.0
1095953,311.0
1052493,311.0
1218935,311.0
1015407,311.0
1431361,0.0
1485965,0.0
1336922,0.0
1132112,311.0
1005220,0.0
1004022,311.0
1279884,0.0
1008750,0.0
1105224,0.0
1466321,311.0
1280185,311.0
1457965,311.0
1244417,0.0
1131919,0.0
1451317,0.0
1104883,311.0
1175655,311.0
1189952,311.0
1000304,0.0
1461295,0.0
1120717,0.0
1493281,311.0
1170498,311.0
1383931,311.0
1327670,0.0
1343332,0.0
1236270,311.0
1400678,311.0
1197290,311.0
1401748,311.0
1248165,0.0
1230061,0.0
1181642,0.0
1329876,311.0
1405583,311.0
1276334,311.0
1292794,0.0
1106071,0.0
1335860,0.0
1443203,311.0
1266589,311.0
1188906,311.0
1096891,0.0
1205809,311.0
1439307,311.0
1179169,311.0
1045963,311.0
1429094,311.0
1311865,311.0
1080373,311.0
1399350,311.0
1311554,0.0
1110818,311.0
1303018,311.0
1174742,311.0
1349833,311.0
1332264,311.0
1172547,0.0
1202092,0.0
1409437,0.0
1038905,0.0
1157152,0.0
1185911,0.0
1109479,0.0
1155822,0.0
1406614,0.0
1286531,311.0
1027999,311.0
1193741,311.0
1241441,311.0
1315121,0.0
1497710,0.0
1349802,311.0
1333857,311.0
1365192,311.0
1284213,0.0
1172386,0.0
1268959,0.0
1314764,0.0
1076504,0.0
1180513,0.0
1441078,311.0
1309464,311.0
1176713,311.0
1375565,311.0
1304798,311.0
1215467,311.0
1180354,311.0
1411569,311.0
1173022,311.0
1067126,311.0
1284763,311.0
1467408,311.0
1010693,0.0
1492072,0.0
1261641,311.0
1154519,311.0
1284522,311.0
1128146,311.0
1361785,0.0
1097103,0.0
1184517,0.0
1166644,0.0
1322713,311.0
1333349,311.0
1122674,0.0
1085876,0.0
1167618,0.0
1099209,311.0
1445899,0.0
1419759,311.0
1194935,311.0
1443388,311.0
1133418,311.0
1451491,0.0
1391487,0.0
1346923,311.0
1091512,311.0
1236380,311.0
1365007,311.0
1234609,0.0
1255211,311.0
1196064,311.0
1049627,311.0
1171254,311.0
1440868,311.0
1158633,311.0
1432911,311.0
1359292,311.0
1420948,311.0
1444309,311.0
1205357,311.0
1313355,311.0
1452010,311.0
1299770,0.0
1255054,311.0
1229099,311.0
1176972,311.0
1328253,0.0
1312682,0.0
1328174,0.0
1227077,0.0
1437393,311.0
1471676,311.0
1036444,0.0
1136324,0.0
1036028,0.0
1086341,311.0
1013266,311.0
1452051,311.0
1102454,0.0
1328928,0.0
1363133,0.0
1238113,311.0
1244122,311.0
1302369,311.0
1141719,0.0
1418192,0.0
1025362,0.0
1010063,311.0
1271876,311.0
1243764,311.0
1154773,0.0
1217617,0.0
1457179,0.0
1149983,311.0
1442399,311.0
1023820,311.0
1261421,0.0
1152408,0.0
1322672,0.0
1219542,0.0
1258790,311.0
1184081,311.0
1033033,311.0
1009025,311.0
1187131,311.0
1490092,311.0
1044947,311.0
1401482,311.0
1401300,311.0
1040108,311.0
1072145,0.0
1167505,0.0
1432844,0.0
1360840,311.0
1281317,311.0
1394720,0.0
1123472,0.0
1335875,0.0
1191021,0.0
1062946,311.0
1379038,311.0
1086068,0.0
1209675,0.0
1273528,311.0
1052283,311.0
1488713,311.0
1317965,0.0
1334338,311.0
1495749,311.0
1155113,311.0
1324217,311.0
1014713,311.0
1068923,311.0
1199511,311.0
1226738,311.0
1057805,311.0
1337331,311.0
1031825,311.0
1091303,311.0
1299647,311.0
1339600,311.0
1270524,0.0
1069032,311.0
1029112,0.0
1185619,0.0
1208062,0.0
1218491,311.0
1411585,0.0
1280994,311.0
1477029,0.0
1150426,0.0
1291788,0.0
1123687,311.0
1385315,311.0
1273428,311.0
1091779,0.0
1433165,0.0
1233695,311.0
1226109,311.0
1289617,311.0
1086173,311.0
1136649,0.0
1222683,311.0
1165390,311.0
1494991,311.0
1303527,311.0
1332894,311.0
1375519,311.0
1389119,311.0
1337508,311.0
1413955,311.0
1311154,311.0
1150198,311.0
1217709,0.0
1323085,0.0
1320784,0.0
1272917,311.0
1377468,311.0
1307337,0.0
1001035,0.0
1289384,0.0
1432923,311.0
1374160,311.0
1014486,311.0
1297521,0.0
1150968,0.0
1105889,0.0
1374518,311.0
1372056,311.0
1115289,311.0
1218455,311.0
1428660,0.0
1111529,311.0
1080313,311.0
1045201,311.0
1125057,0.0
1004679,0.0
1008058,0.0
1402186,311.0
1159072,311.0
1158436,0.0
1335272,0.0
1069529,0.0
1123940,311.0
1216221,0.0
1261401,311.0
1075510,0.0
1312582,0.0
1325177,0.0
1190687,311.0
1041996,311.0
1494281,311.0
1396001,0.0
1233931,311.0
1209078,311.0
1433984,311.0
1307281,311.0
1411927,311.0
1092679,311.0
1024773,311.0
1098852,311.0
1141881,0.0
1209119,0.0
1240215,0.0
1426530,311.0
1095528,0.0
1320803,0.0
1352358,0.0
1151293,311.0
1184545,311.0
1334503,311.0
1115185,0.0
1285953,0.0
1149701,0.0
1393708,311.0
1383287,311.0
1360039,311.0
1006359,311.0
1403211,311.0
1031284,311.0
1119679,311.0
1284106,311.0
1034605,0.0
1181140,0.0
1395629,0.0
1379420,311.0
1251743,311.0
1288029,311.0
1473188,311.0
1367645,311.0
1413911,311.0
1159801,311.0
1210701,311.0
1119698,311.0
1332210,0.0
1411131,311.0
1069729,0.0
1314022,311.0
1397183,311.0
1202918,311.0
1218200,311.0
1105075,311.0
1036017,311.0
1369119,311.0
1387667,311.0
1403654,311.0
1165494,311.0
1420906,311.0
1420945,311.0
1231951,0.0
1452283,0.0
1361853,311.0
1463031,311.0
1388951,311.0
1280859,311.0
1346717,0.0
1061824,0.0
1006298,311.0
1427842,311.0
1128401,311.0
1265739,0.0
1494433,0.0
1321396,0.0
1122277,311.0
1152696,311.0
1340194,311.0
1357744,0.0
1300078,0.0
1421593,0.0
1016202,311.0
1113687,311.0
1073000,311.0
1194071,0.0
1092325,0.0
1070305,0.0
1258363,311.0
1316698,311.0
1151283,311.0
1483303,311.0
1384836,0.0
1226194,0.0
1153428,311.0
1198100,311.0
1416107,311.0
1441608,311.0
1448657,311.0
1030152,311.0
1179248,311.0
1045075,311.0
1041492,311.0
1355682,311.0
1479870,311.0
1326830,311.0
1238168,0.0
1171800,0.0
1124674,0.0
1164972,311.0
1143333,311.0
1011658,311.0
1064374,0.0
1279043,0.0
1396311,0.0
1394547,0.0
1077761,0.0
1479383,0.0
1496500,0.0
1281991,0.0
1297893,0.0
1386801,311.0
1365952,311.0
1152086,0.0
1271829,0.0
1137861,0.0
1216539,311.0
1438909,311.0
1368104,311.0
1396732,0.0
1132676,0.0
1147729,0.0
1242371,311.0
1033446,311.0
1087011,0.0
1428580,0.0
1301833,0.0
1326094,0.0
1264988,311.0
1077154,0.0
1475592,311.0
1222986,311.0
1304997,311.0
1277631,311.0
1052107,311.0
1448417,311.0
1400085,311.0
1190020,311.0
1247231,311.0
1177870,0.0
1342526,0.0
1394193,311.0
1224126,311.0
1006444,311.0
1347953,0.0
1264026,0.0
1488317,311.0
1426059,311.0
1361559,311.0
1227980,0.0
1194921,0.0
1033540,0.0
1057352,311.0
1190878,311.0
1304436,311.0
1015274,311.0
1303079,311.0
1369451,311.0
1256367,311.0
1411939,311.0
1099178,0.0
1047440,0.0
1156344,311.0
1349813,311.0
1184487,311.0
1016228,311.0
1336471,0.0
1105467,311.0
1211232,311.0
1437773,311.0
1018666,311.0
1174577,311.0
1400533,311.0
1485489,311.0
1421265,311.0
1257824,311.0
1270197,311.0
1453725,311.0
1401705,0.0
1266103,0.0
1197433,0.0
1301497,311.0
1116479,311.0
1445437,0.0
1272750,0.0
1239684,0.0
1472327,311.0
1237389,311.0
1414652,311.0
1482167,0.0
1409591,0.0
1473384,0.0
1198902,311.0
1269940,311.0
1478820,0.0
1488358,0.0
1143995,0.0
1066832,311.0
1391032,311.0
1367690,311.0
1130577,0.0
1473197,0.0
1076706,0.0
1276290,311.0
1443284,311.0
1458481,311.0
1018827,0.0
1203063,311.0
1125357,311.0
1271798,311.0
1206576,311.0
1297029,0.0
1214610,0.0
1049598,0.0
1154039,311.0
1249298,311.0
1104104,311.0
1180088,0.0
1456519,311.0
1336457,311.0
1342696,311.0
1049974,311.0
1420298,311.0
1007605,311.0
1333331,311.0
1174028,311.0
1396043,0.0
1147970,0.0
1049835,0.0
1287808,311.0
1458704,311.0
1058279,0.0
1445467,0.0
1161731,0.0
1435821,0.0
1444705,311.0
1322369,311.0
1482011,0.0
1446692,0.0
1272693,0.0
1062944,311.0
1152740,0.0
1094183,311.0
1044940,311.0
1006018,311.0
1152665,311.0
1037684,311.0
1459823,0.0
1431673,0.0
1484069,0.0
1067964,311.0
1237099,311.0
1021695,311.0
1083295,311.0
1448564,311.0
1341586,311.0
1177231,311.0
1142162,311.0
1015148,311.0
1011186,0.0
1100074,0.0
1298238,311.0
1252968,311.0
1295495,311.0
1341593,311.0
1417088,0.0
1244089,311.0
1209426,311.0
1178881,311.0
1256019,311.0
1367101,311.0
1294031,311.0
1393207,311.0
1143583,0.0
1328240,0.0
1479916,0.0
1401938,311.0
1019082,311.0
1161031,311.0
1214070,0.0
1361416,0.0
1284323,0.0
1107001,0.0
1157690,0.0
1490685,0.0
1012910,0.0
1197742,0.0
1320541,0.0
1336958,311.0
1350802,311.0
1453905,311.0
1158635,0.0
1439173,0.0
1124945,311.0
1181477,311.0
1328556,311.0
1100862,0.0
1182017,0.0
1428840,0.0
1024935,311.0
1415096,311.0
1421083,311.0
1303020,0.0
1359835,0.0
1149958,0.0
1199338,0.0
1412396,311.0
1298675,311.0
1101215,0.0
1336774,311.0
1470035,0.0
1131530,311.0
1161695,311.0
1000462,311.0
1295778,311.0
1343610,311.0
1454774,311.0
1278323,0.0
1042687,0.0
1137381,311.0
1067376,311.0
1482068,311.0
1317967,0.0
1204072,0.0
1235005,0.0
1286949,0.0
1133501,311.0
1278768,0.0
1480834,0.0
1426286,0.0
1094093,0.0
1396181,311.0
1223823,311.0
1492454,311.0
1201819,311.0
1181215,0.0
1032261,0.0
1301578,0.0
1157687,311.0
1093883,311.0
1079579,311.0
1004214,0.0
1197207,0.0
1135404,311.0
1363648,311.0
1289049,311.0
1358588,311.0
1025147,311.0
1143497,311.0
1196216,311.0
1141805,311.0
1028420,311.0
1008082,311.0
1203463,311.0
1392466,311.0
1177980,0.0
1129026,311.0
1420393,311.0
1286612,311.0
1012745,311.0
1316195,311.0
1336270,311.0
1173009,311.0
1000985,311.0
1358438,311.0
1098498,311.0
1139395,311.0
1428117,311.0
1208172,311.0
1192446,311.0
1325627,311.0
1005381,0.0
1349952,311.0
1430936,311.0
1225113,311.0
1423383,311.0
1034367,311.0
1437835,311.0
1219650,311.0
1003233,311.0
1001959,311.0
1203085,311.0
1318753,311.0
1349633,311.0
1093789,311.0
1268958,0.0
1397788,0.0
1324815,0.0
1043188,311.0
1110209,311.0
1285563,311.0
1405565,0.0
1437796,0.0
1455635,0.0
1072876,311.0
1281126,311.0
1107663,311.0
1027897,0.0
1043906,0.0
1237456,0.0
1434274,311.0
1190560,311.0
1103196,311.0
1189968,0.0
1171370,0.0
1464389,311.0
1226413,311.0
1119344,311.0
1462747,0.0
1409516,0.0
1088922,0.0
1094263,311.0
1395641,311.0
1413100,311.0
1232307,311.0
1204926,0.0
1366727,0.0
1295967,311.0
1131866,311.0
1186797,311.0
1110029,311.0
1253091,311.0
1153680,0.0
1494564,311.0
1278200,311.0
1083108,311.0
1233302,0.0
1022893,311.0
1228678,311.0
1329123,311.0
1199250,311.0
1357046,311.0
1310599,311.0
1474016,311.0
1247520,311.0
1380718,0.0
1395108,0.0
1024103,311.0
1383628,311.0
1142228,311.0
1471495,311.0
1076185,0.0
1290532,0.0
1438685,0.0
1142560,311.0
1391099,311.0
1310622,0.0
1358268,0.0
1366545,0.0
1355267,0.0
1269910,311.0
1150323,311.0
1474262,311.0
1107925,311.0
1091430,0.0
1337831,0.0
1414860,311.0
1325912,311.0
1424822,311.0
1333190,0.0
1030998,0.0
1146677,0.0
1143816,311.0
1057905,311.0
1041924,0.0
1018699,0.0
1004607,0.0
1314329,311.0
1229282,311.0
1070986,311.0
1047318,311.0
1292906,0.0
1185079,0.0
1214209,311.0
1021670,311.0
1014345,311.0
1488800,311.0
1497477,311.0
1349597,311.0
1089294,0.0
1125205,0.0
1340873,0.0
1407369,311.0
1226418,311.0
1319050,0.0
1199115,0.0
1027254,0.0
1232746,311.0
1351003,311.0
1117290,0.0
1237585,0.0
1477386,0.0
1301386,0.0
1391914,311.0
1155514,311.0
1040382,311.0
1219612,0.0
1030360,0.0
1354327,311.0
1298517,311.0
1239910,311.0
1171598,311.0
1391417,0.0
1046430,0.0
1217757,0.0
1203469,311.0
1357556,311.0
1461455,311.0
1184561,311.0
1209472,0.0
1192580,0.0
1474084,311.0
1487287,311.0
1164193,311.0
1109602,311.0
1443392,0.0
1320629,0.0
1342379,311.0
1498006,311.0
1347818,311.0
1305267,0.0
1087166,311.0
1076853,311.0
1305385,311.0
1079826,0.0
1104176,311.0
1175267,311.0
1378907,311.0
1012151,311.0
1270474,311.0
1131994,0.0
1450872,311.0
1471133,311.0
1165658,311.0
1217814,311.0
1443855,0.0
1407586,0.0
1088239,311.0
1387039,0.0
1067822,311.0
1471014,0.0
1242372,0.0
1363784,0.0
1179493,311.0
1462332,311.0
1028630,311.0
1384173,311.0
1010409,311.0
1240628,0.0
1418851,0.0
1359951,0.0
1411078,311.0
1287056,311.0
1440725,311.0
1056033,311.0
1396116,311.0
1425734,311.0
1090818,311.0
1191333,311.0
1414435,311.0
1146344,311.0
1460264,311.0
1266765,311.0
1082803,0.0
1431972,0.0
1230002,0.0
1402798,311.0
1356258,311.0
1212698,0.0
1486372,0.0
1443293,0.0
1324089,311.0
1171163,311.0
1056982,311.0
1279701,0.0
1397626,0.0
1326661,0.0
1246808,311.0
1006570,311.0
1427424,311.0
1393546,311.0
1058293,311.0
1001180,311.0
1407561,311.0
1344056,0.0
1198898,0.0
1114889,311.0
1318169,311.0
1220031,0.0
1162048,0.0
1178436,0.0
1313079,311.0
1265812,311.0
1039592,0.0
1218630,311.0
1079575,0.0
1000586,311.0
1429686,311.0
1230004,311.0
1452748,0.0
1078476,311.0
1234810,311.0
1333045,311.0
1234968,311.0
1219673,311.0
1352579,311.0
1185243,311.0
1100649,311.0
1139012,0.0
1487534,0.0
1040523,0.0
1138941,311.0
1329060,311.0
1364719,0.0
1336659,0.0
1117505,0.0
1350098,311.0
1392380,311.0
1420772,311.0
1182139,0.0
1412054,0.0
1489178,0.0
1294662,311.0
1259517,311.0
1422858,0.0
1148515,0.0
1465748,0.0
1441382,311.0
1383402,311.0
1125018,311.0
1245505,0.0
1009320,0.0
1232901,0.0
1356004,311.0
1302236,311.0
1278894,0.0
1052757,0.0
1322060,0.0
1373882,311.0
1123593,311.0
1366427,311.0
1365294,311.0
1464131,0.0
1198611,0.0
1339347,0.0
1142883,311.0
1109675,311.0
1162252,0.0
1420537,311.0
1271253,311.0
1477134,311.0
1098625,311.0
1086137,311.0
1499690,311.0
1333035,311.0
1484962,311.0
1061620,311.0
1305904,311.0
1365197,311.0
1178853,311.0
1165037,0.0
1367023,311.0
1137267,311.0
1161659,311.0
1092440,311.0
1093380,0.0
1425176,311.0
1119688,311.0
1471786,311.0
1266863,311.0
1122156,311.0
1291641,311.0
1453686,311.0
1351721,0.0
1048131,0.0
1378323,0.0
1237518,311.0
1370913,311.0
1497225,0.0
1134227,311.0
1243770,311.0
1011398,311.0
1362374,311.0
1370332,311.0
1369916,311.0
1368442,311.0
1401772,311.0
1164969,311.0
1376822,311.0
1192752,0.0
1122553,0.0
1084167,311.0
1435856,311.0
1416232,0.0
1356384,0.0
1145535,0.0
1103003,0.0
1390893,0.0
1163752,311.0
1284180,0.0
1044711,0.0
1101385,0.0
1310135,311.0
1107165,311.0
1044935,311.0
1358058,0.0
1270763,0.0
1141498,311.0
1099098,311.0
1368689,311.0
1225441,0.0
1411973,0.0
1305327,0.0
1326015,311.0
1474663,311.0
1461176,311.0
1367817,311.0
1328212,0.0
1251250,0.0
1175249,311.0
1067334,311.0
1343496,311.0
1198628,311.0
1425780,311.0
1255897,311.0
1238740,311.0
1442104,311.0
1200505,311.0
1096571,311.0
1453406,311.0
1498862,311.0
1109460,0.0
1095250,311.0
1009945,0.0
1062744,311.0
1104740,311.0
1146902,311.0
1109325,0.0
1426497,0.0
1277432,0.0
1464202,311.0
1123580,0.0
1123130,0.0
1438654,0.0
1378051,0.0
1283089,0.0
1214375,311.0
1223519,311.0
1492295,0.0
1315808,311.0
1245081,311.0
1179359,311.0
1069506,0.0
1084567,0.0
1371893,0.0
1279696,311.0
1381048,311.0
1294243,311.0
1255299,311.0
1454713,311.0
1132414,311.0
1168582,311.0
1211490,311.0
1396054,311.0
1075151,311.0
1129512,311.0
1349156,311.0
1283403,311.0
1442597,311.0
1372560,311.0
1444543,0.0
1317829,0.0
1129603,0.0
1302905,311.0
1478833,311.0
1037634,311.0
1133327,0.0
1145867,0.0
1132416,0.0
1061066,311.0
1237095,311.0
1292548,0.0
1004539,0.0
1109532,0.0
1464786,0.0
1454798,311.0
1258488,311.0
1009681,0.0
1207682,0.0
1272815,0.0
1053250,311.0
1117835,311.0
1142259,311.0
1256087,0.0
1226927,0.0
1197065,0.0
1021476,311.0
1128443,311.0
1063994,311.0
1272093,311.0
1184858,311.0
1130424,0.0
1253795,0.0
1007961,0.0
1090108,311.0
1088502,0.0
1125260,0.0
1093130,311.0
1389806,311.0
1260387,311.0
1257181,0.0
1312562,311.0
1099461,311.0
1227103,311.0
1371677,311.0
1040519,311.0
1419824,311.0
1039816,311.0
1180066,311.0
1093777,0.0
1015607,0.0
1385551,0.0
1343850,311.0
1302699,0.0
1470456,0.0
1033891,0.0
1317953,0.0
1240240,0.0
1138618,0.0
1251353,0.0
1169520,0.0
1222203,0.0
1330506,311.0
1095747,311.0
1146800,311.0
1340138,0.0
1060804,0.0
1034507,311.0
1285430,311.0
1418621,311.0
1389242,311.0
1205005,0.0
1458426,0.0
1145845,311.0
1020336,0.0
1390749,0.0
1458502,0.0
1268836,311.0
1000380,311.0
1316849,311.0
1260616,311.0
1490597,311.0
1365659,311.0
1177200,311.0
1324304,311.0
1423013,311.0
1340752,311.0
1330625,311.0
1165067,311.0
1485963,0.0
1107378,0.0
1475322,0.0
1423096,311.0
1421652,311.0
1164085,0.0
1397932,0.0
1079065,0.0
1234680,0.0
1172167,0.0
1312426,0.0
1492844,0.0
1143346,0.0
1396501,0.0
1213006,311.0
1451834,311.0
1235794,311.0
1475191,0.0
1498268,0.0
1373847,311.0
1429177,311.0
1448932,0.0
1301394,0.0
1279507,0.0
1025507,311.0
1183926,311.0
1364798,311.0
1452295,0.0
1260568,0.0
1487099,311.0
1147881,311.0
1058707,311.0
1423621,0.0
1207940,311.0
1350667,311.0
1248758,311.0
1218300,311.0
1059605,311.0
1122083,311.0
1248754,311.0
1497978,311.0
1193020,0.0
1322847,0.0
1374913,311.0
1178707,311.0
1489039,311.0
1058034,311.0
1256130,0.0
1040412,0.0
1251525,0.0
1302552,311.0
1000405,311.0
1272624,311.0
1418951,0.0
1083553,0.0
1379614,0.0
1204248,311.0
1313512,311.0
1250654,311.0
1497104,311.0
1421623,311.0
1207686,0.0
1464581,0.0
1022560,311.0
1037597,311.0
1168775,311.0
1429336,311.0
1173733,311.0
1384661,0.0
1174164,311.0
1130340,311.0
1413242,0.0
1002128,0.0
1245306,0.0
1056566,311.0
1252353,311.0
1321307,311.0
1004124,311.0
1327188,311.0
1083831,311.0
1430974,0.0
1204607,0.0
1375533,0.0
1110541,311.0
1308693,0.0
1339671,0.0
1146493,0.0
1446291,0.0
1473600,0.0
1106524,0.0
1041891,0.0
1246866,0.0
1063833,0.0
1010170,311.0
1061389,311.0
1391427,311.0
1124635,311.0
1163908,311.0
1480946,0.0
1317106,311.0
1289609,0.0
1130721,0.0
1085675,0.0
1456089,311.0
1487852,311.0
1194326,311.0
1250822,311.0
1393237,311.0
1079005,0.0
1114401,311.0
1285141,311.0
1272957,311.0
1215779,0.0
1074009,311.0
1167678,0.0
1028514,311.0
1309758,311.0
1280261,311.0
1236341,311.0
1193107,311.0
1231421,0.0
1327609,0.0
1233349,0.0
1462748,311.0
1269584,311.0
1014996,311.0
1443779,0.0
1430695,0.0
1075490,0.0
1465455,311.0
1484197,311.0
1121116,0.0
1329859,0.0
1305683,0.0
1276788,0.0
1243216,311.0
1468809,311.0
1073152,311.0
1306776,311.0
1375783,0.0
1136080,0.0
1015385,311.0
1066076,311.0
1289065,0.0
1049699,0.0
1273859,311.0
1250917,311.0
1134217,311.0
1128791,311.0
1076426,311.0
1240821,311.0
1162484,311.0
1287294,311.0
1285677,311.0
1102290,311.0
1215930,311.0
1457277,311.0
1237362,311.0
1243074,311.0
1161777,311.0
1450893,311.0
1235684,311.0
1166579,311.0
1275946,0.0
1226462,0.0
1189141,311.0
1001431,311.0
1344123,311.0
1264101,0.0
1085278,0.0
1466159,0.0
1043464,311.0
1492522,311.0
1106674,311.0
1079406,0.0
1483182,0.0
1099585,0.0
1305943,311.0
1202448,311.0
1262049,311.0
1108913,311.0
1019053,311.0
1031572,311.0
1031727,0.0
1351498,0.0
1489607,311.0
1248197,311.0
1268765,311.0
1170120,0.0
1371644,0.0
1441584,0.0
1221116,311.0
1011312,311.0
1289928,311.0
1240530,311.0
1467823,311.0
1167321,311.0
1326759,311.0
1106911,311.0
1127586,0.0
1117230,311.0
1408980,311.0
1466637,311.0
1032676,311.0
1085342,311.0
1100472,311.0
1212272,311.0
1487542,311.0
1180280,0.0
1072664,0.0
1387433,0.0
1233924,311.0
1131911,311.0
1261584,311.0
1479677,0.0
1105905,0.0
1267000,0.0
1249099,311.0
1460320,311.0
1074993,0.0
1145990,0.0
1049132,0.0
1063015,311.0
1070294,311.0
1114529,0.0
1370194,311.0
1270326,311.0
1087211,311.0
1371275,311.0
1473338,0.0
1230945,0.0
1200793,0.0
1054892,311.0
1262561,311.0
1007490,311.0
1308751,0.0
1073589,0.0
1305397,311.0
1274216,311.0
1296322,311.0
1496799,311.0
1390124,0.0
1246387,0.0
1087532,311.0
1038990,311.0
1002997,311.0
1441462,0.0
1212479,0.0
1336379,311.0
1231107,311.0
1025208,311.0
1040724,311.0
1315060,311.0
1450801,311.0
1042128,311.0
1297462,0.0
1067689,0.0
1480247,311.0
1111610,311.0
1115458,311.0
1083245,0.0
1316588,0.0
1422402,311.0
1103872,311.0
1252476,311.0
1241492,311.0
1279465,0.0
1346600,0.0
1045529,311.0
1247475,311.0
1033602,311.0
1169805,0.0
1370143,0.0
1296432,0.0
1230218,311.0
1006102,311.0
1365140,311.0
1358351,311.0
1484593,311.0
1311634,311.0
1165626,311.0
1018556,311.0
1388114,311.0
1220103,311.0
1155339,0.0
1008164,0.0
1061591,311.0
1403371,311.0
1430621,311.0
1146539,311.0
1134494,0.0
1280679,311.0
1413584,0.0
1250015,311.0
1174617,311.0
1172903,311.0
1338433,0.0
1439329,0.0
1453924,0.0
1230360,311.0
1474539,311.0
1385434,311.0
1420768,0.0
1242843,0.0
1491297,311.0
1029994,311.0
1195450,0.0
1106133,0.0
1343078,0.0
1106605,311.0
1021972,311.0
1054087,311.0
1000916,0.0
1366353,311.0
1498867,311.0
1446240,311.0
1493905,0.0
1192604,311.0
1157900,311.0
1060922,311.0
1401083,311.0
1063131,311.0
1291236,311.0
1339975,0.0
1325692,0.0
1379965,0.0
1445518,311.0
1272125,0.0
1173218,311.0
1462601,0.0
1430034,0.0
1132325,0.0
1124041,0.0
1028358,311.0
1401741,0.0
1341530,0.0
1193266,0.0
1407952,0.0
1392239,311.0
1310990,311.0
1406214,311.0
1110969,311.0
1440940,0.0
1028809,311.0
1104430,311.0
1149766,311.0
1161152,0.0
1291371,0.0
1469310,0.0
1359583,311.0
1247499,311.0
1313529,311.0
1098128,0.0
1465531,0.0
1353011,311.0
1073089,311.0
1295773,311.0
1158717,311.0
1035147,311.0
1342863,311.0
1269768,311.0
1112092,311.0
1121263,311.0
1220068,311.0
1189831,311.0
1107821,311.0
1290617,0.0
1125510,311.0
1268748,311.0
1235898,311.0
1103804,311.0
1020219,311.0
1207242,311.0
1491093,0.0
1024663,0.0
1002342,0.0
1098095,0.0
1233877,0.0
1191246,0.0
1345716,0.0
1379599,0.0
1254624,311.0
1323555,311.0
1301996,311.0
1327864,311.0
1317099,0.0
1062675,0.0
1167392,311.0
1224019,311.0
1162956,311.0
1393617,311.0
1410139,311.0
1161585,311.0
1228744,311.0
1486498,311.0
1237006,311.0
1368477,311.0
1268989,311.0
1331468,311.0
1193998,311.0
1212172,311.0
1020427,311.0
1464987,311.0
1397410,311.0
1305831,0.0
1478418,0.0
1461833,0.0
1240501,311.0
1306099,311.0
1073500,0.0
1127933,0.0
1467236,0.0
1117229,0.0
1472745,311.0
1198136,0.0
1237283,0.0
1167140,0.0
1408325,0.0
1032374,311.0
1294006,311.0
1007549,311.0
1391878,0.0
1178675,311.0
1093994,311.0
1100173,311.0
1035285,311.0
1209006,311.0
1246267,0.0
1415208,0.0
1421985,311.0
1356088,311.0
1215618,311.0
1474247,311.0
1495102,0.0
1277463,311.0
1075062,311.0
1408601,311.0
1191405,311.0
1064291,311.0
1207427,311.0
1346348,311.0
1006361,311.0
1178992,311.0
1022032,311.0
1356978,311.0
1339194,0.0
1140639,0.0
1358305,311.0
1497364,311.0
1079291,311.0
1032155,311.0
1332928,0.0
1016607,0.0
1018139,0.0
1498588,0.0
1447715,0.0
1064474,0.0
1497299,0.0
1028758,0.0
1232226,0.0
1295932,311.0
1242979,311.0
1131973,0.0
1264900,0.0
1372544,0.0
1069977,311.0
1051497,311.0
1439868,311.0
1071157,0.0
1229991,0.0
1045423,0.0
1424192,311.0
1162793,311.0
1378401,0.0
1236537,0.0
1279865,311.0
1438196,311.0
1128118,311.0
1084912,0.0
1257133,311.0
1326260,311.0
1342245,311.0
1382993,311.0
1023106,311.0
1422156,311.0
1378172,311.0
1428499,311.0
1361549,0.0
1447369,0.0
1499731,0.0
1477208,311.0
1224012,311.0
1476979,311.0
1388306,0.0
1320899,0.0
1182492,0.0
1070528,311.0
1378815,311.0
1133192,0.0
1358297,0.0
1168617,0.0
1198452,0.0
1054815,311.0
1429989,311.0
1452920,311.0
1364546,311.0
1047450,311.0
1495323,311.0
1059102,311.0
1199788,311.0
1379979,0.0
1223618,0.0
1016936,311.0
1144801,311.0
1075666,0.0
1423546,0.0
1335791,0.0
1449596,311.0
1223170,311.0
1047470,311.0
1335462,311.0
1077952,311.0
1246739,0.0
1314848,311.0
1274066,311.0
1017736,311.0
1331336,311.0
1069717,311.0
1427960,311.0
1285901,311.0
1183120,311.0
1035322,311.0
1412987,311.0
1465065,311.0
1209109,311.0
1138520,0.0
1425904,0.0
1050233,0.0
1438123,311.0
1306697,311.0
1466488,311.0
1061294,0.0
1165400,0.0
1270455,0.0
1173994,311.0
1234906,311.0
1217608,311.0
1399546,0.0
1425432,0.0
1375742,0.0
1386971,311.0
1313903,311.0
1468046,311.0
1143434,0.0
1458467,0.0
1315614,0.0
1060379,311.0
1242551,311.0
1095364,311.0
1355864,0.0
1433846,0.0
1490375,311.0
1128032,311.0
1274803,311.0
1141401,311.0
1036619,311.0
1182033,0.0
1394734,311.0
1266882,311.0
1350266,311.0
1032110,311.0
1346305,311.0
1352022,311.0
1444572,311.0
1337198,311.0
1232183,311.0
1193500,311.0
1332522,311.0
1181307,311.0
1318970,0.0
1230110,0.0
1282678,311.0
1454906,311.0
1087230,0.0
1245072,311.0
1333259,0.0
1246760,0.0
1144722,0.0
1228809,311.0
1177855,311.0
1459200,311.0
1419376,0.0
1473748,0.0
1315244,0.0
1117852,311.0
1378735,311.0
1123101,311.0
1216042,311.0
1363824,311.0
1109184,0.0
1453938,0.0
1415863,0.0
1410274,311.0
1287636,311.0
1132630,311.0
1406271,0.0
1090704,311.0
1122982,311.0
1349996,311.0
1131800,311.0
1385171,311.0
1359439,311.0
1306678,311.0
1114122,311.0
1192330,311.0
1080130,311.0
1210263,311.0
1324577,0.0
1171672,0.0
1083317,0.0
1230585,311.0
1000085,311.0
1425828,311.0
1396429,0.0
1269710,0.0
1050978,0.0
1435716,0.0
1042953,0.0
1189914,0.0
1092362,0.0
1096295,0.0
1300682,0.0
1288816,311.0
1128198,0.0
1346627,311.0
1088156,311.0
1478834,311.0
1331594,311.0
1217675,0.0
1112700,0.0
1277335,0.0
1080700,311.0
1137982,311.0
1028104,311.0
1140032,0.0
1241891,0.0
1014522,0.0
1469891,311.0
1331921,311.0
1259451,311.0
1139069,311.0
1074410,311.0
1452537,311.0
1197171,311.0
1120175,311.0
1221083,311.0
1419813,311.0
1062617,311.0
1217149,311.0
1089050,0.0
1461365,0.0
1080756,311.0
1070930,311.0
1453915,311.0
1122163,0.0
1281556,0.0
1451474,0.0
1184979,311.0
1448200,311.0
1361626,311.0
1127302,0.0
1342786,0.0
1148097,0.0
1206446,311.0
1037296,311.0
1306781,311.0
1096759,311.0
1493504,311.0
1294035,311.0
1408322,311.0
1311230,311.0
1431143,311.0
1057122,0.0
1052429,311.0
1402786,311.0
1395805,311.0
1070689,311.0
1298419,311.0
1017228,311.0
1366050,311.0
1309302,0.0
1071986,311.0
1348808,311.0
1105017,311.0
1131156,311.0
1191506,311.0
1196940,0.0
1339825,311.0
1215288,311.0
1108597,311.0
1493433,311.0
1010862,311.0
1289902,311.0
1350450,311.0
1467669,311.0
1057838,311.0
1388713,311.0
1248955,311.0
1498604,311.0
1121810,0.0
1145363,0.0
1408791,0.0
1398059,311.0
1000890,311.0
1120392,0.0
1159673,0.0
1264986,0.0
1129548,311.0
1225380,311.0
1078271,311.0
1304517,0.0
1377140,0.0
1056871,0.0
1173936,311.0
1416956,311.0
1171152,311.0
1177426,311.0
1260705,311.0
1138702,311.0
1163092,311.0
1134672,0.0
1411709,0.0
1053624,0.0
1205375,311.0
1287103,311.0
1169085,311.0
1452470,311.0
1346931,311.0
1128636,311.0
1011007,311.0
1441671,311.0
1326038,0.0
1467889,311.0
1254304,311.0
1449143,311.0
1180721,311.0
1085409,311.0
1255557,311.0
1016231,311.0
1179779,311.0
1404777,311.0
1482667,311.0
1018043,311.0
1337116,0.0
1366322,0.0
1394190,0.0
1408881,311.0
1269966,311.0
1027247,0.0
1431942,0.0
1053389,0.0
1059676,311.0
1092508,311.0
1178026,311.0
1241259,0.0
1068862,0.0
1366988,0.0
1229730,311.0
1057777,311.0
1417079,311.0
1485601,0.0
1111304,0.0
1252493,0.0
1348179,311.0
1267474,311.0
1325342,0.0
1260311,0.0
1113155,0.0
1140269,311.0
1315629,311.0
1471838,311.0
1260235,311.0
1463547,0.0
1453965,0.0
1271516,311.0
1418510,311.0
1209386,311.0
1495791,0.0
1303705,0.0
1126270,0.0
1233169,0.0
1018405,0.0
1145871,311.0
1013566,0.0
1311102,311.0
1274734,311.0
1318399,311.0
1208881,311.0
1057936,311.0
1330281,311.0
1341683,311.0
1137845,311.0
1093038,0.0
1413823,0.0
1198302,0.0
1050288,311.0
1457410,0.0
1087017,311.0
1184251,0.0
1046290,0.0
1365636,0.0
1020051,311.0
1314155,311.0
1054140,311.0
1128795,0.0
1343368,0.0
1027914,0.0
1042062,311.0
1390807,311.0
1028601,311.0
1082933,0.0
1384407,0.0
1196961,0.0
1122942,311.0
1189314,311.0
1368555,311.0
1439062,0.0
1373666,0.0
1281436,0.0
1075875,311.0
1079425,311.0
1375719,311.0
1438076,311.0
1323027,311.0
1280440,311.0
1136807,0.0
1413776,0.0
1372751,311.0
1366942,0.0
1252904,0.0
1484640,0.0
1141481,311.0
1484744,311.0
1368030,311.0
1115883,0.0
1178326,311.0
1144637,311.0
1083185,311.0
1265850,311.0
1064535,311.0
1151642,311.0
1051521,311.0
1112568,311.0
1060374,0.0
1145737,0.0
1153172,0.0
1182641,0.0
1416916,311.0
1432452,0.0
1454467,0.0
1090725,0.0
1278151,311.0
1182721,311.0
1490426,311.0
1261967,0.0
1272173,0.0
1475127,0.0
1402147,0.0
1405911,311.0
1270123,311.0
1129747,311.0
1479343,0.0
1224135,311.0
1026022,0.0
1133017,311.0
1374299,311.0
1492201,311.0
1194920,311.0
1198272,311.0
1403006,0.0
1388663,311.0
1351797,311.0
1012076,311.0
1199141,311.0
1248453,311.0
1479518,311.0
1216396,311.0
1019051,311.0
1452145,311.0
1125314,311.0
1199363,0.0
1402736,0.0
1328158,311.0
1316599,311.0
1046186,311.0
1005596,0.0
1353037,0.0
1390757,0.0
1085036,311.0
1399946,311.0
1291405,311.0
1047146,0.0
1198624,0.0
1105675,0.0
1113170,311.0
1377155,311.0
1412520,311.0
1138417,311.0
1207513,0.0
1241983,0.0
1093937,0.0
1409401,311.0
1323538,311.0
1355453,311.0
1273259,0.0
1036223,0.0
1128930,311.0
1401233,311.0
1135475,311.0
1368027,311.0
1054611,311.0
1079923,311.0
1465046,311.0
1113947,311.0
1206608,311.0
1141138,311.0
1398745,311.0
1232389,311.0
1469568,0.0
1101451,311.0
1067520,311.0
1335882,311.0
1493778,311.0
1433304,311.0
1416184,311.0
1242834,311.0
1349144,0.0
1295630,311.0
1002687,0.0
1221251,311.0
1128689,311.0
1307832,311.0
1092126,0.0
1205829,311.0
1057847,311.0
1480723,311.0
1224002,311.0
1191903,311.0
1252385,311.0
1211903,311.0
1452747,311.0
1085236,311.0
1081076,311.0
1167347,311.0
1468194,311.0
1180363,0.0
1425283,0.0
1491934,0.0
1165334,311.0
1451779,311.0
1109039,311.0
1164263,0.0
1053599,0.0
1002689,0.0
1202120,311.0
1290273,311.0
1217414,311.0
1140243,0.0
1035444,0.0
1147110,0.0
1143054,311.0
1359435,311.0
1322487,311.0
1285815,0.0
1365522,0.0
1401322,311.0
1104534,311.0
1418559,311.0
1333723,0.0
1062934,0.0
1203979,311.0
1493410,311.0
1119538,311.0
1103421,311.0
1461010,311.0
1099608,311.0
1411885,311.0
1491825,311.0
1249918,311.0
1380531,0.0
1266015,0.0
1112176,0.0
1027208,311.0
1040830,311.0
1490168,311.0
1270394,311.0
1210380,311.0
1488002,311.0
1019734,311.0
1236944,311.0
1292333,311.0
1229811,311.0
1449864,311.0
1072219,311.0
1093243,0.0
1184143,0.0
1113423,311.0
1422384,311.0
1283598,311.0
1358409,311.0
1042357,0.0
1161104,0.0
1130025,311.0
1051663,311.0
1061638,311.0
1195041,311.0
1052245,0.0
1452792,0.0
1370147,0.0
1009569,311.0
1075387,311.0
1053460,311.0
1451559,311.0
1139973,311.0
1049891,0.0
1180756,0.0
1318993,0.0
1472200,311.0
1440104,311.0
1140152,311.0
1062709,311.0
1092103,311.0
1443773,311.0
1321207,0.0
1182933,311.0
1285741,311.0
1275544,311.0
1482368,0.0
1401955,311.0
1127074,311.0
1133824,311.0
1048428,311.0
1305096,311.0
1002536,311.0
1369644,311.0
1256556,311.0
1364916,311.0
1138638,311.0
1378795,311.0
1140763,0.0
1025216,0.0
1248799,0.0
1413620,311.0
1466423,311.0
1335166,0.0
1493273,0.0
1386676,0.0
1019313,311.0
1132022,311.0
1101622,311.0
1423915,0.0
1312310,0.0
1225960,0.0
1417376,311.0
1229723,311.0
1419507,311.0
1497642,0.0
1037322,311.0
1293324,311.0
1077904,311.0
1178821,0.0
1392636,0.0
1247012,0.0
1388240,311.0
1198786,311.0
1295096,311.0
1008427,311.0
1493098,0.0
1117910,0.0
1283429,311.0
1230572,311.0
1250107,311.0
1001638,311.0
1070174,0.0
1074527,0.0
1475219,311.0
1487459,311.0
1168060,0.0
1105101,0.0
1130635,311.0
1274486,311.0
1364257,311.0
1055160,311.0
1172892,311.0
1008422,311.0
1290283,311.0
1017722,311.0
1352787,0.0
1406367,311.0
1495288,311.0
1310388,311.0
1386178,311.0
1068779,311.0
1319258,311.0
1467681,0.0
1052491,0.0
1034851,311.0
1128430,311.0
1412582,0.0
1314990,0.0
1361296,0.0
1147045,0.0
1230402,311.0
1250840,311.0
1475205,0.0
1316392,311.0
1198993,311.0
1400145,311.0
1105445,311.0
1150345,0.0
1364032,311.0
1098208,0.0
1412865,311.0
1044787,311.0
1153095,0.0
1155898,311.0
1411551,311.0
1399760,311.0
1257810,311.0
1180700,311.0
1175998,311.0
1155579,311.0
1238414,311.0
1124042,311.0
1008278,311.0
1116053,311.0
1002734,311.0
1031478,311.0
1017985,0.0
1021112,0.0
1492370,311.0
1396398,311.0
1056127,311.0
1496140,311.0
1030091,311.0
1247939,0.0
1056526,0.0
1312113,311.0
1008406,311.0
1370016,311.0
1303233,0.0
1319582,0.0
1318816,0.0
1342618,311.0
1383693,311.0
1188311,311.0
1169645,0.0
1135395,0.0
1051052,0.0
1284449,311.0
1271673,311.0
1378449,311.0
1038896,0.0
1472510,0.0
1381929,0.0
1335466,311.0
1210748,311.0
1472665,311.0
1401690,0.0
1457882,0.0
1138253,311.0
1375108,311.0
1367061,0.0
1378475,311.0
1135134,311.0
1375702,311.0
1208820,311.0
1087191,311.0
1286946,311.0
1135939,311.0
1298778,311.0
1426974,0.0
1053569,0.0
1404213,311.0
1400039,311.0
1474073,311.0
1274743,311.0
1480386,0.0
1055391,0.0
1002763,0.0
1005714,0.0
1183601,0.0
1269616,0.0
1387344,0.0
1075519,0.0
1451717,0.0
1249283,311.0
1161877,311.0
1420629,311.0
1467067,311.0
1332082,311.0
1414354,311.0
1028038,311.0
1071038,0.0
1003545,0.0
1356848,0.0
1253695,311.0
1304163,311.0
1275336,311.0
1441314,311.0
1307443,311.0
1395576,311.0
1166004,311.0
1108673,311.0
1168528,311.0
1282673,311.0
1323796,311.0
1425596,311.0
1070034,311.0
1120599,311.0
1115016,0.0
1033118,0.0
1041123,0.0
1412939,0.0
1413843,0.0
1302476,0.0
1200857,0.0
1273097,0.0
1360566,0.0
1054117,311.0
1326687,0.0
1075832,0.0
1408738,0.0
1428262,0.0
1157251,0.0
1383481,311.0
1228924,311.0
1315410,311.0
1198596,0.0
1403013,0.0
1094157,0.0
1158061,0.0
1375495,311.0
1128710,311.0
1012762,0.0
1000164,0.0
1235645,0.0
1423314,311.0
1209129,311.0
1317753,311.0
1316488,0.0
1345688,0.0
1480687,0.0
1184103,311.0
1429083,311.0
1417557,311.0
1374498,311.0
1244972,0.0
1155304,0.0
1331479,0.0
1428927,0.0
1083748,0.0
1135164,0.0
1481250,311.0
1146477,311.0
1433355,0.0
1342553,0.0
1165310,311.0
1117406,311.0
1482433,311.0
1350239,311.0
1070287,0.0
1422053,0.0
1415679,0.0
1458594,311.0
1027595,311.0
1193664,311.0
1193030,0.0
1080694,0.0
1115309,0.0
1214742,0.0
1310983,311.0
1049933,311.0
1187916,0.0
1405350,0.0
1208306,0.0
1407890,311.0
1251220,311.0
1154973,311.0
1308134,311.0
1340776,311.0
1014749,0.0
1360888,0.0
1096812,0.0
1178015,311.0
1161127,311.0
1426825,311.0
1073637,311.0
1069629,311.0
1265774,311.0
1315565,311.0
1299905,311.0
1066372,0.0
1174150,0.0
1191685,311.0
1479763,311.0
1015816,311.0
1042330,311.0
1011286,311.0
1076157,311.0
1261566,311.0
1014434,311.0
1241585,311.0
1135509,311.0
1317797,311.0
1240913,0.0
1393856,0.0
1180477,0.0
1416755,311.0
1438751,311.0
1210716,311.0
1207481,0.0
1470083,0.0
1293173,0.0
1173254,311.0
1258768,311.0
1380138,311.0
1382544,0.0
1273111,0.0
1320280,0.0
1105352,311.0
1366410,311.0
1121472,311.0
1074564,311.0
1020767,311.0
1383381,311.0
1230031,0.0
1499092,0.0
1332401,311.0
1153063,311.0
1028416,311.0
1214310,311.0
1001218,311.0
1333703,311.0
1405199,0.0
1301393,311.0
1446095,311.0
1480680,311.0
1322216,311.0
1236120,311.0
1214604,0.0
1206662,311.0
1106796,311.0
1294863,311.0
1146795,0.0
1027327,311.0
1342955,311.0
1082755,311.0
1492813,311.0
1055690,311.0
1026786,311.0
1308574,311.0
1350008,0.0
1080864,0.0
1478269,0.0
1416531,311.0
1115977,311.0
1335690,311.0
1001266,0.0
1176836,0.0
1258322,0.0
1114726,0.0
1102993,311.0
1471342,311.0
1134459,0.0
1010465,0.0
1229614,0.0
1020515,311.0
1271065,311.0
1038064,311.0
1229599,0.0
1048752,0.0
1197420,311.0
1453906,311.0
1280568,311.0
1112281,0.0
1144866,0.0
1190711,0.0
1403427,311.0
1325526,311.0
1220749,311.0
1069314,0.0
1261442,0.0
1432411,0.0
1389218,311.0
1428386,0.0
1087275,311.0
1336986,311.0
1362637,0.0
1217589,0.0
1209840,311.0
1495580,311.0
1149079,0.0
1163127,0.0
1061096,311.0
1163871,311.0
1198405,311.0
1305470,311.0
1291762,311.0
1336877,311.0
1073789,311.0
1067951,311.0
1222614,0.0
1403857,0.0
1138651,0.0
1211270,311.0
1381202,311.0
1005335,311.0
1036855,0.0
1461982,0.0
1391141,0.0
1254939,0.0
1112470,0.0
1487226,0.0
1384129,0.0
1435237,0.0
1247788,0.0
1310618,311.0
1041606,311.0
1286832,311.0
1341131,311.0
1253423,0.0
1278699,0.0
1347629,311.0
1383158,311.0
1397241,311.0
1379400,0.0
1051753,0.0
1057705,0.0
1349385,311.0
1482906,311.0
1211285,311.0
1362739,0.0
1372645,0.0
1024030,0.0
1364534,311.0
1004040,311.0
1253135,311.0
1295314,311.0
1472784,311.0
1446802,311.0
1089465,311.0
1142103,311.0
1398069,311.0
1204844,311.0
1332593,311.0
1356109,0.0
1168517,311.0
1064667,311.0
1207447,311.0
1014733,311.0
1225294,311.0
1209533,0.0
1484452,0.0
1022654,0.0
1051967,0.0
1240063,0.0
1155281,0.0
1284527,0.0
1466754,311.0
1194391,0.0
1398744,311.0
1181108,311.0
1137782,0.0
1295058,0.0
1258282,0.0
1406300,311.0
1211169,311.0
1194629,311.0
1005691,311.0
1046988,311.0
1096972,0.0
1301880,311.0
1260314,311.0
1232444,311.0
1447544,311.0
1406706,311.0
1223580,311.0
1348953,311.0
1011094,311.0
1483095,311.0
1300527,311.0
1005857,311.0
1003610,0.0
1408456,0.0
1403849,311.0
1136386,311.0
1432249,311.0
1316934,311.0
1166592,0.0
1088047,0.0
1291558,0.0
1046242,311.0
1228604,0.0
1006243,311.0
1148911,0.0
1327287,0.0
1148661,0.0
1027599,311.0
1481882,311.0
1165440,311.0
1302279,311.0
1211613,311.0
1170520,0.0
1092468,0.0
1183386,0.0
1169545,311.0
1443667,311.0
1334075,311.0
1145192,311.0
1038003,311.0
1384196,311.0
1412656,311.0
1055295,311.0
1040402,311.0
1305104,311.0
1156779,311.0
1461293,311.0
1071792,311.0
1193704,311.0
1147855,0.0
1407308,0.0
1021817,0.0
1365027,311.0
1084190,311.0
1472270,311.0
1245033,0.0
1038126,0.0
1308774,0.0
1096561,0.0
1392101,0.0
1032755,0.0
1167841,0.0
1421534,0.0
1026941,0.0
1218181,311.0
1252535,311.0
1458926,311.0
1181288,311.0
1453177,0.0
1290817,0.0
1191933,311.0
1072907,311.0
1149758,0.0
1363331,0.0
1232116,0.0
1111671,311.0
1431212,311.0
1260318,311.0
1007979,311.0
1300132,0.0
1468244,0.0
1259749,311.0
1213726,311.0
1015552,311.0
1321503,311.0
1299417,311.0
1403037,311.0
1141868,311.0
1131022,311.0
1053785,311.0
1415612,311.0
1015692,311.0
1191552,311.0
1403461,0.0
1332254,0.0
1155391,0.0
1010155,311.0
1035382,311.0
1359199,0.0
1126332,0.0
1194544,0.0
1193216,311.0
1321873,311.0
1176118,0.0
1352350,0.0
1317428,0.0
1324687,0.0
1199138,311.0
1499661,311.0
1285022,0.0
1095276,0.0
1309363,0.0
1118148,311.0
1017490,311.0
1032990,311.0
1135634,0.0
1198010,0.0
1063801,311.0
1232162,311.0
1338164,311.0
1399699,311.0
1159200,311.0
1285083,311.0
1469794,311.0
1260006,311.0
1432624,311.0
1069560,311.0
1314621,311.0
1032488,0.0
1305157,0.0
1357660,311.0
1146905,311.0
1250390,311.0
1313978,311.0
1224536,311.0
1028926,311.0
1210886,311.0
1425911,311.0
1395996,311.0
1258284,311.0
1407411,311.0
1086007,311.0
1240827,0.0
1485036,0.0
1412215,0.0
1134426,0.0
1409562,0.0
1252129,0.0
1466995,311.0
1279324,311.0
1339668,311.0
1295887,0.0
1188104,0.0
1085039,0.0
1050056,311.0
1141506,311.0
1468730,311.0
1305167,311.0
1356988,311.0
1048644,311.0
1169338,311.0
1090148,311.0
1023369,0.0
1219708,0.0
1212523,311.0
1403827,311.0
1452741,311.0
1037225,311.0
1003089,311.0
1430497,0.0
1384588,311.0
1493343,311.0
1108739,311.0
1205048,311.0
1379067,0.0
1010055,311.0
1320813,311.0
1221392,311.0
1487103,0.0
1276585,311.0
1115907,311.0
1059297,311.0
1304461,311.0
1289905,311.0
1003698,311.0
1333400,311.0
1239454,311.0
1055152,0.0
1225205,0.0
1435274,0.0
1361159,311.0
1325155,311.0
1042206,311.0
1465788,0.0
1010758,0.0
1239556,0.0
1130835,311.0
1126299,311.0
1317214,311.0
1229307,0.0
1008850,0.0
1371311,0.0
1496308,311.0
1122414,311.0
1395159,311.0
1002230,311.0
1143224,311.0
1236638,311.0
1050839,311.0
1163875,311.0
1031011,0.0
1489736,0.0
1341427,0.0
1240489,311.0
1456593,311.0
1052585,311.0
1394883,311.0
1045296,0.0
1445153,311.0
1451679,311.0
1225058,311.0
1498918,0.0
1485511,0.0
1452266,311.0
1136292,311.0
1310817,311.0
1163223,311.0
1267340,311.0
1227931,311.0
1205560,311.0
1365667,311.0
1023335,311.0
1048292,311.0
1014247,311.0
1023285,0.0
1439264,311.0
1256710,311.0
1209335,311.0
1001246,0.0
1452526,0.0
1125626,0.0
1397692,0.0
1097219,311.0
1001749,311.0
1174009,0.0
1273784,0.0
1496218,0.0
1413745,311.0
1389077,311.0
1221196,311.0
1444587,0.0
1373602,0.0
1329527,0.0
1193964,311.0
1468201,311.0
1289132,311.0
1461927,0.0
1206526,0.0
1069368,0.0
1484014,311.0
1122166,311.0
1306210,311.0
1484168,0.0
1139063,0.0
1093872,0.0
1388566,311.0
1040282,311.0
1319244,311.0
1170280,0.0
1128364,311.0
1421850,311.0
1186084,311.0
1425827,311.0
1459114,311.0
1466692,311.0
1203269,311.0
1352296,311.0
1162670,0.0
1300191,0.0
1009989,0.0
1465666,311.0
1461783,311.0
1442787,311.0
1031907,0.0
1188853,0.0
1456783,0.0
1322215,311.0
1010784,311.0
1167640,311.0
1195948,0.0
1204311,0.0
1297826,0.0
1148491,311.0
1356906,311.0
1039066,311.0
1462622,0.0
1138775,0.0
1122589,0.0
1307805,311.0
1304407,311.0
1470811,311.0
1243938,0.0
1425470,0.0
1007261,0.0
1109541,311.0
1318923,311.0
1249534,311.0
1329857,311.0
1439027,0.0
1182612,0.0
1155033,0.0
1300537,0.0
1352454,311.0
1106118,311.0
1038138,0.0
1053303,0.0
1381996,311.0
1173304,311.0
1399035,311.0
1421408,0.0
1307650,311.0
1119858,311.0
1161557,311.0
1255540,311.0
1358312,311.0
1025813,311.0
1293845,311.0
1469131,311.0
1452584,0.0
1377778,0.0
1026971,0.0
1311807,311.0
1397297,311.0
1157453,311.0
1178848,0.0
1409156,0.0
1159256,0.0
1054258,311.0
1322887,311.0
1163471,311.0
1285982,0.0
1348099,0.0
1015778,0.0
1135794,311.0
1396176,311.0
1154956,311.0
1430845,0.0
1014641,0.0
1247169,311.0
1243749,311.0
1381322,0.0
1080295,0.0
1423648,0.0
1278953,311.0
1441916,311.0
1130663,311.0
1313063,311.0
1014037,311.0
1182550,0.0
1216318,311.0
1276624,311.0
1226209,311.0
1304852,0.0
1482935,0.0
1079134,311.0
1210839,311.0
1436244,311.0
1281479,311.0
1034893,311.0
1351362,311.0
1005706,311.0
1262599,0.0
1338024,0.0
1431853,311.0
1375120,0.0
1275037,0.0
1359242,0.0
1035595,0.0
1020465,0.0
1360373,0.0
1331277,0.0
1490342,0.0
1135520,0.0
1268420,0.0
1216882,311.0
1412036,0.0
1080240,311.0
1218649,311.0
1421492,311.0
1466987,0.0
1411928,0.0
1176781,0.0
1124678,311.0
1494779,311.0
1221537,0.0
1126294,0.0
1137246,0.0
1413395,0.0
1360589,0.0
1155915,311.0
1275837,0.0
1337552,0.0
1108013,311.0
1348070,0.0
1253988,311.0
1204089,0.0
1399010,0.0
1271870,0.0
1354177,0.0
1085106,0.0
1274933,0.0
1059732,0.0
1093599,0.0
1083501,0.0
1245868,0.0
1488944,0.0
1432764,0.0
1126587,0.0
1209590,0.0
1111452,0.0
1031614,0.0
1061470,0.0
1157741,0.0
1223395,0.0
1347236,0.0
1097803,0.0
1437385,0.0
1043097,0.0
1090571,0.0
1175602,0.0
1056018,0.0
1252039,0.0
1010852,0.0
1106084,0.0
1288632,311.0
1480839,0.0
1246631,0.0
1315101,0.0
1451902,0.0
1297275,0.0
1425440,0.0
1131845,0.0
1479691,0.0
1471341,0.0
1015668,0.0
1023950,0.0
1392791,0.0
1052529,0.0
1290309,0.0
1046297,0.0
1018738,0.0
1322525,0.0
1479230,0.0
1494204,0.0
1150560,0.0
1177861,0.0
1311911,0.0
1316202,0.0
1272505,311.0
1226069,0.0
1182305,0.0
1185226,0.0
1324628,0.0
1059906,0.0
1450163,0.0
1102401,0.0
1341931,0.0
1069114,0.0
1175458,0.0
1310720,0.0
1415050,0.0
1383471,0.0
1194216,0.0
1481437,0.0
1495661,0.0
1019399,311.0
1056837,0.0
1053353,0.0
1254975,0.0
1209593,0.0
1471019,0.0
1176875,0.0
1251443,0.0
1135737,0.0
1262029,0.0
1148030,0.0
1164364,0.0
1460737,0.0
1152112,0.0
1205077,0.0
1161885,0.0
1018722,311.0
1134437,0.0
1364823,0.0
1029036,0.0
1373558,0.0
1359546,0.0
1120697,0.0
1006493,0.0
1072422,0.0
1344109,0.0
1143023,0.0
1050661,0.0
1482938,0.0
1113039,0.0
1353136,0.0
1439048,0.0
1095693,0.0
1154581,0.0
1030585,0.0
1204210,0.0
1061143,0.0
1354048,0.0
1442704,0.0
1079999,0.0
1263052,0.0
1237270,0.0
1137849,0.0
1124343,0.0
1427908,0.0
1239094,0.0
1033383,0.0
1468996,0.0
1054997,0.0
1436104,0.0
1270430,0.0
1490371,0.0
1425338,0.0
1156343,311.0
1053397,0.0
1023786,311.0
1134905,0.0
1079563,0.0
1197228,0.0
1204951,0.0
1106730,311.0
1369820,0.0
1159279,0.0
1177457,0.0
1385752,0.0
1430795,0.0
1099951,0.0
1072198,0.0
1187970,0.0
1065673,0.0
1473661,0.0
1223698,0.0
1471497,0.0
1339581,311.0
1105018,0.0
1150316,0.0
1338949,0.0
1312287,0.0
1268704,0.0
1203407,0.0
1053667,0.0
1187634,0.0
1445202,0.0
1313499,0.0
1304477,0.0
1341870,0.0
1470509,0.0
1237037,0.0
1320649,0.0
1135015,0.0
1043208,0.0
1211873,311.0
1399254,0.0
1207452,0.0
1257870,0.0
1385886,0.0
1068568,0.0
1078002,311.0
1490242,0.0
1099037,0.0
1424254,0.0
1399342,0.0
1014602,0.0
1253867,0.0
1243712,0.0
1401108,0.0
1053371,0.0
1319647,0.0
1186069,0.0
1224626,0.0
1144512,0.0
1448207,0.0
1327143,0.0
1028978,0.0
1435666,0.0
1240466,0.0
1120441,0.0
1315750,0.0
1353789,0.0
1383467,0.0
1112962,0.0
1242487,0.0
1029543,0.0
1053213,0.0
1218496,0.0
1342800,0.0
1472699,0.0
1378869,0.0
1027118,0.0
1262290,0.0
1267485,0.0
1124304,0.0
1191782,0.0
1210850,0.0
1466336,0.0
1327394,0.0
1152647,0.0
1078195,0.0
1410772,0.0
1229974,0.0
1379112,0.0
1264973,0.0
1243209,0.0
1083372,0.0
1136997,0.0
1499049,0.0
1473840,0.0
1279640,0.0
1390007,0.0
1094534,0.0
1223222,0.0
1371702,0.0
1404622,0.0
1082354,0.0
1495976,0.0
1453841,0.0
1396741,0.0
1077806,0.0
1305530,0.0
1168898,0.0
1429778,0.0
1011542,0.0
1455031,0.0
1377892,0.0
1204957,0.0
1364029,0.0
1276134,311.0
1109929,0.0
1189012,0.0
1267281,0.0
1168666,0.0
1290984,0.0
1134259,0.0
1079663,0.0
1405700,0.0
1242649,0.0
1093705,0.0
1386117,0.0
1396561,0.0
1274230,0.0
1287009,0.0
1302724,0.0
1481691,311.0
1217979,0.0
1336295,0.0
1479063,0.0
1050596,311.0
1130206,0.0
1102860,0.0
1240302,0.0
1328969,0.0
1210051,311.0
1071294,0.0
1129769,0.0
1183162,0.0
1499969,0.0
1437863,0.0
1019725,311.0
1111253,0.0
1101634,0.0
1414035,0.0
1462031,311.0
1301112,0.0
1192192,0.0
1116984,0.0
1456740,0.0
1343753,0.0
1276681,0.0
1045179,0.0
1184984,0.0
1034182,0.0
1368923,0.0
1298135,0.0
1067326,0.0
1275945,0.0
1160660,0.0
1138171,0.0
1165417,0.0
1047619,0.0
1460277,0.0
1347100,0.0
1424992,0.0
1070616,0.0
1232270,311.0
1030558,0.0
1413854,0.0
1304951,0.0
1499239,0.0
1164689,0.0
1334067,0.0
1285934,0.0
1136102,0.0
1158805,0.0
1448872,0.0
1494631,0.0
1261533,0.0
1127622,0.0
1113702,0.0
1402669,0.0
1235863,0.0
1471648,0.0
1128016,0.0
1176666,0.0
1308071,0.0
1424549,0.0
1287145,0.0
1394524,0.0
1289418,0.0
1175099,0.0
1050753,0.0
1497444,0.0
1276761,0.0
1271167,0.0
1404679,0.0
1433405,0.0
1130736,0.0
1453390,0.0
1090499,0.0
1111904,0.0
1368837,0.0
1484881,0.0
1011859,311.0
1318144,0.0
1135584,0.0
1444883,0.0
1050649,0.0
1357379,0.0
1373055,0.0
1311164,0.0
1091958,0.0
1196856,0.0
1399625,0.0
1370785,0.0
1404655,0.0
1401074,0.0
1111497,311.0
1244194,0.0
1070647,0.0
1177881,0.0
1403116,311.0
1247734,0.0
1320512,0.0
1117249,0.0
1080975,0.0
1320039,311.0
1315854,0.0
1253353,0.0
1153574,0.0
1324485,0.0
1300373,311.0
1171033,0.0
1066172,0.0
1404880,0.0
1325435,311.0
1347488,0.0
1302221,0.0
1067371,0.0
1434903,0.0
1210552,0.0
1004925,0.0
1369989,0.0
1242929,0.0
1335469,311.0
1342647,0.0
1107192,311.0
1299678,0.0
1285304,0.0
1481481,0.0
1437121,0.0
1217125,0.0
1363871,0.0
1218607,0.0
1232949,0.0
1277541,0.0
1085531,311.0
1004210,0.0
1056607,0.0
1395664,0.0
1188770,0.0
1232007,311.0
1483507,0.0
1176188,0.0
1386397,0.0
1063163,0.0
1331624,0.0
1039028,0.0
1128793,0.0
1006124,0.0
1120570,0.0
1073521,311.0
1137733,0.0
1243734,311.0
1488400,0.0
1085578,0.0
1430049,0.0
1391126,0.0
1452462,0.0
1164883,0.0
1472997,0.0
1181530,0.0
1141119,0.0
1258259,0.0
1370622,0.0
1264722,0.0
1353691,0.0
1348980,0.0
1095013,0.0
1476130,0.0
1158613,0.0
1396390,0.0
1250001,0.0
1321524,0.0
1172129,0.0
1227420,0.0
1014336,0.0
1331644,0.0
1024818,0.0
1252052,0.0
1469746,0.0
1134484,311.0
1385522,0.0
1303765,0.0
1230047,0.0
1167197,0.0
1223179,0.0
1061269,0.0
1206027,0.0
1286578,0.0
1173309,0.0
1001057,0.0
1489786,0.0
1277956,311.0
1294183,0.0
1453476,0.0
1126772,0.0
1316408,0.0
1373316,0.0
1410147,0.0
1056742,0.0
1219314,0.0
1016479,0.0
1278462,0.0
1402049,0.0
1318810,0.0
1232520,311.0
1090412,311.0
1449639,0.0
1361792,0.0
1041119,0.0
1181465,0.0
1477767,0.0
1074634,0.0
1493200,0.0
1160156,0.0
1092472,0.0
1322503,311.0
1430351,311.0
1128378,0.0
1275754,0.0
1010262,0.0
1169855,0.0
1102462,0.0
1270230,0.0
1312759,311.0
1473072,311.0
1345243,0.0
1004841,0.0
1083409,311.0
1329412,0.0
1076888,0.0
1255536,0.0
1437782,0.0
1367373,0.0
1272919,0.0
1120015,311.0
1470352,0.0
1229488,311.0
1252841,0.0
1387699,0.0
1105498,0.0
1484322,311.0
1497767,0.0
1169970,0.0
1013006,0.0
1079960,0.0
1102782,0.0
1304243,311.0
1234172,311.0
1037765,311.0
1242533,0.0
1457944,0.0
1359495,0.0
1258707,311.0
1405882,0.0
1413277,0.0
1456699,0.0
1241053,311.0
1185989,311.0
1330838,311.0
1389418,311.0
1115820,0.0
1090722,0.0
1431115,0.0
1287186,0.0
1259051,0.0
1364772,0.0
1287438,311.0
1430418,0.0
1212285,0.0
1489187,0.0
1462314,311.0
1035511,0.0
1299070,0.0
1311694,0.0
1440943,0.0
1327449,0.0
1231678,0.0
1076076,0.0
1148106,0.0
1325663,0.0
1179154,0.0
1382830,0.0
1301451,0.0
1175889,0.0
1231167,0.0
1272559,0.0
1096602,0.0
1070414,311.0
1359188,0.0
1436738,0.0
1307575,0.0
1412839,311.0
1296434,311.0
1364866,0.0
1013130,0.0
1144116,0.0
1037301,0.0
1462430,0.0
1469920,0.0
1350471,0.0
1354697,0.0
1371419,0.0
1032024,0.0
1281845,0.0
1268702,311.0
1128557,0.0
1123396,0.0
1029273,311.0
1269672,0.0
1295307,311.0
1441471,0.0
1237216,0.0
1164983,0.0
1219590,0.0
1397954,0.0
1140940,0.0
1196971,311.0
1437824,0.0
1295439,311.0
1306049,0.0
1011233,0.0
1074658,0.0
1048430,0.0
1338050,0.0
1383625,0.0
1300326,0.0
1222463,0.0
1030628,0.0
1098120,0.0
1249173,311.0
1434793,311.0
1478327,311.0
1011989,311.0
1098728,0.0
1101780,0.0
1192825,0.0
1395320,0.0
1453677,311.0
1001659,0.0
1007465,311.0
1099699,0.0
1084100,0.0
1325998,311.0
1045586,0.0
1001411,0.0
1028848,0.0
1149053,311.0
1194155,0.0
1307999,0.0
1114325,311.0
1391955,311.0
1346873,0.0
1458515,311.0
1133975,0.0
1125326,0.0
1375200,0.0
1004647,0.0
1478258,0.0
1037616,0.0
1483255,311.0
1386008,0.0
1457583,311.0
1375368,0.0
1299881,0.0
1151262,0.0
1064762,0.0
1356650,0.0
1353148,0.0
1074567,0.0
1314973,0.0
1068992,0.0
1239782,0.0
1389891,0.0
1129388,0.0
1317350,0.0
1284526,0.0
1288418,0.0
1041821,0.0
1401183,0.0
1292957,0.0
1271702,0.0
1183331,0.0
1058379,311.0
1417011,311.0
1017142,0.0
1216650,0.0
1239666,0.0
1153751,0.0
1270388,0.0
1109049,0.0
1108947,0.0
1210194,0.0
1022652,0.0
1376126,0.0
1484827,0.0
1027189,0.0
1441240,0.0
1220382,0.0
1251729,0.0
1401191,0.0
1026264,0.0
1031580,0.0
1419007,0.0
1391582,0.0
1429750,0.0
1317412,0.0
1027337,0.0
1349762,0.0
1031100,0.0
1198249,0.0
1409834,0.0
1363459,0.0
1179481,0.0
1423597,0.0
1129631,0.0
1252222,0.0
1232423,0.0
1414372,0.0
1321337,0.0
1219585,0.0
1246961,0.0
1333058,0.0
1151245,0.0
1263599,0.0
1416825,0.0
1434236,311.0
1227664,0.0
1266752,0.0
1457613,0.0
1111913,0.0
1369393,0.0
1491416,0.0
1038031,0.0
1287849,0.0
1368918,0.0
1481378,0.0
1071420,0.0
1073006,311.0
1080022,0.0
1491603,0.0
1230288,0.0
1217412,0.0
1449114,0.0
1142889,0.0
1428256,311.0
1198629,0.0
1050828,311.0
1132047,0.0
1444841,0.0
1339727,0.0
1380337,0.0
1497986,0.0
1285104,0.0
1025770,0.0
1459130,0.0
1475649,0.0
1089842,311.0
1455637,0.0
1238935,0.0
1300202,0.0
1462333,0.0
1413606,311.0
1494072,311.0
1031959,0.0
1040232,0.0
1005311,0.0
1485835,311.0
1157241,311.0
1162155,0.0
1071564,0.0
1371096,0.0
1395033,311.0
1424836,311.0
1203934,311.0
1362060,311.0
1231316,0.0
1283484,311.0
1071651,0.0
1497563,0.0
1186395,0.0
1362405,0.0
1422185,0.0
1003947,0.0
1157667,0.0
1311380,311.0
1221429,0.0
1408590,0.0
1320907,0.0
1244622,0.0
1206366,0.0
1466483,0.0
1357536,0.0
1414147,0.0
1225625,0.0
1247041,0.0
1272992,0.0
1249208,0.0
1281981,0.0
1146421,0.0
1134896,0.0
1175537,0.0
1260481,0.0
1200641,0.0
1218895,0.0
1274263,0.0
1053052,0.0
1034995,311.0
1184775,0.0
1244740,0.0
1458802,0.0
1429932,0.0
1112304,0.0
1389049,0.0
1296135,0.0
1400158,0.0
1227586,0.0
1092849,0.0
1240507,0.0
1270940,0.0
1419601,311.0
1424002,0.0
1086621,0.0
1238858,0.0
1454072,0.0
1389072,311.0
1307058,0.0
1412351,0.0
1292992,0.0
1345321,0.0
1484299,0.0
1269970,0.0
1378850,0.0
1208125,0.0
1018065,311.0
1135792,0.0
1153704,0.0
1030092,0.0
1109996,0.0
1413059,0.0
1307291,0.0
1470695,0.0
1201860,0.0
1255519,0.0
1093602,0.0
1395444,0.0
1495479,311.0
1242833,0.0
1488573,0.0
1245680,0.0
1381660,0.0
1149622,0.0
1179762,0.0
1272569,0.0
1227336,0.0
1300660,0.0
1126164,0.0
1261027,311.0
1361680,0.0
1194817,0.0
1031378,0.0
1456961,0.0
1376318,311.0
1355744,0.0
1167614,0.0
1394039,0.0
1398643,0.0
1281877,311.0
1216771,0.0
1153076,0.0
1265246,0.0
1373086,0.0
1496602,0.0
1209053,0.0
1003446,0.0
1340407,0.0
1361224,0.0
1020166,0.0
1148498,0.0
1115572,0.0
1015892,0.0
1370963,0.0
1492892,0.0
1142508,0.0
1028341,0.0
1088414,0.0
1260188,0.0
1067421,0.0
1233592,0.0
1273816,0.0
1098491,0.0
1477747,0.0
1374798,0.0
1289382,311.0
1096746,0.0
1443736,0.0
1431499,0.0
1247601,0.0
1163384,0.0
1096384,0.0
1349869,0.0
1313064,0.0
1450646,0.0
1336198,0.0
1289109,311.0
1477460,311.0
1430111,0.0
1390581,0.0
1148989,0.0
1036356,0.0
1402927,0.0
1155177,0.0
1384496,0.0
1300589,0.0
1390700,0.0
1332626,0.0
1427233,0.0
1113146,0.0
1130685,0.0
1154445,0.0
1040018,0.0
1173977,0.0
1435100,0.0
1118094,0.0
1497854,311.0
1312395,0.0
1373505,0.0
1070796,0.0
1344591,0.0
1070988,0.0
1113433,0.0
1467808,0.0
1440616,0.0
1066544,0.0
1013600,0.0
1332724,0.0
1267612,311.0
1426137,0.0
1341745,311.0
1121620,0.0
1108446,311.0
1156744,0.0
1436558,0.0
1454563,0.0
1402483,0.0
1058135,0.0
1219833,0.0
1134765,311.0
1075081,0.0
1367594,311.0
1346618,0.0
1164512,0.0
1269071,0.0
1241572,311.0
1201168,0.0
1255856,0.0
1381766,0.0
1055474,0.0
1201164,0.0
1148456,0.0
1358056,311.0
1349508,311.0
1430112,0.0
1354895,0.0
1364688,0.0
1125362,0.0
1486680,0.0
1089351,0.0
1363190,0.0
1292208,0.0
1112432,311.0
1446385,311.0
1240091,0.0
1224590,0.0
1183866,0.0
1001235,0.0
1004659,0.0
1033617,0.0
1108380,311.0
1020071,311.0
1190203,311.0
1355554,0.0
1150838,0.0
1403569,0.0
1288154,0.0
1227739,0.0
1437561,0.0
1230082,0.0
1103290,0.0
1252304,0.0
1202685,0.0
1209418,0.0
1247179,0.0
1453728,0.0
1498748,0.0
1341061,0.0
1432174,0.0
1436089,0.0
1069738,0.0
1337949,0.0
1404369,0.0
1394008,311.0
1369244,0.0
1265660,0.0
1251720,0.0
1384055,311.0
1458904,0.0
1214193,311.0
1177417,0.0
1157955,0.0
1142032,0.0
1348081,311.0
1115606,311.0
1211003,311.0
1436481,0.0
1118823,0.0
1380882,0.0
1478836,0.0
1143621,0.0
1183418,0.0
1079214,0.0
1126539,0.0
1298252,0.0
1227142,0.0
1393458,311.0
1002205,0.0
1443559,0.0
1472361,0.0
1369151,0.0
1160584,0.0
1280019,0.0
1230268,0.0
1195053,0.0
1180599,0.0
1336840,0.0
1262455,0.0
1042584,0.0
1318385,0.0
1343351,0.0
1143891,0.0
1428670,0.0
1013485,0.0
1034126,0.0
1166099,0.0
1016244,0.0
1345589,0.0
1114402,0.0
1471306,0.0
1230498,0.0
1410391,0.0
1432815,311.0
1396310,0.0
1225379,0.0
1357223,0.0
1424801,0.0
1138058,0.0
1314140,0.0
1131331,0.0
1417511,0.0
1354317,311.0
1454730,311.0
1459762,0.0
1448364,0.0
1285568,0.0
1077953,0.0
1349904,311.0
1293562,0.0
1374092,0.0
1414429,0.0
1137486,0.0
1321867,0.0
1157820,0.0
1244775,0.0
1153911,0.0
1174376,0.0
1480593,0.0
1282243,0.0
1412456,0.0
1070312,311.0
1305864,0.0
1426747,0.0
1201688,0.0
1234045,0.0
1033201,0.0
1150178,0.0
1258210,0.0
1136497,0.0
1405719,0.0
1394203,0.0
1359640,0.0
1284694,0.0
1086787,0.0
1130883,0.0
1165887,0.0
1272696,0.0
1069327,0.0
1255481,0.0
1410666,0.0
1418313,0.0
1352442,0.0
1258929,0.0
1323110,0.0
1255321,0.0
1173518,311.0
1171371,0.0
1388769,0.0
1074286,0.0
1315446,0.0
1018008,0.0
1426756,0.0
1394245,0.0
1307498,0.0
1297279,0.0
1259587,0.0
1008085,0.0
1009210,311.0
1124731,0.0
1051084,0.0
1157826,0.0
1416374,0.0
1392013,0.0
1299309,0.0
1222583,0.0
1463904,0.0
1463942,0.0
1402108,0.0
1387994,0.0
1452032,0.0
1084546,0.0
1071254,311.0
1483489,0.0
1169274,0.0
1028510,0.0
1258824,0.0
1120442,0.0
1463169,0.0
1258110,0.0
1102279,0.0
1242379,0.0
1418399,0.0
1201509,311.0
1104417,311.0
1394810,311.0
1298051,311.0
1499610,0.0
1217236,0.0
1345367,0.0
1369846,0.0
1048549,0.0
1043632,0.0
1198423,311.0
1096290,311.0
1173685,311.0
1319634,0.0
1235816,0.0
1102838,0.0
1302275,0.0
1426141,0.0
1439805,0.0
1023822,0.0
1475506,0.0
1441669,0.0
1048054,311.0
1291085,0.0
1302259,0.0
1432412,0.0
1411581,0.0
1071762,0.0
1160616,0.0
1473307,0.0
1107898,0.0
1453508,0.0
1215207,0.0
1242328,0.0
1099146,0.0
1102106,0.0
1202501,311.0
1452330,0.0
1328879,0.0
1255258,311.0
1317946,0.0
1191571,0.0
1439488,0.0
1096814,0.0
1096101,0.0
1167507,311.0
1424223,311.0
1249562,0.0
1360889,0.0
1118377,0.0
1489391,0.0
1143936,0.0
1014849,0.0
1072974,0.0
1158030,0.0
1286790,0.0
1283749,0.0
1454882,0.0
1273798,0.0
1092030,0.0
1318193,0.0
1249681,0.0
1152131,0.0
1165448,0.0
1340832,0.0
1305444,0.0
1009801,0.0
1043614,0.0
1488427,0.0
1027348,0.0
1343251,0.0
1238317,311.0
1393217,0.0
1211198,0.0
1395759,0.0
1405296,0.0
1120250,0.0
1284435,0.0
1295304,0.0
1469601,0.0
1298616,0.0
1416111,0.0
1292623,0.0
1112045,0.0
1127606,0.0
1416451,0.0
1118212,0.0
1292308,0.0
1092303,311.0
1316510,0.0
1059149,0.0
1041132,0.0
1024747,0.0
1165880,0.0
1215424,0.0
1407685,0.0
1368795,0.0
1319830,0.0
1140603,0.0
1050495,0.0
1442610,0.0
1079668,0.0
1348246,0.0
1011640,0.0
1174967,0.0
1304263,0.0
1318179,0.0
1330995,0.0
1249422,0.0
1374063,0.0
1164966,0.0
1117868,0.0
1207808,0.0
1356623,0.0
1292177,0.0
1362232,0.0
1318369,311.0
1122331,311.0
1474320,0.0
1220533,0.0
1432625,0.0
1234799,0.0
1145502,0.0
1261614,0.0
1137715,0.0
1360028,0.0
1181152,311.0
1471184,0.0
1238288,311.0
1167008,311.0
1336045,0.0
1364347,0.0
1256770,0.0
1127368,311.0
1495208,311.0
1354195,0.0
1150110,0.0
1081286,0.0
1322698,311.0
1180979,311.0
1319966,311.0
1482514,0.0
1102096,311.0
1061735,0.0
1055430,0.0
1140859,0.0
1473650,0.0
1154621,0.0
1437856,0.0
1335565,0.0
1164020,0.0
1242972,0.0
1376813,0.0
1150281,0.0
1467638,0.0
1430610,0.0
1421101,0.0
1469436,0.0
1454969,0.0
1246779,0.0
1426987,0.0
1498194,0.0
1065013,0.0
1138879,0.0
1494749,0.0
1414842,0.0
1185774,0.0
1009486,0.0
1115922,0.0
1009382,0.0
1272886,0.0
1443163,0.0
1216054,0.0
1085309,311.0
1059013,0.0
1222696,0.0
1009729,0.0
1124996,0.0
1229061,0.0
1128244,0.0
1126475,0.0
1309951,0.0
1150996,0.0
1164600,0.0
1182987,0.0
1069214,0.0
1142397,0.0
1184430,0.0
1430928,0.0
1468073,0.0
1397686,0.0
1314012,0.0
1299667,0.0
1243058,0.0
1290913,0.0
1261255,0.0
1089155,0.0
1235375,0.0
1099897,0.0
1068354,0.0
1417666,0.0
1245806,0.0
1115605,0.0
1009948,0.0
1170506,0.0
1177759,0.0
1054214,0.0
1368624,0.0
1103978,0.0
1484308,311.0
1475609,0.0
1325531,0.0
1498562,0.0
1367438,0.0
1072330,311.0
1422509,311.0
1138980,0.0
1457123,0.0
1352466,0.0
1375968,0.0
1200756,311.0
1399529,0.0
1292602,0.0
1276712,311.0
1067118,0.0
1058093,311.0
1121260,0.0
1123801,0.0
1128131,0.0
1403090,0.0
1494403,0.0
1300912,0.0
1164224,0.0
1478982,311.0
1143415,0.0
1144895,0.0
1293848,0.0
1486024,0.0
1075569,0.0
1166445,0.0
1091700,0.0
1297841,0.0
1494638,0.0
1376394,0.0
1075821,0.0
1013599,311.0
1125124,0.0
1178918,0.0
1082719,0.0
1093368,0.0
1037894,0.0
1449907,0.0
1149138,0.0
1148821,0.0
1014215,0.0
1470124,311.0
1455251,311.0
1007092,0.0
1238329,0.0
1223262,0.0
1241780,0.0
1198811,0.0
1312242,0.0
1048476,0.0
1394990,0.0
1154308,0.0
1044825,0.0
1104439,0.0
1404040,311.0
1329389,0.0
1104551,0.0
1200980,0.0
1083081,0.0
1217301,0.0
1233817,0.0
1458527,0.0
1022447,0.0
1125019,0.0
1284038,0.0
1039868,0.0
1189895,0.0
1104338,311.0
1387572,0.0
1427998,311.0
1364586,0.0
1447078,0.0
1424493,0.0
1153701,0.0
1259542,0.0
1149289,0.0
1149589,0.0
1497732,0.0
1318349,0.0
1137539,0.0
1179084,0.0
1178839,0.0
1321675,0.0
1074276,0.0
1036452,0.0
1163892,0.0
1464167,311.0
1238107,0.0
1121434,0.0
1329563,0.0
1426628,311.0
1076297,311.0
1316569,0.0
1181666,0.0
1023747,0.0
1286111,311.0
1138868,0.0
1142328,0.0
1000213,311.0
1222239,0.0
1455577,0.0
1422884,0.0
1116729,0.0
1401840,0.0
1322160,0.0
1065299,0.0
1410494,0.0
1120819,0.0
1172141,0.0
1152289,0.0
1494678,0.0
1313410,311.0
1469544,0.0
1020398,0.0
1180290,0.0
1047888,0.0
1056647,0.0
1271890,0.0
1279914,0.0
1107324,0.0
1079083,0.0
1040424,0.0
1375324,311.0
1063638,311.0
1226151,0.0
1188752,0.0
1243089,0.0
1091380,0.0
1457124,0.0
1160540,311.0
1229078,0.0
1292157,0.0
1283752,0.0
1337756,311.0
1019894,0.0
1149279,0.0
1366712,0.0
1423099,0.0
1296614,311.0
1395362,0.0
1018563,0.0
1460712,311.0
1333592,0.0
1266463,0.0
1021754,0.0
1471499,0.0
1211601,0.0
1230538,0.0
1173007,0.0
1208269,0.0
1419205,0.0
1443718,0.0
1413986,0.0
1348732,0.0
1437001,311.0
1288076,0.0
1107366,0.0
1446516,0.0
1026832,0.0
1377293,0.0
1327619,0.0
1029810,0.0
1486382,0.0
1333333,0.0
1217680,0.0
1187666,0.0
1013820,0.0
1251384,0.0
1237150,0.0
1449113,0.0
1019323,0.0
1303077,311.0
1355384,311.0
1077780,0.0
1195787,0.0
1209720,0.0
1026794,0.0
1397636,0.0
1083476,0.0
1471389,0.0
1304142,0.0
1291714,0.0
1209154,0.0
1028308,0.0
1058238,0.0
1114637,0.0
1461605,0.0
1179263,0.0
1107947,0.0
1173875,311.0
1166222,311.0
1331960,0.0
1209311,0.0
1314578,0.0
1023501,0.0
1001106,0.0
1265560,0.0
1290036,0.0
1189265,0.0
1302283,0.0
1393194,0.0
1425445,0.0
1272403,0.0
1230052,0.0
1154252,0.0
1085465,0.0
1498109,0.0
1218778,311.0
1200557,0.0
1355546,0.0
1138486,0.0
1091432,0.0
1446786,311.0
1445743,311.0
1498415,0.0
1078406,0.0
1014560,0.0
1388676,0.0
1228683,311.0
1075442,0.0
1122296,311.0
1370085,0.0
1145515,311.0
1299855,0.0
1472252,311.0
1467820,0.0
1363781,0.0
1275016,0.0
1062111,0.0
1180048,0.0
1155226,0.0
1382591,0.0
1412941,0.0
1098172,0.0
1163030,0.0
1370125,0.0
1145013,0.0
1276034,0.0
1036398,0.0
1200304,0.0
1144786,0.0
1377570,0.0
1438635,0.0
1469801,0.0
1439692,311.0
1409284,311.0
1041718,311.0
1079423,311.0
1481762,0.0
1146091,0.0
1057460,0.0
1250344,0.0
1477694,0.0
1210203,311.0
1471242,0.0
1333824,0.0
1012400,0.0
1157950,0.0
1031549,0.0
1036302,0.0
1038594,0.0
1398217,0.0
1422692,311.0
1010584,0.0
1408973,0.0
1160131,311.0
1486738,311.0
1256588,0.0
1069257,0.0
1149920,0.0
1483944,0.0
1485217,0.0
1400875,0.0
1022245,0.0
1294514,0.0
1270168,311.0
1279549,0.0
1413452,0.0
1333540,0.0
1095610,311.0
1483263,0.0
1484037,0.0
1402254,0.0
1067620,0.0
1033845,0.0
1457199,0.0
1461934,0.0
1374006,311.0
1149610,0.0
1069568,0.0
1168055,311.0
1356784,0.0
1094406,0.0
1057854,0.0
1241439,311.0
1290397,311.0
1134558,0.0
1308196,0.0
1086294,0.0
1216692,0.0
1176696,0.0
1064150,0.0
1182284,0.0
1347467,0.0
1011416,311.0
1398536,311.0
1076352,0.0
1316073,0.0
1488053,0.0
1412357,0.0
1092650,0.0
1354071,311.0
1423581,0.0
1139167,0.0
1108221,0.0
1171237,0.0
1271325,0.0
1038005,0.0
1477973,0.0
1143573,0.0
1017120,0.0
1004495,0.0
1359815,0.0
1163620,0.0
1169404,0.0
1153742,0.0
1482596,311.0
1430441,0.0
1058431,0.0
1230152,0.0
1195031,0.0
1171212,0.0
1432643,0.0
1357541,0.0
1489539,0.0
1172247,0.0
1459796,0.0
1349036,0.0
1132296,0.0
1020858,0.0
1458950,311.0
1228009,0.0
1244788,0.0
1092608,0.0
1127608,0.0
1147034,0.0
1252812,0.0
1363297,0.0
1368119,0.0
1013355,0.0
1050369,0.0
1232497,0.0
1053752,0.0
1258609,0.0
1024127,0.0
1293246,0.0
1420334,0.0
1249171,0.0
1493552,0.0
1493470,0.0
1440519,0.0
1408420,0.0
1320892,0.0
1395898,0.0
1266940,0.0
1195405,311.0
1321283,0.0
1026142,0.0
1398699,0.0
1397755,0.0
1249332,0.0
1049602,0.0
1089873,0.0
1339163,0.0
1211162,0.0
1060487,311.0
1017376,311.0
1455813,311.0
1474172,311.0
1032075,0.0
1312652,0.0
1442048,0.0
1145540,311.0
1277563,0.0
1053334,0.0
1095442,0.0
1335552,311.0
1329839,311.0
1470260,311.0
1121456,0.0
1475918,0.0
1400690,0.0
1153013,0.0
1175925,0.0
1044804,0.0
1270105,0.0
1166614,0.0
1372023,0.0
1126656,311.0
1096892,311.0
1162121,0.0
1299109,0.0
1072859,0.0
1337063,311.0
1311410,0.0
1040248,311.0
1020719,0.0
1371825,0.0
1242112,0.0
1426771,0.0
1150521,0.0
1155714,0.0
1206978,0.0
1258554,0.0
1487429,311.0
1132590,0.0
1412346,311.0
1044873,0.0
1435076,0.0
1376033,0.0
1473729,311.0
1081462,311.0
1187246,0.0
1288016,0.0
1163834,0.0
1391562,311.0
1092746,0.0
1217220,0.0
1453727,0.0
1419763,311.0
1133698,0.0
1292555,0.0
1173065,0.0
1320694,0.0
1406117,0.0
1493137,0.0
1200019,0.0
1441304,0.0
1486977,0.0
1173592,0.0
1196727,0.0
1341646,0.0
1142440,0.0
1273416,0.0
1369678,0.0
1237914,0.0
1489392,0.0
1448998,0.0
1109229,0.0
1135688,0.0
1290122,0.0
1195644,0.0
1455960,0.0
1065108,0.0
1160251,0.0
1052765,0.0
1006876,311.0
1375995,0.0
1177267,0.0
1123762,0.0
1135977,0.0
1380921,0.0
1152704,311.0
1059572,0.0
1147431,0.0
1166118,0.0
1241642,0.0
1239441,0.0
1139610,311.0
1173347,0.0
1065220,0.0
1263020,0.0
1186787,0.0
1100287,0.0
1063008,0.0
1272311,0.0
1323831,0.0
1350933,0.0
1188980,0.0
1321339,0.0
1468793,0.0
1065918,0.0
1483544,0.0
1360874,0.0
1172503,0.0
1394736,0.0
1463533,0.0
1101245,0.0
1297806,0.0
1141630,0.0
1115561,0.0
1359056,0.0
1427543,0.0
1049897,0.0
1364909,0.0
1001108,0.0
1445007,0.0
1441123,0.0
1184466,0.0
1445824,0.0
1424016,0.0
1078356,0.0
1160637,311.0
1036844,311.0
1311516,311.0
1306448,311.0
1221703,311.0
1079424,0.0
1286572,0.0
1470862,0.0
1247296,0.0
1492100,0.0
1104993,0.0
1098936,0.0
1141172,0.0
1097071,0.0
1218774,311.0
1424527,0.0
1308493,311.0
1280655,0.0
1393998,0.0
1263011,0.0
1442984,0.0
1480196,0.0
1392278,0.0
1182497,0.0
1142809,0.0
1331391,0.0
1491271,311.0
1333321,311.0
1044434,0.0
1458337,311.0
1403727,311.0
1355003,0.0
1305696,0.0
1225892,0.0
1137454,0.0
1388897,0.0
1252682,311.0
1054158,311.0
1119962,0.0
1353816,0.0
1182051,0.0
1025615,311.0
1395390,0.0
1100937,311.0
1337610,0.0
1078383,0.0
1253337,0.0
1396082,0.0
1241787,0.0
1467840,0.0
1320321,0.0
1027184,0.0
1083175,0.0
1495092,0.0
1372971,0.0
1179921,0.0
1192611,0.0
1307584,0.0
1097417,0.0
1469771,0.0
1081567,0.0
1224368,0.0
1124284,0.0
1369939,0.0
1470426,0.0
1212390,0.0
1201353,0.0
1175963,0.0
1143972,0.0
1064669,0.0
1095090,0.0
1408414,0.0
1181919,311.0
1035955,311.0
1137622,0.0
1141624,0.0
1030906,0.0
1351716,311.0
1387275,0.0
1491481,0.0
1266099,0.0
1497126,0.0
1484353,0.0
1066140,0.0
1012482,0.0
1223316,0.0
1374077,0.0
1214809,311.0
1079574,0.0
1437074,311.0
1254126,0.0
1386744,0.0
1140562,0.0
1057783,0.0
1028990,0.0
1171657,0.0
1499767,0.0
1034565,0.0
1100732,0.0
1124599,0.0
1036809,0.0
1181111,0.0
1339004,0.0
1442340,0.0
1076769,0.0
1273291,0.0
1268563,0.0
1267199,0.0
1432609,311.0
1386785,311.0
1001425,0.0
1116564,0.0
1373247,311.0
1134168,0.0
1022092,0.0
1423085,0.0
1421303,0.0
1045999,0.0
1027413,311.0
1068236,311.0
1049332,0.0
1202896,0.0
1185320,0.0
1061666,0.0
1082570,0.0
1105399,0.0
1036403,0.0
1416031,0.0
1093307,0.0
1274780,0.0
1208290,311.0
1010615,0.0
1262992,0.0
1331934,0.0
1030226,0.0
1255690,0.0
1466677,0.0
1284600,0.0
1415928,0.0
1135508,0.0
1292547,0.0
1317061,0.0
1125938,0.0
1132252,0.0
1098604,0.0
1281504,0.0
1367222,311.0
1274168,0.0
1468823,0.0
1333274,0.0
1441700,0.0
1319758,0.0
1464015,0.0
1484802,0.0
1029668,0.0
1072649,0.0
1338138,0.0
1169066,0.0
1004508,0.0
1123578,0.0
1312972,0.0
1278314,0.0
1330929,0.0
1047991,0.0
1064517,0.0
1475443,0.0
1097563,0.0
1095602,311.0
1242359,311.0
1225795,0.0
1158312,0.0
1029988,0.0
1115336,0.0
1404848,311.0
1221954,0.0
1177114,0.0
1279211,0.0
1195794,0.0
1179388,0.0
1225479,0.0
1200482,0.0
1102609,0.0
1306278,0.0
1230640,0.0
1166412,0.0
1182119,0.0
1474457,0.0
1471543,0.0
1158440,0.0
1077996,0.0
1375730,0.0
1257624,0.0
1418558,0.0
1119462,0.0
1217634,0.0
1194125,0.0
1254893,0.0
1444202,0.0
1249741,0.0
1397105,311.0
1126109,311.0
1040672,311.0
1225867,0.0
1229777,0.0
1416600,0.0
1334478,0.0
1181972,311.0
1439136,0.0
1101586,0.0
1081205,0.0
1320112,311.0
1362263,0.0
1266516,311.0
1115733,0.0
1348065,0.0
1026480,0.0
1053710,0.0
1031578,0.0
1491314,0.0
1432899,0.0
1413058,0.0
1158190,0.0
1228116,0.0
1217136,0.0
1318103,0.0
1094190,0.0
1476707,0.0
1116399,0.0
1463037,0.0
1327944,0.0
1477329,0.0
1274331,0.0
1366778,0.0
1274958,0.0
1247376,0.0
1171357,0.0
1470729,0.0
1493024,0.0
1292643,0.0
1108498,0.0
1351941,0.0
1215978,0.0
1303897,0.0
1290815,311.0
1021162,0.0
1053049,0.0
1350034,0.0
1276354,0.0
1299342,0.0
1387698,0.0
1193717,311.0
1080378,0.0
1412637,0.0
1378521,0.0
1144802,0.0
1137339,0.0
1435425,0.0
1395058,0.0
1307656,0.0
1032147,0.0
1209677,0.0
1159522,0.0
1357125,0.0
1027253,311.0
1347324,0.0
1204065,311.0
1200111,0.0
1319241,0.0
1163083,0.0
1261848,0.0
1347708,311.0
1474171,0.0
1086163,0.0
1384345,0.0
1230329,0.0
1306114,0.0
1066036,0.0
1437817,311.0
1371599,0.0
1027269,0.0
1005287,0.0
1445660,311.0
1335729,0.0
1132453,0.0
1080624,0.0
1313810,0.0
1455874,311.0
1347864,0.0
1202304,0.0
1129620,0.0
1062774,311.0
1200960,0.0
1148887,0.0
1343038,0.0
1286282,0.0
1222681,0.0
1078026,311.0
1397712,0.0
1264710,0.0
1183882,0.0
1113656,0.0
1050645,0.0
1014675,0.0
1302966,0.0
1394714,0.0
1488819,0.0
1124137,0.0
1054385,0.0
1001921,0.0
1300733,0.0
1291220,311.0
1312126,0.0
1304878,0.0
1032653,0.0
1397068,0.0
1161714,0.0
1203648,0.0
1442696,0.0
1458841,0.0
1007597,0.0
1055053,0.0
1185031,0.0
1427278,0.0
1295117,0.0
1325329,0.0
1050759,0.0
1013831,0.0
1254173,0.0
1287970,0.0
1113498,0.0
1355907,0.0
1244886,311.0
1373548,311.0
1465270,0.0
1339027,0.0
1018327,0.0
1108071,311.0
1461973,0.0
1476273,0.0
1024004,0.0
1031312,0.0
1446241,0.0
1495023,0.0
1348513,311.0
1015558,0.0
1127531,311.0
1314971,0.0
1189684,0.0
1105588,0.0
1426288,0.0
1101391,0.0
1236690,0.0
1299062,0.0
1354229,311.0
1483090,0.0
1124620,0.0
1036237,0.0
1429101,0.0
1105494,0.0
1496047,0.0
1111087,0.0
1279450,0.0
1056350,0.0
1064133,0.0
1077697,0.0
1292079,0.0
1312698,0.0
1363038,0.0
1111872,0.0
1418832,0.0
1128942,0.0
1252662,311.0
1343161,0.0
1011813,0.0
1113616,0.0
1334770,0.0
1271290,0.0
1387664,0.0
1023852,0.0
1078142,0.0
1376725,0.0
1163658,0.0
1098578,0.0
1295170,0.0
1442540,0.0
1194545,0.0
1482237,0.0
1140705,0.0
1298088,0.0
1197612,0.0
1141241,0.0
1024355,0.0
1115005,0.0
1413477,0.0
1209338,0.0
1009555,0.0
1357976,0.0
1435909,0.0
1010266,0.0
1145147,0.0
1162283,0.0
1463710,0.0
1466728,0.0
1093975,0.0
1158811,0.0
1106708,0.0
1102709,0.0
1480818,0.0
1120723,0.0
1161911,0.0
1406483,0.0
1159704,0.0
1347891,0.0
1466492,0.0
1396722,0.0
1255464,0.0
1478571,0.0
1204608,0.0
1101877,0.0
1401061,0.0
1113123,0.0
1265686,0.0
1053742,0.0
1392727,0.0
1262452,0.0
1127426,311.0
1076781,0.0
1128271,0.0
1411082,0.0
1053814,0.0
1244852,0.0
1096175,0.0
1014613,0.0
1131169,0.0
1201095,0.0
1430136,0.0
1475372,0.0
1038904,311.0
1345512,0.0
1368173,0.0
1062658,0.0
1223108,0.0
1311976,0.0
1275880,0.0
1262880,0.0
1491312,0.0
1449613,0.0
1428843,0.0
1344988,0.0
1238384,0.0
1385784,0.0
1139207,311.0
1305667,0.0
1238947,0.0
1025860,0.0
1109664,0.0
1350396,0.0
1007474,0.0
1055751,0.0
1049070,0.0
1107899,0.0
1250737,0.0
1425943,0.0
1428610,311.0
1189323,311.0
1294333,0.0
1047099,311.0
1122246,0.0
1057371,0.0
1247572,0.0
1452525,0.0
1193241,0.0
1122672,311.0
1354931,0.0
1263025,0.0
1076963,0.0
1005817,311.0
1229044,311.0
1338102,311.0
1006405,311.0
1214405,311.0
1443462,0.0
1089414,311.0
1317775,0.0
1248865,0.0
1342691,0.0
1114030,0.0
1062361,0.0
1268913,0.0
1359141,0.0
1052607,0.0
1153086,311.0
1228900,0.0
1477268,311.0
1044413,0.0
1383969,0.0
1370531,0.0
1054001,311.0
1032955,0.0
1204425,0.0
1003799,0.0
1189309,0.0
1294794,311.0
1252109,311.0
1494387,0.0
1025414,0.0
1028398,311.0
1161669,311.0
1318183,0.0
1453485,0.0
1179995,0.0
1111260,0.0
1476335,311.0
1045081,0.0
1047684,0.0
1416797,0.0
1099709,0.0
1112808,0.0
1082858,0.0
1478275,0.0
1484969,0.0
1017841,311.0
1095118,0.0
1133034,0.0
1335501,0.0
1240758,0.0
1392405,0.0
1042422,0.0
1102535,0.0
1352924,0.0
1330739,311.0
1286846,0.0
1303888,0.0
1084126,0.0
1401068,311.0
1093010,0.0
1320866,0.0
1224252,0.0
1053847,0.0
1289203,0.0
1283793,311.0
1405406,311.0
1001023,311.0
1430672,0.0
1473499,0.0
1470414,0.0
1267848,311.0
1288839,311.0
1406611,0.0
1138335,0.0
1473941,0.0
1086394,311.0
1213401,311.0
1249598,0.0
1359075,0.0
1451883,0.0
1130150,0.0
1079995,0.0
1320850,0.0
1325802,0.0
1298535,0.0
1005436,0.0
1236985,0.0
1404089,0.0
1280135,0.0
1321446,0.0
1022303,0.0
1162493,0.0
1160343,0.0
1412430,0.0
1027059,0.0
1258914,311.0
1406006,0.0
1076412,0.0
1089192,0.0
1251959,0.0
1204393,0.0
1426930,0.0
1424045,311.0
1206548,0.0
1002696,0.0
1019804,0.0
1040420,0.0
1414474,311.0
1252877,311.0
1408137,0.0
1263119,0.0
1115724,0.0
1272392,0.0
1270741,0.0
1313158,0.0
1028031,0.0
1235237,0.0
1150649,0.0
1444476,0.0
1294878,311.0
1115261,0.0
1266485,0.0
1392336,0.0
1153686,0.0
1055862,0.0
1072931,0.0
1252777,0.0
1062210,0.0
1382979,0.0
1338035,0.0
1146579,0.0
1072620,0.0
1388642,0.0
1230598,311.0
1499806,0.0
1256452,311.0
1249746,0.0
1355011,0.0
1394076,0.0
1181734,0.0
1068385,0.0
1139039,0.0
1430890,0.0
1151297,0.0
1013543,0.0
1387274,0.0
1400898,0.0
1253271,311.0
1193479,311.0
1218312,311.0
1493676,0.0
1237190,0.0
1025950,0.0
1445601,0.0
1233203,311.0
1174722,0.0
1250818,0.0
1391640,0.0
1154727,0.0
1000642,0.0
1483633,0.0
1390805,0.0
1108444,0.0
1318695,0.0
1355254,0.0
1196734,311.0
1362840,0.0
1226722,0.0
1419887,0.0
1108968,311.0
1411752,0.0
1065319,0.0
1233541,0.0
1434726,0.0
1170047,0.0
1359423,0.0
1487129,0.0
1039738,0.0
1281098,311.0
1226250,0.0
1356737,0.0
1250508,0.0
1296204,0.0
1021036,0.0
1059851,0.0
1259861,0.0
1191317,0.0
1055545,0.0
1259739,0.0
1127936,0.0
1122299,0.0
1045622,0.0
1136027,0.0
1427519,0.0
1345040,0.0
1358355,0.0
1296259,0.0
1247604,311.0
1470043,0.0
1023524,0.0
1458093,0.0
1204116,0.0
1264775,311.0
1439811,311.0
1172238,0.0
1347717,0.0
1325084,0.0
1279398,0.0
1062492,311.0
1280555,0.0
1192455,0.0
1267950,0.0
1297918,0.0
1065416,0.0
1017917,311.0
1303062,0.0
1428483,0.0
1281671,0.0
1473937,0.0
1435103,0.0
1037310,0.0
1361514,0.0
1051440,0.0
1312573,0.0
1106798,0.0
1142814,0.0
1214497,0.0
1015884,0.0
1033130,0.0
1082221,0.0
1267633,0.0
1237618,0.0
1145651,0.0
1441985,0.0
1196226,0.0
1352134,0.0
1337450,0.0
1026014,0.0
1212345,0.0
1181195,0.0
1007089,311.0
1317475,0.0
1098691,0.0
1096212,0.0
1235060,0.0
1233676,0.0
1005265,0.0
1340335,0.0
1100709,0.0
1486556,311.0
1364727,0.0
1089838,0.0
1331091,0.0
1145185,0.0
1072824,0.0
1133161,0.0
1257291,0.0
1466895,0.0
1040076,0.0
1296120,0.0
1071118,0.0
1481797,0.0
1002910,0.0
1087316,0.0
1148565,0.0
1380584,311.0
1153514,0.0
1023202,0.0
1325706,0.0
1138400,0.0
1321568,0.0
1000666,0.0
1426204,0.0
1427371,0.0
1284547,0.0
1495342,0.0
1013289,0.0
1034517,0.0
1088604,0.0
1441301,0.0
1323495,0.0
1059630,0.0
1022326,0.0
1030923,0.0
1066592,0.0
1100820,311.0
1349870,0.0
1442794,0.0
1434781,0.0
1314686,0.0
1114108,311.0
1463208,0.0
1294690,0.0
1243722,0.0
1176245,0.0
1335602,0.0
1032528,0.0
1067483,0.0
1404614,311.0
1482217,0.0
1461999,311.0
1159274,0.0
1412925,0.0
1198542,0.0
1167015,0.0
1098179,0.0
1316048,0.0
1194635,0.0
1164921,0.0
1060770,0.0
1365169,0.0
1296574,0.0
1354095,0.0
1047886,0.0
1392652,0.0
1432258,0.0
1138217,0.0
1182344,0.0
1137204,0.0
1461362,0.0
1226026,0.0
1025513,0.0
1315779,311.0
1120550,0.0
1345814,311.0
1273694,311.0
1373670,0.0
1304674,0.0
1115980,0.0
1078416,0.0
1492006,0.0
1154339,0.0
1125717,311.0
1418240,0.0
1273336,0.0
1268753,0.0
1032128,0.0
1365619,0.0
1140349,0.0
1180650,0.0
1101235,0.0
1432496,0.0
1430566,0.0
1014783,0.0
1116354,0.0
1146657,0.0
1344262,0.0
1450902,0.0
1050703,0.0
1103779,0.0
1373522,0.0
1151308,0.0
1483186,0.0
1018915,0.0
1364131,0.0
1345596,0.0
1420063,0.0
1492833,0.0
1360054,0.0
1213321,0.0
1037639,0.0
1142648,0.0
1361615,0.0
1042523,0.0
1005712,0.0
1315204,0.0
1267815,0.0
1367043,0.0
1004886,311.0
1034244,0.0
1297387,0.0
1210501,0.0
1097181,0.0
1310794,0.0
1014635,0.0
1292994,0.0
1173658,0.0
1211835,0.0
1076344,0.0
1232705,0.0
1195774,0.0
1174518,0.0
1243831,0.0
1481724,0.0
1207346,0.0
1271815,0.0
1303872,0.0
1176334,0.0
1304553,0.0
1257584,0.0
1440237,0.0
1084653,0.0
1332317,0.0
1177460,0.0
1165358,311.0
1497001,0.0
1103832,0.0
1403223,0.0
1223995,0.0
1441994,0.0
1397538,0.0
1021975,0.0
1400819,0.0
1132871,0.0
1275036,0.0
1467062,0.0
1243970,0.0
1484482,0.0
1282672,0.0
1232517,0.0
1375882,0.0
1145757,0.0
1200160,0.0
1410058,311.0
1305115,0.0
1095464,311.0
1487515,0.0
1024500,0.0
1071735,0.0
1344422,0.0
1312920,0.0
1297157,0.0
1142750,0.0
1411826,311.0
1318333,311.0
1434478,311.0
1438407,311.0
1234963,0.0
1444737,0.0
1068604,0.0
1011801,0.0
1314498,0.0
1099240,0.0
1403942,0.0
1161200,0.0
1047246,0.0
1395061,311.0
1170801,311.0
1042827,0.0
1174504,0.0
1173705,0.0
1230491,0.0
1348587,0.0
1498538,0.0
1497901,0.0
1271586,0.0
1039920,0.0
1243378,0.0
1129865,311.0
1056548,311.0
1006403,311.0
1348142,311.0
1029535,0.0
1211544,311.0
1409887,0.0
1373243,0.0
1424541,0.0
1387862,311.0
1125217,0.0
1244163,0.0
1090094,0.0
1206594,0.0
1418380,0.0
1018911,0.0
1365726,0.0
1182054,0.0
1185618,0.0
1499996,0.0
1289837,0.0
1207125,0.0
1385322,0.0
1109874,0.0
1451374,311.0
1256784,0.0
1267473,0.0
1102117,0.0
1401169,0.0
1207111,0.0
1017175,0.0
1247741,0.0
1117518,0.0
1282054,0.0
1370192,0.0
1038438,0.0
1181256,0.0
1107618,0.0
1177282,0.0
1050846,0.0
1171305,0.0
1495234,0.0
1493457,0.0
1020507,0.0
1054269,0.0
1342004,0.0
1121352,311.0
1398988,0.0
1133642,0.0
1390781,0.0
1227153,0.0
1156586,311.0
1184605,0.0
1313893,0.0
1166618,0.0
1128043,0.0
1359339,0.0
1146723,0.0
1404721,311.0
1115692,0.0
1295765,0.0
1245205,0.0
1090138,0.0
1212530,0.0
1377936,0.0
1481135,0.0
1012718,0.0
1274851,0.0
1214056,0.0
1449539,311.0
1196447,0.0
1313914,0.0
1012652,0.0
1463945,0.0
1352697,0.0
1119279,0.0
1499681,0.0
1316005,0.0
1276695,0.0
1343456,0.0
1406377,0.0
1377782,0.0
1475804,0.0
1389781,0.0
1121088,0.0
1404053,0.0
1103761,0.0
1427117,0.0
1235746,0.0
1111305,0.0
1398419,0.0
1043032,0.0
1094924,0.0
1016992,0.0
1015891,0.0
1361581,0.0
1079764,0.0
1206362,0.0
1050479,0.0
1464461,0.0
1238056,0.0
1024016,0.0
1161026,0.0
1266837,0.0
1003688,0.0
1437653,0.0
1428544,0.0
1329858,0.0
1242262,0.0
1139460,0.0
1340320,0.0
1458283,0.0
1046592,0.0
1382408,0.0
1399111,0.0
1354514,0.0
1151009,0.0
1473380,0.0
1318609,0.0
1260208,0.0
1456298,0.0
1433872,0.0
1495928,0.0
1145163,0.0
1288414,0.0
1164780,0.0
1099811,0.0
1055810,311.0
1465823,0.0
1068702,0.0
1199817,0.0
1308993,0.0
1228658,0.0
1067611,0.0
1337804,0.0
1265862,0.0
1075698,0.0
1493152,0.0
1480072,311.0
1303746,0.0
1252753,0.0
1429794,311.0
1284846,0.0
1347430,311.0
1253487,0.0
1414292,0.0
1444665,0.0
1467493,311.0
1375138,311.0
1039245,311.0
1009524,0.0
1042431,0.0
1218618,0.0
1005450,311.0
1337184,311.0
1305212,311.0
1229650,311.0
1202211,0.0
1206844,0.0
1315684,0.0
1451907,0.0
1479101,0.0
1204831,0.0
1299973,0.0
1479704,0.0
1103391,0.0
1030973,0.0
1175313,311.0
1001655,0.0
1486656,311.0
1144994,0.0
1339590,0.0
1176446,0.0
1228211,0.0
1140034,0.0
1261020,0.0
1419809,0.0
1316742,0.0
1446413,0.0
1161401,0.0
1378385,0.0
1371110,311.0
1474124,0.0
1289204,0.0
1493328,0.0
1365154,0.0
1012943,0.0
1241599,0.0
1306515,311.0
1467462,0.0
1442130,311.0
1486092,0.0
1348096,311.0
1109213,0.0
1475586,0.0
1415413,0.0
1143304,0.0
1211792,0.0
1311799,0.0
1010422,0.0
1238437,0.0
1283496,0.0
1054679,0.0
1374106,0.0
1252741,0.0
1105246,0.0
1302648,0.0
1424462,0.0
1076983,0.0
1183226,0.0
1468687,0.0
1413771,0.0
1383816,0.0
1439193,0.0
1339142,0.0
1412413,0.0
1314608,0.0
1427899,0.0
1266188,311.0
1455688,0.0
1453758,0.0
1067032,0.0
1186216,0.0
1255594,0.0
1149061,311.0
1271186,0.0
1257768,311.0
1267184,0.0
1305748,0.0
1015025,0.0
1240225,311.0
1121296,0.0
1082946,0.0
1055145,0.0
1386090,0.0
1144287,0.0
1193883,311.0
1194633,0.0
1324241,0.0
1019478,0.0
1200780,0.0
1419930,0.0
1002912,0.0
1319159,0.0
1175738,0.0
1201561,311.0
1219862,311.0
1196146,0.0
1466525,0.0
1204816,0.0
1473726,0.0
1060409,0.0
1261615,0.0
1043550,0.0
1467630,0.0
1018320,0.0
1435521,0.0
1401990,0.0
1390906,0.0
1462965,0.0
1187504,0.0
1095731,0.0
1110023,0.0
1176469,0.0
1166528,0.0
1053800,0.0
1048692,0.0
1341226,0.0
1258738,0.0
1455555,0.0
1037988,0.0
1180812,0.0
1343995,0.0
1227316,0.0
1372927,0.0
1306602,0.0
1230159,0.0
1388384,0.0
1351353,0.0
1412668,0.0
1161674,0.0
1344481,311.0
1119553,311.0
1154103,0.0
1416326,0.0
1164432,0.0
1321519,0.0
1293866,0.0
1050155,0.0
1404233,0.0
1333872,0.0
1304601,0.0
1054033,0.0
1256807,0.0
1100598,0.0
1443205,311.0
1228081,311.0
1261036,0.0
1456972,0.0
1234652,0.0
1019525,0.0
1409608,0.0
1310744,0.0
1446997,0.0
1109153,0.0
1308005,0.0
1123493,0.0
1237245,0.0
1155218,0.0
1171637,311.0
1042017,0.0
1194420,0.0
1460528,0.0
1397951,0.0
1468212,311.0
1072591,311.0
1337955,311.0
1290352,0.0
1299976,0.0
1140847,0.0
1238821,0.0
1265338,0.0
1347317,0.0
1369188,0.0
1105641,0.0
1346889,0.0
1484137,0.0
1180684,0.0
1179550,0.0
1416214,0.0
1069061,0.0
1392324,0.0
1253157,0.0
1064627,0.0
1467330,0.0
1075123,0.0
1120109,0.0
1314299,0.0
1156261,311.0
1113630,0.0
1268813,311.0
1145397,0.0
1354889,0.0
1177527,0.0
1047685,0.0
1201059,0.0
1108123,0.0
1420379,0.0
1327250,0.0
1308810,0.0
1017856,311.0
1303699,311.0
1361399,0.0
1297207,311.0
1108091,0.0
1044014,0.0
1366117,0.0
1175246,0.0
1190610,0.0
1367486,311.0
1466748,0.0
1294077,311.0
1383490,0.0
1131144,0.0
1418604,0.0
1093359,0.0
1109016,0.0
1287135,0.0
1163382,0.0
1335895,311.0
1339037,0.0
1049246,311.0
1239904,0.0
1329104,0.0
1273304,0.0
1363773,0.0
1247584,0.0
1311383,0.0
1415059,0.0
1330789,0.0
1102131,0.0
1146418,0.0
1266488,0.0
1361294,311.0
1025857,0.0
1204032,0.0
1261246,0.0
1370363,0.0
1049932,311.0
1059349,0.0
1379685,0.0
1406571,0.0
1317787,0.0
1269383,0.0
1095921,0.0
1473953,0.0
1036541,0.0
1042290,0.0
1012530,0.0
1279482,0.0
1183572,0.0
1050938,0.0
1480136,0.0
1183250,0.0
1440724,0.0
1238788,311.0
1240822,311.0
1198444,0.0
1099030,0.0
1414499,0.0
1238900,311.0
1022388,0.0
1441697,0.0
1376322,0.0
1278517,0.0
1464656,0.0
1010591,0.0
1224424,0.0
1053563,0.0
1473999,0.0
1391636,0.0
1058103,0.0
1398850,311.0
1019125,0.0
1359966,0.0
1205122,0.0
1435699,0.0
1451338,0.0
1227037,0.0
1338040,0.0
1183385,0.0
1220112,0.0
1270286,0.0
1268774,0.0
1461261,0.0
1015954,0.0
1460911,0.0
1425740,0.0
1094329,0.0
1198363,0.0
1494681,311.0
1461529,0.0
1027092,0.0
1011707,0.0
1338306,0.0
1287191,0.0
1141616,0.0
1318975,0.0
1280255,0.0
1068883,0.0
1169895,0.0
1299452,0.0
1441502,0.0
1109701,0.0
1201572,0.0
1397917,0.0
1459768,0.0
1112214,0.0
1384957,0.0
1073388,0.0
1410195,311.0
1323018,0.0
1393168,0.0
1464503,0.0
1448615,0.0
1189624,0.0
1015296,0.0
1257262,0.0
1390673,0.0
1393329,0.0
1082717,0.0
1271409,0.0
1149602,0.0
1380508,0.0
1084335,0.0
1157467,0.0
1311551,0.0
1219848,0.0
1046393,0.0
1020243,0.0
1215429,0.0
1343129,0.0
1434894,0.0
1248768,0.0
1353466,0.0
1269572,0.0
1331977,311.0
1019221,0.0
1372144,0.0
1380163,0.0
1314566,0.0
1239508,0.0
1080052,311.0
1052185,0.0
1410013,0.0
1211910,0.0
1463175,0.0
1322235,311.0
1442756,0.0
1487782,0.0
1432248,0.0
1046330,0.0
1016515,0.0
1439602,311.0
1448463,311.0
1021724,0.0
1453370,0.0
1249813,0.0
1429939,0.0
1326422,0.0
1086556,0.0
1236619,0.0
1210795,0.0
1252996,0.0
1495848,0.0
1316220,0.0
1164599,311.0
1022140,311.0
1159696,0.0
1474230,0.0
1101112,0.0
1069260,0.0
1332048,0.0
1369485,0.0
1444811,0.0
1143538,0.0
1087917,0.0
1499109,0.0
1347649,311.0
1138627,311.0
1260987,0.0
1302832,0.0
1399279,0.0
1036773,0.0
1081323,0.0
1339737,0.0
1251637,0.0
1225315,0.0
1387284,0.0
1229449,0.0
1165405,0.0
1259378,311.0
1241177,0.0
1295721,0.0
1391577,311.0
1053998,0.0
1407766,0.0
1078929,0.0
1233601,0.0
1435122,0.0
1151274,0.0
1367894,0.0
1428672,0.0
1031763,0.0
1020912,0.0
1301486,0.0
1195982,0.0
1058406,0.0
1428885,0.0
1392506,0.0
1354722,0.0
1151119,0.0
1456334,0.0
1000392,0.0
1076303,0.0
1217993,0.0
1427114,0.0
1232737,0.0
1447145,0.0
1030444,0.0
1215951,0.0
1485205,0.0
1272229,0.0
1157017,0.0
1411198,0.0
1021195,0.0
1484282,0.0
1120782,0.0
1145895,0.0
1233303,0.0
1400324,0.0
1253143,0.0
1162775,0.0
1426156,0.0
1389854,311.0
1184046,0.0
1110240,0.0
1418797,0.0
1153933,0.0
1130157,0.0
1477958,0.0
1179950,0.0
1434483,0.0
1110568,0.0
1259611,0.0
1062494,0.0
1238695,0.0
1356980,0.0
1175779,0.0
1058670,0.0
1332114,0.0
1043320,0.0
1340375,0.0
1249769,0.0
1494941,0.0
1133750,0.0
1120606,0.0
1022677,0.0
1187699,0.0
1249408,0.0
1008063,0.0
1333009,0.0
1137703,0.0
1059370,0.0
1272535,0.0
1399479,0.0
1465309,0.0
1077335,0.0
1468203,0.0
1129604,0.0
1245854,0.0
1436228,311.0
1112488,0.0
1264507,0.0
1436339,0.0
1293650,0.0
1368515,0.0
1378544,0.0
1073128,0.0
1281460,0.0
1437209,0.0
1286860,0.0
1081645,0.0
1338150,0.0
1144418,0.0
1004909,311.0
1083789,0.0
1080382,0.0
1005118,0.0
1381948,0.0
1378136,0.0
1278339,0.0
1317396,0.0
1184923,0.0
1259989,0.0
1472975,0.0
1289710,0.0
1268258,0.0
1385320,0.0
1413560,0.0
1224718,0.0
1017207,0.0
1179559,0.0
1231053,0.0
1278358,0.0
1263612,0.0
1091196,0.0
1199578,0.0
1343601,0.0
1079074,0.0
1427548,0.0
1358859,0.0
1048360,0.0
1091093,0.0
1411819,0.0
1158007,0.0
1239951,0.0
1144306,0.0
1155176,0.0
1056878,0.0
1044596,0.0
1183036,0.0
1179847,0.0
1390628,0.0
1323946,0.0
1142224,0.0
1255341,0.0
1143868,0.0
1212643,0.0
1278380,0.0
1276819,0.0
1226360,0.0
1213540,0.0
1261002,0.0
1436625,0.0
1455556,0.0
1436109,0.0
1182886,0.0
1153339,0.0
1462077,311.0
1400753,0.0
1193512,0.0
1064201,0.0
1292029,0.0
1197479,0.0
1154076,0.0
1429305,0.0
1017949,0.0
1308904,0.0
1054616,0.0
1336461,0.0
1477215,0.0
1118447,0.0
1222652,0.0
1498149,0.0
1422826,0.0
1404575,0.0
1141742,0.0
1284793,0.0
1003219,0.0
1380388,0.0
1399900,311.0
1201903,0.0
1382085,0.0
1441674,0.0
1262038,0.0
1010378,0.0
1487063,0.0
1443685,0.0
1244411,0.0
1369483,0.0
1490847,0.0
1490467,0.0
1044870,0.0
1289744,0.0
1061949,0.0
1272171,0.0
1480899,0.0
1354480,0.0
1057585,0.0
1195707,0.0
1407545,0.0
1007195,0.0
1264972,0.0
1210844,0.0
1421837,0.0
1193017,0.0
1177201,0.0
1475974,0.0
1130779,0.0
1376448,0.0
1272128,0.0
1335607,0.0
1118117,0.0
1334810,0.0
1068682,0.0
1186849,0.0
1407222,0.0
1134658,0.0
1015386,0.0
1124283,0.0
1014743,0.0
1347615,0.0
1392905,0.0
1128418,0.0
1305760,0.0
1083760,0.0
1186898,0.0
1449211,0.0
1324623,0.0
1302530,0.0
1218656,0.0
1039345,0.0
1402997,0.0
1422513,0.0
1208218,0.0
1275681,0.0
1472006,0.0
1186697,0.0
1154063,0.0
1224020,0.0
1152499,0.0
1103403,0.0
1353870,0.0
1414869,0.0
1155592,0.0
1011328,0.0
1378346,0.0
1066271,0.0
1062630,0.0
1410177,311.0
1195022,0.0
1010516,0.0
1428344,0.0
1371092,0.0
1124696,0.0
1018683,0.0
1456057,0.0
1458824,0.0
1181024,0.0
1041553,0.0
1352708,0.0
1339747,0.0
1125745,0.0
1352343,0.0
1323021,0.0
1256515,0.0
1407628,0.0
1280384,0.0
1029916,0.0
1483078,0.0
1233562,0.0
1102011,0.0
1448582,311.0
1093908,0.0
1104503,0.0
1279361,0.0
1318960,0.0
1336959,0.0
1464277,0.0
1119422,0.0
1477480,0.0
1294471,0.0
1333133,0.0
1003275,0.0
1358488,0.0
1272288,0.0
1290825,0.0
1148958,0.0
1034980,0.0
1033802,0.0
1282516,0.0
1238630,0.0
1078562,0.0
1174713,0.0
1227991,0.0
1070798,0.0
1014190,0.0
1270138,0.0
1116321,0.0
1141964,0.0
1203738,0.0
1065017,0.0
1119638,0.0
1386092,0.0
1379280,0.0
1058705,0.0
1231273,0.0
1102466,0.0
1498076,0.0
1354259,0.0
1215738,0.0
1029371,0.0
1302808,0.0
1152021,0.0
1041253,0.0
1453402,0.0
1352703,0.0
1455324,0.0
1231858,0.0
1169391,0.0
1035888,0.0
1148287,0.0
1490962,0.0
1470794,0.0
1188351,0.0
1176669,0.0
1278543,0.0
1306674,0.0
1213251,0.0
1372237,0.0
1095215,0.0
1038564,0.0
1001293,0.0
1487809,0.0
1318005,0.0
1253835,0.0
1460261,0.0
1207469,0.0
1430955,0.0
1016415,0.0
1336482,0.0
1231323,0.0
1187485,0.0
1438137,0.0
1306041,0.0
1267399,0.0
1339529,0.0
1408796,0.0
1427990,0.0
1109333,0.0
1100420,0.0
1248988,0.0
1499126,0.0
1366645,0.0
1262160,0.0
1290336,0.0
1381275,0.0
1029370,0.0
1037784,0.0
1457076,0.0
1445194,0.0
1047893,0.0
1058888,0.0
1003516,0.0
1156713,0.0
1147947,311.0
1480821,0.0
1197539,0.0
1463014,0.0
1397866,0.0
1337888,0.0
1032931,0.0
1219365,0.0
1225994,0.0
1175233,0.0
1245636,0.0
1160971,0.0
1096404,0.0
1265382,0.0
1233753,0.0
1066835,0.0
1333990,0.0
1086255,0.0
1429267,0.0
1478932,0.0
1402825,0.0
1072917,0.0
1336858,0.0
1149362,0.0
1004201,0.0
1117180,0.0
1109936,0.0
1444093,0.0
1361255,0.0
1471104,0.0
1129361,0.0
1081277,0.0
1473506,0.0
1182900,0.0
1132187,0.0
1370849,0.0
1087631,311.0
1163909,0.0
1204772,0.0
1051517,0.0
1470903,0.0
1385567,0.0
1094602,311.0
1457111,0.0
1271078,0.0
1175823,0.0
1107484,0.0
1033330,0.0
1036900,0.0
1265395,0.0
1115685,0.0
1247176,0.0
1247660,0.0
1076364,0.0
1095494,0.0
1113809,0.0
1419650,0.0
1333805,0.0
1206710,0.0
1022502,0.0
1291979,0.0
1317168,0.0
1078618,0.0
1450557,0.0
1011877,0.0
1239868,0.0
1144362,0.0
1386947,0.0
1058015,0.0
1376229,0.0
1448172,0.0
1254766,0.0
1419727,0.0
1083350,0.0
1101167,0.0
1374924,0.0
1252536,0.0
1491332,0.0
1115069,0.0
1252042,0.0
1437847,0.0
1349037,0.0
1146776,0.0
1129044,0.0
1326556,0.0
1395845,0.0
1198342,0.0
1021990,0.0
1013880,0.0
1446348,0.0
1292973,0.0
1312218,0.0
1019977,0.0
1478596,0.0
1090267,0.0
1073679,0.0
1400541,0.0
1402219,311.0
1140444,0.0
1439582,0.0
1383383,0.0
1152503,0.0
1308270,0.0
1057569,0.0
1405278,0.0
1308475,0.0
1302806,0.0
1149327,0.0
1458592,0.0
1250578,311.0
1127512,311.0
1448129,311.0
1195583,0.0
1367936,0.0
1464628,0.0
1358064,0.0
1228578,0.0
1377631,0.0
1012556,311.0
1260468,311.0
1103936,0.0
1118263,311.0
1475103,0.0
1181549,0.0
1025123,0.0
1087645,0.0
1241826,0.0
1334372,0.0
1047720,0.0
1055325,0.0
1447963,0.0
1241704,0.0
1345238,0.0
1151767,311.0
1401894,0.0
1215801,0.0
1278451,0.0
1141648,0.0
1354607,0.0
1484480,0.0
1059653,311.0
1001642,0.0
1053728,0.0
1452906,0.0
1221849,0.0
1145823,0.0
1004738,0.0
1016959,0.0
1366403,0.0
1203040,311.0
1309434,0.0
1053095,311.0
1310215,0.0
1048023,0.0
1457241,0.0
1099744,0.0
1478797,0.0
1193167,0.0
1473418,0.0
1275478,0.0
1039279,0.0
1318303,0.0
1427008,0.0
1022602,0.0
1450331,0.0
1338401,0.0
1455095,0.0
1131015,0.0
1155753,0.0
1197521,0.0
1054831,0.0
1491428,0.0
1082621,0.0
1308127,0.0
1361172,0.0
1104604,0.0
1305125,311.0
1263934,0.0
1158859,311.0
1004511,0.0
1221347,0.0
1334054,0.0
1411737,0.0
1482143,0.0
1228789,311.0
1050306,0.0
1401916,0.0
1441346,0.0
1445719,0.0
1235133,0.0
1249510,0.0
1478651,0.0
1300102,0.0
1107407,0.0
1372954,0.0
1045292,0.0
1481458,0.0
1155654,0.0
1097352,0.0
1248066,0.0
1224671,0.0
1377389,0.0
1388621,0.0
1284250,0.0
1453398,0.0
1084227,0.0
1290361,0.0
1373220,0.0
1433003,0.0
1372767,0.0
1287686,311.0
1028205,0.0
1052382,0.0
1282473,0.0
1377962,0.0
1499594,0.0
1078682,0.0
1026597,0.0
1448378,0.0
1348608,0.0
1380883,0.0
1058252,0.0
1146079,0.0
1008284,0.0
1160822,311.0
1264778,0.0
1092978,311.0
1402934,0.0
1132690,0.0
1002344,0.0
1497180,0.0
1486344,0.0
1136665,311.0
1138281,0.0
1392733,0.0
1378391,0.0
1161473,0.0
1147410,0.0
1399769,0.0
1385630,0.0
1201050,0.0
1313140,311.0
1354197,311.0
1393791,0.0
1488767,0.0
1038860,311.0
1095582,0.0
1408529,0.0
1092603,0.0
1017195,0.0
1280096,0.0
1358278,0.0
1441493,0.0
1197751,0.0
1069003,0.0
1318108,0.0
1224735,0.0
1375272,0.0
1130751,0.0
1407705,0.0
1319965,0.0
1129316,0.0
1312521,0.0
1377111,0.0
1448820,0.0
1299718,0.0
1142258,0.0
1274801,0.0
1261414,0.0
1441579,0.0
1485381,0.0
1078971,0.0
1311286,0.0
1130121,0.0
1108999,0.0
1072044,0.0
1351452,0.0
1149836,0.0
1327461,0.0
1407103,311.0
1004415,0.0
1063060,0.0
1409048,0.0
1088324,0.0
1436928,0.0
1469962,0.0
1322938,0.0
1463652,0.0
1403044,0.0
1308022,0.0
1336250,0.0
1475924,0.0
1399620,0.0
1470691,0.0
1062043,0.0
1320351,0.0
1321385,0.0
1076145,0.0
1067868,0.0
1246710,0.0
1478428,0.0
1300491,0.0
1117583,0.0
1045436,0.0
1046296,0.0
1003774,0.0
1193733,0.0
1071433,0.0
1150635,0.0
1153606,0.0
1463595,0.0
1121534,0.0
1338458,0.0
1021248,0.0
1456547,0.0
1266338,0.0
1089876,0.0
1444468,0.0
1492727,0.0
1175015,0.0
1030093,0.0
1084128,0.0
1455454,311.0
1163122,0.0
1493963,0.0
1325195,0.0
1006757,0.0
1173623,0.0
1189411,0.0
1419046,0.0
1391368,0.0
1078393,0.0
1362930,0.0
1148432,0.0
1157952,0.0
1421823,0.0
1488675,0.0
1391279,0.0
1123390,0.0
1158789,0.0
1012009,0.0
1206547,0.0
1273403,0.0
1419767,0.0
1214712,0.0
1277314,0.0
1150833,0.0
1376099,0.0
1136598,0.0
1313669,0.0
1438471,0.0
1278279,0.0
1417791,0.0
1321591,0.0
1108806,0.0
1019410,0.0
1313151,0.0
1303625,0.0
1317487,0.0
1016408,0.0
1027573,311.0
1003495,311.0
1377489,0.0
1045441,0.0
1298833,0.0
1376616,0.0
1309094,311.0
1252943,311.0
1301397,0.0
1489870,0.0
1260253,0.0
1163508,0.0
1267023,0.0
1271281,0.0
1416108,0.0
1053239,0.0
1390157,0.0
1348210,0.0
1462354,0.0
1387628,0.0
1178750,311.0
1180221,0.0
1061083,0.0
1417395,0.0
1257964,0.0
1041421,0.0
1225370,0.0
1318708,0.0
1298752,0.0
1006972,0.0
1445613,0.0
1032032,0.0
1170276,0.0
1261997,0.0
1279926,0.0
1320313,0.0
1069609,0.0
1188923,0.0
1277137,0.0
1321083,0.0
1299500,0.0
1404104,0.0
1431655,0.0
1166438,0.0
1294970,0.0
1087179,0.0
1488501,0.0
1245834,0.0
1415414,0.0
1138532,0.0
1423702,0.0
1263294,0.0
1250143,0.0
1119650,0.0
1278069,0.0
1199102,0.0
1433450,0.0
1360725,0.0
1057764,0.0
1402432,0.0
1107519,0.0
1478678,0.0
1359424,0.0
1319711,0.0
1350440,0.0
1121390,0.0
1092107,0.0
1207162,0.0
1336861,0.0
1458020,0.0
1261440,0.0
1440417,0.0
1369957,0.0
1027398,0.0
1390864,0.0
1293914,0.0
1230230,0.0
1341098,0.0
1178578,0.0
1141469,0.0
1468396,0.0
1254335,0.0
1225773,0.0
1252882,0.0
1100845,0.0
1306213,0.0
1482036,311.0
1200300,0.0
1374065,0.0
1271122,0.0
1305187,0.0
1090327,0.0
1246152,0.0
1001624,0.0
1480765,0.0
1066825,0.0
1015288,0.0
1081486,0.0
1371099,0.0
1487942,0.0
1013085,0.0
1325274,0.0
1055267,0.0
1416809,0.0
1186368,0.0
1266540,0.0
1422131,0.0
1363863,0.0
1495820,0.0
1222905,0.0
1009810,0.0
1071035,0.0
1406416,0.0
1444150,0.0
1494124,0.0
1168659,0.0
1286139,0.0
1231162,0.0
1221143,0.0
1176218,0.0
1059042,0.0
1389884,0.0
1049469,0.0
1242586,0.0
1015970,0.0
1064484,0.0
1038111,0.0
1285831,0.0
1364225,0.0
1129487,0.0
1464242,0.0
1084752,0.0
1473103,0.0
1453188,0.0
1261427,0.0
1061284,0.0
1102764,0.0
1294005,0.0
1225617,0.0
1307102,0.0
1310837,0.0
1467768,0.0
1365592,0.0
1455529,0.0
1059264,0.0
1187206,0.0
1369804,0.0
1020464,0.0
1151202,0.0
1044974,0.0
1019963,0.0
1286451,0.0
1196193,0.0
1403823,0.0
1141787,0.0
1140787,0.0
1386731,0.0
1185269,0.0
1070733,0.0
1358238,0.0
1374634,0.0
1231736,0.0
1484430,0.0
1132084,0.0
1102829,0.0
1074575,0.0
1213359,0.0
1076907,0.0
1112824,0.0
1145862,0.0
1062790,0.0
1459860,0.0
1487956,0.0
1397812,0.0
1062078,0.0
1137097,0.0
1235291,0.0
1158661,0.0
1003459,0.0
1009290,0.0
1365045,311.0
1280225,311.0
1088169,311.0
1444995,0.0
1056805,0.0
1300033,0.0
1140262,0.0
1119152,0.0
1044920,0.0
1212779,0.0
1093377,0.0
1217360,0.0
1003099,0.0
1219726,0.0
1406018,311.0
1094927,311.0
1479236,0.0
1080862,0.0
1281752,0.0
1089147,0.0
1341774,0.0
1474431,0.0
1130649,0.0
1217371,0.0
1137736,311.0
1027368,0.0
1172089,0.0
1398163,0.0
1260541,0.0
1038509,0.0
1003218,0.0
1345723,311.0
1026349,311.0
1446915,311.0
1059984,0.0
1030243,0.0
1352929,0.0
1203405,0.0
1362484,0.0
1188982,0.0
1305994,0.0
1267654,0.0
1127538,0.0
1366788,0.0
1340261,0.0
1278100,0.0
1002461,0.0
1284086,0.0
1362854,0.0
1248475,0.0
1026803,0.0
1014169,0.0
1040562,0.0
1264727,0.0
1047128,0.0
1091740,0.0
1018252,0.0
1239853,0.0
1246091,0.0
1052692,0.0
1366131,0.0
1193051,0.0
1185489,0.0
1009193,0.0
1457172,0.0
1032783,0.0
1096378,0.0
1083483,0.0
1377335,0.0
1233397,0.0
1263028,0.0
1002286,0.0
1177408,0.0
1009321,0.0
1327372,0.0
1444981,0.0
1447555,0.0
1347087,0.0
1433295,0.0
1227977,0.0
1428803,0.0
1069118,0.0
1280515,0.0
1275321,0.0
1320888,0.0
1211469,0.0
1043759,0.0
1274476,0.0
1015306,0.0
1226202,0.0
1269436,0.0
1392516,0.0
1175181,0.0
1394002,0.0
1100145,0.0
1405173,0.0
1431128,0.0
1168290,0.0
1097457,0.0
1251813,0.0
1290508,0.0
1250530,0.0
1065521,0.0
1028235,0.0
1120159,0.0
1201924,0.0
1387218,0.0
1385976,0.0
1492576,0.0
1457102,0.0
1225246,0.0
1137692,0.0
1097664,0.0
1423762,0.0
1486936,0.0
1036363,0.0
1089895,0.0
1073741,0.0
1264314,0.0
1330214,0.0
1494999,0.0
1344550,0.0
1124700,0.0
1242539,0.0
1084372,0.0
1008109,0.0
1020796,0.0
1248932,0.0
1259305,0.0
1339799,0.0
1265496,0.0
1210302,0.0
1345540,0.0
1396943,0.0
1229906,0.0
1309747,0.0
1150824,0.0
1105714,0.0
1464884,0.0
1050711,0.0
1126149,0.0
1406813,0.0
1276366,0.0
1065859,0.0
1047034,0.0
1322050,0.0
1218824,0.0
1125271,0.0
1146788,0.0
1290290,0.0
1312333,0.0
1290649,0.0
1445173,0.0
1162336,0.0
1428418,0.0
1178671,0.0
1165681,0.0
1322633,0.0
1022676,0.0
1182203,0.0
1477854,0.0
1078258,0.0
1459447,0.0
1414710,0.0
1163586,0.0
1354271,0.0
1435587,0.0
1235730,0.0
1430653,311.0
1356816,0.0
1249459,0.0
1383696,0.0
1473273,0.0
1156239,0.0
1080833,0.0
1357643,0.0
1066858,0.0
1136298,0.0
1204001,0.0
1268214,0.0
1432435,0.0
1087869,0.0
1294285,0.0
1447542,0.0
1219752,0.0
1463585,0.0
1399354,0.0
1083258,0.0
1348027,0.0
1073296,0.0
1218259,0.0
1055166,0.0
1048344,311.0
1279293,311.0
1429858,0.0
1377616,311.0
1077316,0.0
1020593,0.0
1374566,0.0
1174458,0.0
1292317,0.0
1109552,0.0
1020570,0.0
1131507,0.0
1364412,311.0
1095570,311.0
1349089,0.0
1099027,0.0
1483921,0.0
1356018,0.0
1425677,0.0
1234948,0.0
1228845,0.0
1312925,0.0
1409045,0.0
1407711,0.0
1384843,0.0
1404814,0.0
1152733,0.0
1307351,0.0
1338165,0.0
1489624,0.0
1125254,0.0
1038042,0.0
1420115,0.0
1349422,0.0
1284712,0.0
1210696,0.0
1412353,0.0
1392645,0.0
1384949,0.0
1188626,0.0
1066079,0.0
1162285,0.0
1492538,0.0
1402415,0.0
1019929,0.0
1459986,0.0
1451930,311.0
1221659,0.0
1070154,0.0
1222153,0.0
1217690,0.0
1207164,0.0
1196535,0.0
1271370,0.0
1362696,0.0
1115930,0.0
1081422,0.0
1178109,0.0
1381479,0.0
1262482,0.0
1406669,0.0
1066635,0.0
1393223,0.0
1203426,0.0
1422405,0.0
1491431,0.0
1499374,0.0
1388656,0.0
1367962,0.0
1126025,0.0
1222999,0.0
1334149,0.0
1372970,0.0
1051921,0.0
1118718,0.0
1019197,0.0
1163736,0.0
1490537,0.0
1421037,0.0
1369165,0.0
1479853,0.0
1347737,0.0
1224591,0.0
1401547,0.0
1003132,0.0
1067886,0.0
1021448,0.0
1146229,0.0
1150462,0.0
1164569,0.0
1381797,0.0
1165069,0.0
1314459,311.0
1120011,0.0
1252492,0.0
1497593,0.0
1256423,0.0
1498061,0.0
1468554,0.0
1394553,0.0
1038405,0.0
1092384,0.0
1214548,0.0
1316602,0.0
1149305,0.0
1376882,0.0
1402905,0.0
1265562,0.0
1471607,0.0
1207514,0.0
1233077,0.0
1099116,0.0
1312179,0.0
1335106,0.0
1473304,0.0
1135009,0.0
1317384,0.0
1371779,0.0
1240938,0.0
1220537,0.0
1268409,0.0
1090433,0.0
1430511,0.0
1466400,0.0
1255779,0.0
1359285,0.0
1497401,0.0
1158034,0.0
1175348,0.0
1398779,0.0
1416593,0.0
1117008,0.0
1422410,0.0
1438434,0.0
1289002,0.0
1304131,0.0
1039804,0.0
1401112,311.0
1076970,311.0
1497233,0.0
1095800,311.0
1141220,0.0
1216862,0.0
1291354,0.0
1318829,0.0
1105567,0.0
1024334,0.0
1082784,0.0
1221554,0.0
1250142,0.0
1484156,0.0
1370080,0.0
1401067,0.0
1499403,0.0
1319124,0.0
1294205,0.0
1428427,0.0
1034494,0.0
1012741,0.0
1222552,0.0
1176172,0.0
1180274,0.0
1006679,0.0
1321317,0.0
1330192,0.0
1345103,0.0
1192637,0.0
1014260,0.0
1349532,0.0
1042609,0.0
1336011,0.0
1336430,0.0
1006871,0.0
1247718,0.0
1329337,0.0
1471915,0.0
1412206,0.0
1206173,0.0
1342026,0.0
1220665,0.0
1442420,0.0
1005888,0.0
1431479,0.0
1412678,0.0
1451172,0.0
1209243,0.0
1118231,0.0
1436925,0.0
1177213,0.0
1393892,0.0
1293688,0.0
1430451,0.0
1257915,0.0
1260361,0.0
1350360,0.0
1250071,0.0
1005203,0.0
1002038,0.0
1495941,0.0
1129879,0.0
1480310,0.0
1411866,0.0
1476353,311.0
1308065,0.0
1036112,0.0
1470282,0.0
1202024,0.0
1083569,0.0
1469153,0.0
1449624,0.0
1198904,0.0
1159627,0.0
1452753,0.0
1413299,311.0
1007084,0.0
1231412,0.0
1378037,0.0
1297445,0.0
1438160,0.0
1483101,0.0
1480060,0.0
1016113,0.0
1162379,0.0
1091288,0.0
1372964,0.0
1066331,0.0
1005212,0.0
1394276,0.0
1293724,0.0
1265135,0.0
1202745,0.0
1475054,0.0
1396314,0.0
1367644,0.0
1201373,0.0
1190458,0.0
1032122,0.0
1076725,0.0
1064096,0.0
1163018,0.0
1375223,0.0
1301717,0.0
1428980,0.0
1100342,0.0
1343359,0.0
1423280,0.0
1169225,0.0
1465986,0.0
1270442,0.0
1265514,0.0
1177336,0.0
1429672,0.0
1257683,0.0
1045236,0.0
1427198,0.0
1363750,0.0
1354562,0.0
1361686,0.0
1403738,0.0
1223276,0.0
1346354,311.0
1090120,0.0
1131741,0.0
1170391,0.0
1396714,0.0
1476267,0.0
1239629,0.0
1209622,0.0
1045618,0.0
1095815,0.0
1091233,0.0
1398418,0.0
1179336,0.0
1358912,0.0
1079072,0.0
1117169,0.0
1368745,0.0
1303163,0.0
1049813,0.0
1188565,0.0
1457380,0.0
1218111,0.0
1102916,0.0
1097127,0.0
1165065,0.0
1120074,0.0
1028018,0.0
1074971,0.0
1257808,0.0
1214676,0.0
1433675,0.0
1175443,0.0
1175194,0.0
1099840,0.0
1466306,0.0
1440825,0.0
1486783,0.0
1322331,0.0
1036614,0.0
1069991,0.0
1198552,0.0
1033486,0.0
1161969,311.0
1181346,0.0
1019871,311.0
1370409,0.0
1090001,0.0
1395107,0.0
1329672,0.0
1493176,0.0
1010051,0.0
1194947,0.0
1195282,0.0
1393742,0.0
1490790,0.0
1296401,0.0
1143282,311.0
1257007,0.0
1198928,0.0
1415350,0.0
1034989,0.0
1470064,0.0
1485813,0.0
1216593,0.0
1090739,0.0
1331772,0.0
1467724,0.0
1319892,0.0
1296548,0.0
1057687,0.0
1006400,0.0
1202321,0.0
1232693,0.0
1088390,0.0
1047164,0.0
1414441,311.0
1464530,311.0
1158989,0.0
1218556,0.0
1063924,0.0
1386823,0.0
1428090,0.0
1080853,0.0
1296610,0.0
1425926,0.0
1057655,0.0
1260202,0.0
1211375,0.0
1357283,0.0
1317270,0.0
1158796,0.0
1441531,0.0
1376392,0.0
1402391,0.0
1241852,0.0
1105602,0.0
1237714,0.0
1470264,0.0
1372047,0.0
1364017,0.0
1427606,0.0
1149679,0.0
1434019,0.0
1463479,0.0
1160547,0.0
1476899,0.0
1062579,311.0
1167403,0.0
1000831,0.0
1405691,0.0
1051395,0.0
1110076,0.0
1221115,0.0
1146209,0.0
1400354,0.0
1270581,0.0
1013331,0.0
1455897,0.0
1053982,0.0
1273228,0.0
1449458,0.0
1364328,0.0
1058319,0.0
1080543,0.0
1185785,0.0
1241404,0.0
1444450,0.0
1248805,0.0
1287664,0.0
1425745,0.0
1295803,0.0
1188988,0.0
1218721,0.0
1110021,0.0
1403828,0.0
1453489,0.0
1356071,0.0
1462466,0.0
1184862,0.0
1242154,0.0
1064732,0.0
1359636,0.0
1273778,0.0
1034465,0.0
1047182,0.0
1279658,0.0
1068315,0.0
1002703,0.0
1192767,311.0
1153423,0.0
1104076,0.0
1372175,0.0
1484666,0.0
1074808,0.0
1499791,0.0
1012199,0.0
1371072,0.0
1337833,0.0
1499597,0.0
1152640,311.0
1152832,0.0
1248367,0.0
1311195,0.0
1003603,311.0
1491649,0.0
1275758,0.0
1145855,0.0
1128983,0.0
1358834,0.0
1050090,0.0
1258870,0.0
1498242,0.0
1265747,0.0
1320063,0.0
1440934,0.0
1375670,0.0
1468147,0.0
1335661,0.0
1203802,0.0
1287827,0.0
1151671,0.0
1198647,0.0
1321983,0.0
1416169,0.0
1097142,311.0
1475252,0.0
1047283,0.0
1469473,0.0
1017174,0.0
1142069,311.0
1411642,311.0
1055911,0.0
1005047,0.0
1215030,0.0
1165272,0.0
1238585,0.0
1214927,0.0
1344687,0.0
1288267,0.0
1013447,311.0
1472670,0.0
1079013,0.0
1238444,0.0
1107036,0.0
1478036,0.0
1003011,0.0
1165858,0.0
1142725,0.0
1438722,0.0
1348564,0.0
1082397,0.0
1170464,0.0
1279071,311.0
1454242,311.0
1374880,0.0
1160529,0.0
1282205,0.0
1282979,0.0
1445857,0.0
1300957,0.0
1145685,0.0
1313316,0.0
1107810,0.0
1027173,0.0
1364840,0.0
1399020,0.0
1192491,0.0
1326790,0.0
1188764,0.0
1406673,0.0
1294357,0.0
1228266,0.0
1488677,0.0
1424179,311.0
1429867,0.0
1083778,0.0
1412339,0.0
1309019,0.0
1429369,0.0
1023764,0.0
1235639,0.0
1161715,0.0
1034811,0.0
1297084,0.0
1263867,311.0
1207706,0.0
1495277,0.0
1274689,0.0
1473386,0.0
1396008,0.0
1352957,0.0
1175539,0.0
1208032,0.0
1139998,0.0
1345370,0.0
1468915,0.0
1412517,0.0
1235360,0.0
1115937,0.0
1414341,0.0
1150150,0.0
1222246,0.0
1062556,0.0
1389391,0.0
1462187,0.0
1477781,0.0
1307721,0.0
1086764,0.0
1274608,0.0
1385813,0.0
1152269,0.0
1293693,0.0
1079050,0.0
1268557,0.0
1028423,311.0
1354486,0.0
1439681,0.0
1100265,0.0
1288951,0.0
1050581,0.0
1115528,311.0
1294502,0.0
1337744,0.0
1430822,0.0
1367941,0.0
1088086,0.0
1022421,0.0
1065633,0.0
1475975,0.0
1301966,0.0
1179522,0.0
1452915,0.0
1337074,0.0
1411597,0.0
1485280,0.0
1228135,0.0
1123336,0.0
1452081,0.0
1434384,0.0
1377169,0.0
1417530,0.0
1468795,0.0
1425915,0.0
1448266,0.0
1103610,0.0
1443467,0.0
1431006,0.0
1249754,0.0
1456297,0.0
1143869,0.0
1402368,0.0
1480810,0.0
1235695,0.0
1126918,0.0
1204193,0.0
1363689,0.0
1171147,0.0
1069813,311.0
1162341,0.0
1322932,0.0
1299021,0.0
1285582,0.0
1129549,0.0
1464589,0.0
1076755,0.0
1032540,311.0
1309956,311.0
1216773,311.0
1310608,0.0
1398185,0.0
1406628,0.0
1109214,0.0
1359148,0.0
1299390,0.0
1204365,0.0
1089056,0.0
1046942,311.0
1095830,0.0
1225650,311.0
1294270,0.0
1078691,0.0
1136158,0.0
1043837,0.0
1163684,0.0
1027819,0.0
1191824,0.0
1308807,0.0
1328774,0.0
1169581,0.0
1430856,0.0
1175333,0.0
1270294,0.0
1321137,0.0
1283691,0.0
1370005,0.0
1262025,0.0
1259435,0.0
1166622,0.0
1383858,311.0
1427098,311.0
1285859,0.0
1440743,0.0
1062420,0.0
1462136,311.0
1009784,311.0
1486013,311.0
1399286,0.0
1147901,0.0
1344150,0.0
1070037,0.0
1222949,0.0
1215011,0.0
1198959,0.0
1188527,0.0
1346714,0.0
1482630,0.0
1448107,0.0
1205567,0.0
1082757,0.0
1215876,0.0
1225833,0.0
1044380,0.0
1205384,0.0
1461502,0.0
1119781,0.0
1139984,0.0
1460556,0.0
1188459,0.0
1389266,0.0
1108124,0.0
1491489,0.0
1049062,0.0
1075576,0.0
1477670,0.0
1272908,0.0
1038889,0.0
1028380,0.0
1107037,0.0
1334397,0.0
1457455,0.0
1058761,0.0
1130814,0.0
1044631,0.0
1344808,0.0
1038504,0.0
1329960,311.0
1296351,0.0
1019539,0.0
1387986,0.0
1476397,0.0
1167804,0.0
1136777,0.0
1035417,0.0
1064599,0.0
1499642,0.0
1416036,0.0
1458201,0.0
1474894,0.0
1306179,0.0
1002169,0.0
1240731,0.0
1308479,0.0
1430344,0.0
1427461,0.0
1180427,0.0
1084840,0.0
1339628,0.0
1483668,0.0
1200166,0.0
1186410,0.0
1483138,0.0
1028424,0.0
1011434,0.0
1476698,0.0
1212467,311.0
1072033,0.0
1355242,0.0
1271881,0.0
1002006,311.0
1278449,311.0
1353206,0.0
1459848,0.0
1164315,0.0
1310332,0.0
1259442,311.0
1040715,311.0
1357297,0.0
1215083,0.0
1459079,0.0
1133258,0.0
1051624,0.0
1189364,0.0
1237197,0.0
1344039,0.0
1228340,0.0
1418384,0.0
1423901,311.0
1034918,0.0
1102692,0.0
1392759,0.0
1478254,0.0
1429232,0.0
1114780,0.0
1479658,0.0
1080730,0.0
1455182,0.0
1282860,311.0
1101343,311.0
1431812,311.0
1196870,0.0
1255092,0.0
1459340,0.0
1303994,0.0
1180844,0.0
1229053,0.0
1115522,0.0
1416387,0.0
1175969,0.0
1264512,0.0
1101602,0.0
1364974,0.0
1099346,0.0
1405795,0.0
1496382,0.0
1175684,0.0
1142788,0.0
1295041,0.0
1077288,0.0
1366421,0.0
1492620,0.0
1075788,0.0
1382213,0.0
1182796,0.0
1282019,0.0
1122837,0.0
1273607,0.0
1110475,0.0
1136800,0.0
1160516,0.0
1417174,0.0
1413077,0.0
1045457,0.0
1015514,0.0
1013966,0.0
1429994,0.0
1119395,0.0
1329624,0.0
1103849,0.0
1345178,0.0
1155905,0.0
1294097,0.0
1343829,0.0
1266359,0.0
1207533,0.0
1138260,311.0
1112094,0.0
1323908,0.0
1085482,0.0
1409991,0.0
1492673,0.0
1175740,0.0
1395167,0.0
1199340,0.0
1418919,0.0
1377719,0.0
1194437,0.0
1130416,0.0
1280840,0.0
1004386,0.0
1184922,0.0
1100507,0.0
1252468,0.0
1477986,0.0
1214733,0.0
1339069,0.0
1496763,0.0
1104288,0.0
1448727,0.0
1109352,0.0
1064194,0.0
1442423,0.0
1312594,0.0
1158066,0.0
1055289,0.0
1289858,0.0
1264890,0.0
1334387,0.0
1240059,311.0
1182924,0.0
1446920,0.0
1421718,0.0
1154848,0.0
1498872,0.0
1266223,0.0
1098357,0.0
1125038,0.0
1090346,0.0
1284544,0.0
1291460,0.0
1071892,0.0
1486367,0.0
1468541,0.0
1412731,0.0
1128321,0.0
1161914,0.0
1201367,0.0
1135041,0.0
1107151,0.0
1024822,0.0
1231986,0.0
1288363,0.0
1437468,0.0
1440190,0.0
1408826,0.0
1370307,0.0
1054840,0.0
1202900,0.0
1095838,0.0
1367860,0.0
1327389,0.0
1022457,0.0
1149165,0.0
1233718,0.0
1247242,0.0
1402904,0.0
1142998,0.0
1092728,0.0
1045267,0.0
1116525,0.0
1309132,0.0
1181514,0.0
1378577,0.0
1135287,0.0
1175471,0.0
1088756,0.0
1043794,0.0
1322864,311.0
1315562,0.0
1448323,0.0
1228726,0.0
1086519,0.0
1092587,0.0
1070040,0.0
1414811,0.0
1066536,0.0
1042837,0.0
1168535,311.0
1100363,0.0
1364685,311.0
1089247,0.0
1002289,0.0
1472093,0.0
1277054,0.0
1215476,0.0
1228546,0.0
1348404,0.0
1384611,0.0
1034430,0.0
1350989,0.0
1066808,0.0
1430557,0.0
1353854,0.0
1097979,0.0
1238938,0.0
1245351,0.0
1059707,0.0
1053781,0.0
1066626,0.0
1134734,0.0
1353313,0.0
1435817,0.0
1452660,0.0
1019982,0.0
1240782,0.0
1350135,0.0
1451801,0.0
1454486,0.0
1164094,0.0
1297617,0.0
1061133,0.0
1141705,0.0
1424399,311.0
1384912,311.0
1140677,0.0
1311021,0.0
1091445,0.0
1272773,0.0
1297638,0.0
1226628,0.0
1115404,0.0
1064371,311.0
1166572,0.0
1123612,0.0
1359515,0.0
1164565,0.0
1224519,0.0
1158272,0.0
1268541,0.0
1145683,0.0
1328451,0.0
1074082,0.0
1003704,0.0
1113641,0.0
1290576,0.0
1135907,0.0
1082279,0.0
1290141,0.0
1139728,0.0
1453733,0.0
1002232,0.0
1270725,0.0
1233905,0.0
1230053,0.0
1472644,0.0
1454734,0.0
1225700,0.0
1110838,0.0
1061668,0.0
1063075,0.0
1208304,0.0
1349760,0.0
1302694,0.0
1493476,0.0
1362461,0.0
1411389,0.0
1351136,0.0
1225400,0.0
1377213,0.0
1125415,0.0
1043869,0.0
1356946,0.0
1217777,0.0
1476749,0.0
1206410,0.0
1219775,0.0
1178390,0.0
1442492,0.0
1037900,0.0
1013732,0.0
1421863,0.0
1429149,0.0
1282157,0.0
1211603,0.0
1083920,0.0
1460475,0.0
1362845,0.0
1020749,0.0
1158899,0.0
1479026,0.0
1264189,0.0
1125550,0.0
1274650,0.0
1095654,0.0
1196904,0.0
1071193,0.0
1408576,0.0
1414454,0.0
1388607,0.0
1273431,0.0
1452892,0.0
1433782,0.0
1422861,0.0
1358884,0.0
1374456,0.0
1140646,0.0
1465544,0.0
1069495,0.0
1209537,0.0
1420346,0.0
1393333,0.0
1075794,0.0
1087010,0.0
1318684,0.0
1438307,0.0
1369685,0.0
1280197,0.0
1035293,0.0
1159948,0.0
1314173,0.0
1040051,0.0
1106975,0.0
1159863,0.0
1233212,0.0
1400709,0.0
1171028,0.0
1340130,0.0
1494618,0.0
1130731,0.0
1462364,0.0
1009223,0.0
1201493,0.0
1410422,0.0
1419099,0.0
1216159,0.0
1094661,0.0
1131852,0.0
1240781,311.0
1259603,0.0
1020079,0.0
1289847,0.0
1409175,0.0
1302003,0.0
1182340,0.0
1475668,311.0
1195244,0.0
1320276,0.0
1433963,0.0
1061545,0.0
1123342,0.0
1499088,0.0
1304737,0.0
1191484,0.0
1268631,0.0
1435213,311.0
1358960,0.0
1159038,0.0
1167774,0.0
1276231,311.0
1193203,311.0
1086235,0.0
1443957,0.0
1144315,0.0
1170143,0.0
1456750,0.0
1178106,0.0
1478799,0.0
1441691,0.0
1072387,0.0
1296374,0.0
1452022,0.0
1202770,0.0
1292462,0.0
1283801,0.0
1172837,0.0
1061530,0.0
1132421,0.0
1207821,0.0
1425955,0.0
1177798,0.0
1206668,0.0
1083512,0.0
1032899,0.0
1419409,0.0
1313011,0.0
1450249,0.0
1332124,0.0
1342545,0.0
1189165,311.0
1298632,0.0
1483839,0.0
1194554,0.0
1246235,0.0
1394658,0.0
1083939,0.0
1389275,0.0
1040684,0.0
1214462,0.0
1230965,0.0
1379530,0.0
1212610,0.0
1304455,0.0
1412631,0.0
1317530,0.0
1426262,0.0
1239465,0.0
1416084,0.0
1279695,0.0
1441734,0.0
1103357,0.0
1198182,0.0
1025834,0.0
1181097,0.0
1161018,0.0
1309392,0.0
1455063,0.0
1158632,0.0
1091121,0.0
1088945,0.0
1489209,0.0
1023300,0.0
1439667,0.0
1293881,0.0
1485195,0.0
1153454,0.0
1069020,0.0
1213921,0.0
1305234,0.0
1291485,0.0
1387465,0.0
1256817,0.0
1224265,0.0
1334010,0.0
1467939,0.0
1180074,0.0
1074049,0.0
1302893,0.0
1394784,0.0
1408505,0.0
1345794,0.0
1051255,0.0
1142160,0.0
1107967,0.0
1067301,0.0
1492121,0.0
1067044,0.0
1481158,0.0
1195466,0.0
1256199,0.0
1122945,0.0
1028988,0.0
1499206,0.0
1319595,0.0
1150029,0.0
1194693,0.0
1111675,0.0
1031321,0.0
1292810,0.0
1471715,0.0
1442310,0.0
1104258,0.0
1494852,0.0
1255232,0.0
1210758,0.0
1154462,0.0
1301242,0.0
1230914,0.0
1379139,0.0
1042036,0.0
1094777,0.0
1018091,0.0
1303118,0.0
1491185,0.0
1295788,0.0
1259106,0.0
1238736,0.0
1458641,0.0
1311052,0.0
1169917,0.0
1287052,0.0
1395336,0.0
1190637,0.0
1084617,311.0
1458882,311.0
1337676,311.0
1131529,0.0
1492888,311.0
1315303,0.0
1495511,0.0
1033654,0.0
1241673,0.0
1171101,0.0
1208622,311.0
1312726,311.0
1038199,0.0
1125955,0.0
1191952,0.0
1101241,311.0
1066302,0.0
1360048,311.0
1413086,0.0
1101295,0.0
1244418,0.0
1060936,0.0
1210023,0.0
1415291,0.0
1475531,0.0
1301467,0.0
1385854,0.0
1363852,0.0
1162850,0.0
1432549,0.0
1189551,0.0
1038816,0.0
1480033,0.0
1439508,0.0
1288387,311.0
1002856,0.0
1235062,0.0
1256663,0.0
1257953,0.0
1372244,0.0
1354738,0.0
1082827,311.0
1060476,0.0
1212359,0.0
1445136,0.0
1086420,311.0
1416779,311.0
1459993,0.0
1083469,0.0
1301576,0.0
1432401,0.0
1425354,0.0
1030592,0.0
1190493,0.0
1025415,0.0
1266382,0.0
1063358,0.0
1460874,0.0
1389985,0.0
1282001,0.0
1281477,0.0
1192441,0.0
1410275,0.0
1234421,311.0
1459159,0.0
1070644,0.0
1166141,0.0
1187242,0.0
1226046,0.0
1479494,0.0
1395552,0.0
1144343,0.0
1423217,0.0
1343976,311.0
1285359,0.0
1083044,0.0
1209421,0.0
1330416,0.0
1353281,311.0
1357260,0.0
1390060,0.0
1361611,0.0
1323071,0.0
1257128,311.0
1070053,0.0
1453716,0.0
1208237,0.0
1087231,0.0
1198739,0.0
1146521,0.0
1468705,0.0
1057220,0.0
1279856,0.0
1090792,0.0
1178960,0.0
1117896,311.0
1397015,0.0
1418689,0.0
1228164,0.0
1029940,0.0
1328781,0.0
1065461,0.0
1243839,0.0
1471318,0.0
1363829,0.0
1441756,0.0
1228411,0.0
1358172,0.0
1200656,0.0
1134918,0.0
1347464,0.0
1193522,0.0
1204196,0.0
1406890,0.0
1030025,0.0
1219364,0.0
1161599,0.0
1250988,0.0
1171474,0.0
1125554,0.0
1298954,0.0
1040458,0.0
1460940,0.0
1357262,0.0
1156851,0.0
1114185,0.0
1274272,0.0
1247132,0.0
1470240,0.0
1099379,0.0
1197638,0.0
1007842,0.0
1354636,0.0
1214395,0.0
1267738,0.0
1062104,0.0
1417525,0.0
1009375,0.0
1250371,0.0
1460051,0.0
1073366,0.0
1411707,311.0
1018726,0.0
1466565,0.0
1093106,0.0
1482584,0.0
1349917,0.0
1126206,0.0
1062592,0.0
1057767,0.0
1383977,0.0
1105382,0.0
1488019,0.0
1310708,0.0
1224959,0.0
1198619,0.0
1109243,0.0
1286106,0.0
1211354,0.0
1212519,0.0
1309748,0.0
1292773,0.0
1085197,0.0
1161921,0.0
1285669,0.0
1094658,0.0
1076525,0.0
1450450,0.0
1372636,0.0
1406546,0.0
1348460,0.0
1240846,0.0
1015804,0.0
1248501,0.0
1121701,311.0
1337720,0.0
1422209,0.0
1003447,0.0
1061263,0.0
1145373,0.0
1132636,0.0
1201156,0.0
1078058,0.0
1151079,0.0
1189941,0.0
1475951,0.0
1184448,0.0
1391925,0.0
1476929,0.0
1231386,0.0
1404911,0.0
1114758,0.0
1144461,0.0
1066415,0.0
1008743,0.0
1189950,0.0
1219400,0.0
1419847,0.0
1114649,0.0
1216349,0.0
1244754,0.0
1331326,0.0
1120815,0.0
1462648,0.0
1126592,0.0
1055426,0.0
1384255,0.0
1306205,311.0
1019043,0.0
1408089,0.0
1146767,0.0
1259805,0.0
1497120,0.0
1292298,0.0
1405377,0.0
1426151,0.0
1116946,0.0
1133414,0.0
1062761,0.0
1061634,0.0
1305049,0.0
1116333,0.0
1191349,0.0
1159771,0.0
1251864,0.0
1083765,0.0
1228552,0.0
1430516,0.0
1151845,0.0
1294699,0.0
1135850,0.0
1180421,0.0
1123301,0.0
1300287,0.0
1168400,0.0
1097503,0.0
1408518,0.0
1444957,0.0
1399997,0.0
1014758,0.0
1095122,0.0
1489921,0.0
1209256,0.0
1016153,0.0
1085266,311.0
1143854,0.0
1312916,0.0
1175396,0.0
1074206,0.0
1248416,0.0
1453080,0.0
1192024,0.0
1141206,0.0
1355728,311.0
1299237,311.0
1307772,0.0
1400665,0.0
1004645,0.0
1210413,311.0
1436680,0.0
1470215,0.0
1324163,0.0
1339559,0.0
1497250,0.0
1365093,0.0
1027940,0.0
1209765,0.0
1450040,0.0
1214298,0.0
1382875,0.0
1253739,0.0
1193984,0.0
1097871,0.0
1224457,0.0
1136765,0.0
1229203,0.0
1219292,0.0
1146575,0.0
1423852,0.0
1297702,0.0
1161437,0.0
1125330,0.0
1360747,0.0
1029594,0.0
1020884,0.0
1306594,0.0
1457994,0.0
1043255,0.0
1013503,0.0
1435938,0.0
1220416,0.0
1442117,0.0
1029656,0.0
1435147,0.0
1472716,0.0
1226697,0.0
1141281,0.0
1190516,0.0
1008247,0.0
1418093,0.0
1075398,0.0
1064800,311.0
1492791,311.0
1205053,0.0
1090692,0.0
1103070,0.0
1365090,0.0
1195960,0.0
1427004,0.0
1178338,0.0
1040396,0.0
1391592,0.0
1208134,0.0
1489281,0.0
1158712,0.0
1313348,0.0
1348022,0.0
1304904,0.0
1384166,0.0
1448485,0.0
1392836,0.0
1490612,0.0
1281225,0.0
1147987,0.0
1325439,0.0
1160732,0.0
1394137,0.0
1015427,0.0
1492109,0.0
1104909,311.0
1312658,0.0
1265919,0.0
1168667,0.0
1498239,0.0
1056884,0.0
1428307,0.0
1215913,0.0
1159521,311.0
1059592,0.0
1373733,0.0
1308805,0.0
1238435,0.0
1488981,311.0
1157481,311.0
1043153,0.0
1284746,0.0
1467255,0.0
1343273,0.0
1137134,0.0
1092730,0.0
1448019,0.0
1231141,0.0
1040612,0.0
1113754,0.0
1185582,0.0
1057285,0.0
1203477,0.0
1158165,0.0
1419040,0.0
1285350,0.0
1157350,0.0
1262900,0.0
1052629,0.0
1038769,0.0
1227970,0.0
1346637,0.0
1224017,0.0
1136861,0.0
1316119,0.0
1059546,0.0
1043566,0.0
1404159,0.0
1498846,0.0
1110118,0.0
1290480,0.0
1268614,0.0
1024354,0.0
1234416,0.0
1040435,0.0
1240915,0.0
1084025,0.0
1499604,0.0
1388767,0.0
1274715,0.0
1461469,0.0
1008292,0.0
1245361,0.0
1479849,0.0
1401490,0.0
1482761,0.0
1309393,0.0
1247648,0.0
1458403,0.0
1408082,0.0
1242344,0.0
1374742,0.0
1012940,0.0
1221568,0.0
1114301,0.0
1105342,0.0
1137633,0.0
1178329,0.0
1499858,0.0
1215907,0.0
1211478,0.0
1033546,0.0
1464245,0.0
1058371,0.0
1026616,0.0
1247355,0.0
1114236,0.0
1289229,0.0
1451604,0.0
1379933,0.0
1372659,0.0
1230021,311.0
1256599,0.0
1223398,0.0
1285191,0.0
1155784,0.0
1498106,0.0
1308355,0.0
1417280,0.0
1146888,0.0
1496161,0.0
1308362,0.0
1371858,0.0
1364559,0.0
1359349,0.0
1368289,0.0
1240720,0.0
1391833,0.0
1360908,0.0
1023628,0.0
1369768,0.0
1412995,0.0
1223485,0.0
1288249,0.0
1006238,0.0
1059275,0.0
1147027,0.0
1004923,0.0
1242357,0.0
1466888,0.0
1493859,0.0
1210459,0.0
1368817,0.0
1279294,0.0
1167231,0.0
1259128,0.0
1358767,0.0
1096137,0.0
1457740,0.0
1269024,0.0
1075647,0.0
1312036,0.0
1008079,311.0
1204384,311.0
1119932,0.0
1000399,311.0
1427919,0.0
1375237,0.0
1296679,0.0
1168909,0.0
1269115,0.0
1338145,311.0
1128999,311.0
1220606,0.0
1241511,0.0
1104790,0.0
1425208,0.0
1199464,0.0
1050102,0.0
1336720,0.0
1213184,0.0
1076322,0.0
1321832,0.0
1373978,0.0
1081549,0.0
1240433,0.0
1387655,311.0
1350726,0.0
1496114,0.0
1432286,0.0
1385345,0.0
1170636,0.0
1230601,0.0
1041516,0.0
1173083,0.0
1450921,0.0
1496330,0.0
1255410,0.0
1170613,0.0
1247310,0.0
1177106,0.0
1326323,0.0
1394882,0.0
1182328,0.0
1174658,0.0
1293282,0.0
1386650,0.0
1309704,0.0
1195327,0.0
1473452,0.0
1210879,0.0
1185214,0.0
1066210,0.0
1499625,0.0
1080267,0.0
1330955,0.0
1335465,0.0
1267998,0.0
1025909,0.0
1332594,0.0
1401858,0.0
1028364,0.0
1313113,0.0
1064070,0.0
1484042,0.0
1340756,0.0
1276173,0.0
1330803,0.0
1455753,0.0
1164898,0.0
1343584,0.0
1478559,311.0
1283300,0.0
1109985,0.0
1182370,0.0
1119237,0.0
1061216,0.0
1186970,0.0
1232710,0.0
1174524,0.0
1203994,0.0
1283754,0.0
1244061,0.0
1354740,0.0
1437784,0.0
1041281,0.0
1472538,0.0
1446011,0.0
1042253,0.0
1119080,0.0
1386957,0.0
1331353,0.0
1308975,0.0
1052339,0.0
1473719,0.0
1149757,0.0
1309128,0.0
1465472,0.0
1322204,0.0
1206240,0.0
1120227,0.0
1258298,0.0
1129006,0.0
1020196,0.0
1447296,0.0
1367769,0.0
1400232,0.0
1016753,0.0
1242885,0.0
1168409,0.0
1231518,0.0
1380987,311.0
1215932,0.0
1117884,0.0
1363817,0.0
1152096,0.0
1486487,0.0
1418848,0.0
1310755,0.0
1338515,0.0
1010982,0.0
1219191,0.0
1415229,0.0
1198846,0.0
1149035,0.0
1143934,0.0
1418885,0.0
1186700,0.0
1412431,0.0
1265941,0.0
1174252,0.0
1391318,0.0
1373444,0.0
1255746,0.0
1432440,0.0
1261892,0.0
1068928,0.0
1265780,0.0
1348612,0.0
1160642,0.0
1163720,0.0
1305847,311.0
1274777,0.0
1390345,0.0
1080632,0.0
1362043,0.0
1379600,0.0
1178473,0.0
1441562,0.0
1045971,0.0
1399293,311.0
1306525,0.0
1495101,0.0
1189930,0.0
1320678,311.0
1491671,0.0
1285364,0.0
1288551,0.0
1457020,0.0
1087121,0.0
1308249,0.0
1068127,0.0
1108102,0.0
1294107,0.0
1280040,311.0
1435366,0.0
1498193,0.0
1483366,0.0
1458620,0.0
1316768,0.0
1279885,0.0
1397824,0.0
1052054,0.0
1026328,0.0
1275190,0.0
1374425,0.0
1439872,311.0
1407466,0.0
1488816,0.0
1370281,0.0
1413701,0.0
1307828,311.0
1170147,0.0
1334448,0.0
1033182,0.0
1065230,0.0
1447947,0.0
1468251,311.0
1183920,0.0
1145327,0.0
1419745,0.0
1445638,0.0
1306558,0.0
1108134,0.0
1088320,0.0
1262779,0.0
1381709,0.0
1241273,0.0
1424447,0.0
1354383,0.0
1319128,0.0
1257115,0.0
1395094,0.0
1444861,0.0
1328290,0.0
1178643,0.0
1342743,0.0
1461309,0.0
1442360,0.0
1006284,0.0
1134764,0.0
1161944,0.0
1249279,0.0
1156031,0.0
1131668,0.0
1434813,0.0
1068689,0.0
1318738,0.0
1432334,0.0
1475359,0.0
1087593,0.0
1083819,0.0
1341927,0.0
1234463,0.0
1016464,0.0
1358838,0.0
1477660,0.0
1148248,0.0
1039288,0.0
1059110,0.0
1473909,0.0
1068714,0.0
1089089,0.0
1356974,0.0
1346234,0.0
1315874,0.0
1262985,0.0
1260615,0.0
1060044,0.0
1356232,0.0
1357020,0.0
1209654,0.0
1427961,0.0
1369209,0.0
1225027,0.0
1099215,0.0
1424670,0.0
1238679,0.0
1392104,0.0
1205977,0.0
1167315,0.0
1444210,0.0
1016117,0.0
1130081,0.0
1300651,0.0
1184868,0.0
1009874,0.0
1378506,0.0
1304918,0.0
1434845,0.0
1133760,0.0
1096748,0.0
1451740,0.0
1227978,0.0
1277125,0.0
1196150,0.0
1334489,0.0
1431014,0.0
1023140,0.0
1489036,0.0
1022069,0.0
1454833,0.0
1062563,0.0
1405958,0.0
1059406,0.0
1469078,0.0
1292707,0.0
1398644,0.0
1203716,0.0
1442542,0.0
1425213,0.0
1120872,311.0
1005457,311.0
1178195,0.0
1276208,0.0
1006772,0.0
1013636,0.0
1009256,0.0
1439011,0.0
1440035,0.0
1498548,0.0
1416818,0.0
1020169,0.0
1159657,0.0
1316740,0.0
1386951,0.0
1180443,0.0
1287984,0.0
1425859,0.0
1468717,0.0
1112208,0.0
1481291,311.0
1020410,311.0
1074040,0.0
1369208,0.0
1180067,0.0
1151498,0.0
1130148,0.0
1121206,0.0
1110144,0.0
1176486,0.0
1073716,0.0
1283548,0.0
1338495,0.0
1059213,0.0
1083637,0.0
1055724,0.0
1435255,0.0
1067586,0.0
1095952,0.0
1341028,0.0
1365830,0.0
1365959,0.0
1317198,0.0
1451163,0.0
1239283,0.0
1025725,0.0
1233183,0.0
1315899,0.0
1347174,0.0
1497342,0.0
1126061,0.0
1105093,0.0
1259625,0.0
1130528,0.0
1495708,0.0
1458963,0.0
1469496,311.0
1176341,311.0
1145097,0.0
1428215,0.0
1041705,0.0
1081454,0.0
1125431,0.0
1470105,0.0
1311945,0.0
1234987,0.0
1420177,0.0
1022645,0.0
1078051,0.0
1175825,0.0
1331054,0.0
1470658,0.0
1297518,311.0
1347237,0.0
1256412,0.0
1032350,0.0
1277516,0.0
1342728,0.0
1438163,0.0
1156954,0.0
1272295,0.0
1107132,0.0
1334275,0.0
1209977,0.0
1459739,0.0
1291850,0.0
1379698,311.0
1432632,0.0
1122526,0.0
1404288,0.0
1400901,0.0
1323340,0.0
1292411,0.0
1482582,0.0
1127643,0.0
1283497,0.0
1057636,0.0
1150235,0.0
1474289,0.0
1354025,0.0
1253575,0.0
1299937,0.0
1089000,0.0
1039852,0.0
1267675,0.0
1488207,0.0
1350692,0.0
1210781,0.0
1193951,311.0
1095002,0.0
1492945,0.0
1054104,0.0
1423493,0.0
1002941,0.0
1125618,311.0
1360006,0.0
1059761,0.0
1091221,0.0
1435805,0.0
1245279,0.0
1396283,0.0
1093919,0.0
1343778,0.0
1011146,0.0
1154102,0.0
1415730,0.0
1475935,0.0
1109571,0.0
1319787,0.0
1276137,0.0
1001227,0.0
1195293,0.0
1398730,0.0
1455484,0.0
1388600,0.0
1077390,0.0
1403233,0.0
1015880,0.0
1241151,0.0
1172613,0.0
1084812,0.0
1277060,0.0
1436368,0.0
1090497,0.0
1280108,0.0
1311137,0.0
1494207,0.0
1412828,0.0
1055572,0.0
1059092,0.0
1277198,0.0
1087687,0.0
1069820,0.0
1036895,0.0
1296744,0.0
1142898,0.0
1398759,0.0
1080640,0.0
1260746,0.0
1171633,0.0
1230287,0.0
1499428,0.0
1301567,0.0
1463347,0.0
1428200,311.0
1291907,0.0
1147260,0.0
1454907,0.0
1217383,0.0
1011928,0.0
1379372,0.0
1338047,0.0
1469818,0.0
1168040,0.0
1009386,0.0
1168372,0.0
1324150,0.0
1059445,0.0
1099952,0.0
1250220,0.0
1188755,0.0
1446882,0.0
1144740,0.0
1464033,0.0
1388757,0.0
1323659,0.0
1478111,0.0
1348933,0.0
1449756,0.0
1230883,0.0
1167420,0.0
1405883,0.0
1175845,0.0
1117513,0.0
1024283,0.0
1492218,0.0
1027316,0.0
1471485,0.0
1024988,0.0
1260453,0.0
1489141,0.0
1454232,0.0
1011226,0.0
1175256,0.0
1243108,311.0
1093088,0.0
1217703,0.0
1282607,0.0
1370140,0.0
1219713,0.0
1249198,0.0
1073611,0.0
1211587,0.0
1068406,0.0
1342607,0.0
1261077,0.0
1484727,311.0
1352470,0.0
1088236,0.0
1215183,0.0
1396786,0.0
1094702,0.0
1089745,0.0
1156482,0.0
1103642,0.0
1342267,0.0
1025372,0.0
1022495,0.0
1493813,311.0
1301621,311.0
1075950,311.0
1136679,0.0
1430125,0.0
1016676,0.0
1208909,0.0
1389983,0.0
1337158,0.0
1221233,0.0
1035195,0.0
1037113,0.0
1132160,0.0
1053053,311.0
1413177,0.0
1126045,0.0
1133753,0.0
1077837,0.0
1022717,0.0
1309964,0.0
1019057,0.0
1131145,0.0
1486477,0.0
1072415,0.0
1119869,0.0
1219047,0.0
1477396,0.0
1436609,0.0
1069354,0.0
1314692,0.0
1304622,0.0
1078876,0.0
1343631,0.0
1066795,0.0
1161188,0.0
1149120,0.0
1221328,0.0
1480464,0.0
1161892,0.0
1149568,0.0
1300878,0.0
1300870,0.0
1258889,0.0
1454269,0.0
1438319,0.0
1373998,0.0
1012823,0.0
1156189,0.0
1140498,0.0
1091479,0.0
1353419,0.0
1457486,0.0
1144262,0.0
1052105,0.0
1415004,0.0
1453040,0.0
1239627,0.0
1381963,0.0
1467104,0.0
1105735,0.0
1382389,0.0
1164582,0.0
1231645,0.0
1046978,0.0
1462588,0.0
1124263,0.0
1099251,0.0
1162730,0.0
1274836,0.0
1410039,0.0
1269164,0.0
1028730,0.0
1495888,0.0
1069033,0.0
1006557,0.0
1112006,0.0
1167679,0.0
1328737,0.0
1405194,0.0
1452164,0.0
1116595,0.0
1064513,0.0
1490972,0.0
1217205,0.0
1465304,0.0
1443319,0.0
1485382,0.0
1321418,0.0
1380035,0.0
1373073,0.0
1347043,0.0
1147088,0.0
1471717,0.0
1329642,0.0
1248124,0.0
1220181,0.0
1171914,0.0
1200910,0.0
1371309,0.0
1223144,0.0
1400065,0.0
1483448,0.0
1357587,0.0
1172707,0.0
1292242,0.0
1306117,0.0
1193498,0.0
1352621,0.0
1482712,0.0
1347302,311.0
1186701,0.0
1288728,0.0
1486530,0.0
1459193,0.0
1393759,0.0
1282203,0.0
1179891,0.0
1326973,0.0
1435221,0.0
1433727,0.0
1139483,0.0
1284565,0.0
1439856,0.0
1046211,0.0
1053778,0.0
1414578,0.0
1254839,0.0
1483761,0.0
1497315,0.0
1233431,0.0
1393399,0.0
1242043,0.0
1424831,0.0
1134215,0.0
1091267,0.0
1207133,0.0
1440267,0.0
1073033,0.0
1336054,0.0
1054489,0.0
1111308,0.0
1247191,0.0
1388259,0.0
1064410,0.0
1265180,0.0
1139023,0.0
1146782,311.0
1222928,0.0
1168385,0.0
1012312,0.0
1021280,0.0
1042565,0.0
1244605,0.0
1189058,0.0
1274015,0.0
1352677,0.0
1383644,0.0
1305973,0.0
1101500,0.0
1475789,0.0
1282883,0.0
1191532,311.0
1281302,0.0
1443615,0.0
1332108,0.0
1222883,0.0
1123521,0.0
1373500,0.0
1093306,0.0
1452342,0.0
1077994,0.0
1069917,0.0
1167780,0.0
1266148,0.0
1046582,0.0
1419491,0.0
1209198,0.0
1321469,0.0
1322590,0.0
1461727,0.0
1321297,0.0
1308836,0.0
1278744,0.0
1453972,0.0
1284961,311.0
1483945,0.0
1426428,0.0
1280345,0.0
1158328,0.0
1084749,0.0
1041291,0.0
1371085,0.0
1160800,0.0
1106091,0.0
1189443,0.0
1327465,0.0
1123207,0.0
1395535,0.0
1350862,0.0
1470638,0.0
1223757,0.0
1043364,0.0
1246275,0.0
1278666,0.0
1333706,0.0
1420309,0.0
1400253,0.0
1061474,0.0
1283830,0.0
1057534,0.0
1261642,0.0
1374187,0.0
1373463,0.0
1209612,0.0
1282271,0.0
1049965,0.0
1371511,0.0
1389659,0.0
1222803,0.0
1061931,0.0
1367532,0.0
1370845,0.0
1459356,0.0
1117354,0.0
1232726,0.0
1093556,0.0
1229128,0.0
1155992,0.0
1467469,0.0
1357985,0.0
1381446,0.0
1000649,0.0
1285242,0.0
1322481,0.0
1237322,0.0
1255347,0.0
1350477,0.0
1276985,0.0
1446621,0.0
1035515,0.0
1194463,0.0
1310908,0.0
1318247,0.0
1219733,0.0
1173723,0.0
1370097,0.0
1257959,0.0
1165749,0.0
1027375,0.0
1019661,0.0
1162772,0.0
1261333,0.0
1201647,0.0
1094506,0.0
1169782,0.0
1303129,0.0
1469136,0.0
1207782,0.0
1192653,0.0
1129462,0.0
1475116,0.0
1134125,0.0
1495295,0.0
1205276,0.0
1398775,0.0
1160729,0.0
1169282,0.0
1035696,0.0
1067289,0.0
1368955,0.0
1003827,0.0
1230515,0.0
1215558,0.0
1273328,0.0
1414039,0.0
1004285,0.0
1110335,0.0
1333022,0.0
1153239,0.0
1239978,0.0
1340182,0.0
1441846,0.0
1132759,0.0
1394160,0.0
1141716,311.0
1038502,0.0
1449649,0.0
1023345,0.0
1441461,0.0
1324469,0.0
1177896,0.0
1419391,0.0
1479481,0.0
1229915,0.0
1247241,0.0
1184174,0.0
1055582,0.0
1102254,0.0
1456846,0.0
1272350,0.0
1254708,0.0
1039677,0.0
1432316,0.0
1436213,0.0
1038757,0.0
1207627,0.0
1199733,0.0
1341807,0.0
1216417,0.0
1195936,0.0
1287436,0.0
1146127,0.0
1257501,0.0
1059717,0.0
1259733,0.0
1197506,0.0
1319999,0.0
1045566,0.0
1060380,0.0
1108374,0.0
1315927,0.0
1233583,0.0
1085653,0.0
1196939,0.0
1313776,0.0
1351261,0.0
1405637,0.0
1349583,0.0
1336749,0.0
1209534,0.0
1164141,0.0
1404749,0.0
1458693,0.0
1474327,0.0
1282683,0.0
1318948,0.0
1480355,0.0
1056960,0.0
1487161,0.0
1008500,0.0
1092639,0.0
1198939,0.0
1118334,0.0
1337311,0.0
1455829,0.0
1300798,0.0
1263568,0.0
1085320,0.0
1467015,0.0
1294141,0.0
1321470,0.0
1398009,0.0
1471069,0.0
1021287,0.0
1104489,0.0
1167180,0.0
1426580,0.0
1306893,0.0
1381677,0.0
1123959,0.0
1008521,0.0
1472495,0.0
1401879,0.0
1406179,0.0
1326168,0.0
1443780,0.0
1007138,0.0
1476634,0.0
1496541,0.0
1279245,0.0
1277454,0.0
1130968,311.0
1223081,0.0
1127406,0.0
1012486,0.0
1079096,0.0
1181824,0.0
1351500,311.0
1386107,0.0
1184696,0.0
1180413,0.0
1192293,0.0
1445951,0.0
1327384,0.0
1174841,0.0
1305132,0.0
1285880,0.0
1273993,0.0
1239027,0.0
1113550,0.0
1084108,0.0
1404629,0.0
1434155,0.0
1348839,0.0
1477313,0.0
1089017,0.0
1124052,0.0
1452469,0.0
1063625,0.0
1208483,0.0
1395756,0.0
1487950,0.0
1263410,0.0
1472554,0.0
1157790,0.0
1380842,0.0
1396237,0.0
1408066,0.0
1029886,0.0
1360286,0.0
1055063,0.0
1093786,0.0
1111575,0.0
1195946,0.0
1261731,0.0
1341838,0.0
1299687,0.0
1032225,0.0
1330234,0.0
1412550,0.0
1100095,0.0
1461775,0.0
1449523,0.0
1362777,0.0
1390732,0.0
1214244,0.0
1421486,0.0
1035903,0.0
1151461,0.0
1344236,0.0
1379760,0.0
1438925,0.0
1100432,0.0
1481693,0.0
1361864,0.0
1096667,0.0
1066661,0.0
1251281,0.0
1090506,0.0
1046443,0.0
1177634,0.0
1331426,0.0
1488697,0.0
1082947,0.0
1493527,0.0
1064804,0.0
1064331,0.0
1321403,0.0
1443671,0.0
1126491,0.0
1373130,0.0
1344470,0.0
1398619,0.0
1278926,0.0
1438934,0.0
1322492,0.0
1085442,0.0
1180036,0.0
1379305,0.0
1338236,0.0
1052419,0.0
1244347,0.0
1024324,0.0
1064488,0.0
1151739,0.0
1373391,0.0
1156082,0.0
1326829,0.0
1394265,0.0
1231613,0.0
1088866,0.0
1024895,0.0
1085905,0.0
1491788,0.0
1049512,0.0
1064086,0.0
1227862,0.0
1365491,0.0
1057633,0.0
1491066,0.0
1139202,0.0
1407912,0.0
1079856,0.0
1294843,0.0
1251241,0.0
1191230,311.0
1085656,311.0
1154657,311.0
1497882,0.0
1446165,0.0
1054992,0.0
1331832,0.0
1450338,0.0
1080033,0.0
1310930,0.0
1136132,0.0
1343671,311.0
1307543,311.0
1227735,0.0
1424143,0.0
1218876,0.0
1222607,0.0
1211353,0.0
1492236,0.0
1185456,0.0
1023270,0.0
1159056,0.0
1448047,311.0
1296849,0.0
1390803,0.0
1345192,0.0
1215503,0.0
1171401,0.0
1379516,311.0
1209535,0.0
1373619,0.0
1109484,0.0
1056058,0.0
1487646,0.0
1135766,0.0
1144864,0.0
1414348,0.0
1269124,0.0
1420162,0.0
1465226,0.0
1359971,0.0
1146029,311.0
1305073,0.0
1483464,0.0
1324878,0.0
1438038,0.0
1424409,0.0
1283746,0.0
1196861,0.0
1180673,0.0
1473086,0.0
1435295,0.0
1395825,0.0
1481749,0.0
1376522,0.0
1457798,0.0
1083867,0.0
1492206,0.0
1285535,0.0
1356813,0.0
1058774,0.0
1250372,0.0
1448108,0.0
1340381,0.0
1267263,0.0
1164863,0.0
1195303,0.0
1241383,0.0
1493205,0.0
1283930,0.0
1237454,311.0
1003574,0.0
1305920,0.0
1272692,0.0
1322953,0.0
1167859,0.0
1150337,0.0
1345390,311.0
1333504,0.0
1289569,0.0
1076655,0.0
1309929,0.0
1276527,0.0
1441997,0.0
1314991,0.0
1085344,0.0
1219907,0.0
1329344,0.0
1226086,0.0
1389451,0.0
1362664,0.0
1334332,0.0
1249789,0.0
1363690,0.0
1201392,0.0
1055317,0.0
1444516,0.0
1256809,0.0
1355558,0.0
1306725,0.0
1319511,0.0
1490438,0.0
1326348,0.0
1108059,0.0
1316409,0.0
1192944,0.0
1056537,0.0
1174467,0.0
1451444,0.0
1069438,0.0
1077818,0.0
1155889,0.0
1491947,0.0
1176683,0.0
1372827,0.0
1416822,0.0
1022522,0.0
1046072,0.0
1248212,0.0
1100089,0.0
1216807,311.0
1365133,0.0
1228444,0.0
1343164,0.0
1419443,0.0
1245334,0.0
1305088,0.0
1428523,0.0
1237972,0.0
1278761,0.0
1380157,311.0
1268287,0.0
1040530,0.0
1322237,0.0
1236493,0.0
1164196,0.0
1406779,0.0
1473572,0.0
1256216,0.0
1205185,0.0
1337172,0.0
1124970,0.0
1429561,0.0
1413088,0.0
1142767,0.0
1475274,0.0
1273306,0.0
1295754,0.0
1140038,0.0
1035694,0.0
1343939,0.0
1091560,0.0
1348391,0.0
1050411,0.0
1272163,0.0
1150293,0.0
1397480,0.0
1335268,0.0
1459186,0.0
1427939,0.0
1289986,0.0
1171733,0.0
1035271,0.0
1330418,0.0
1345268,0.0
1069534,0.0
1180814,311.0
1066390,0.0
1246782,0.0
1144598,0.0
1054276,0.0
1308702,0.0
1048165,0.0
1026148,0.0
1356887,0.0
1261360,0.0
1370470,0.0
1158108,0.0
1310318,0.0
1169123,0.0
1284825,0.0
1419475,0.0
1015073,0.0
1050460,0.0
1062552,0.0
1442880,0.0
1056463,0.0
1092421,0.0
1466619,0.0
1499218,0.0
1147287,0.0
1405738,0.0
1105094,0.0
1337968,0.0
1336903,0.0
1422895,0.0
1068952,0.0
1194176,0.0
1141516,0.0
1391466,0.0
1444240,0.0
1239251,0.0
1377021,0.0
1089133,0.0
1051830,0.0
1339466,0.0
1111506,0.0
1262202,0.0
1317479,0.0
1052719,0.0
1460815,0.0
1095113,0.0
1228618,0.0
1359067,0.0
1352307,0.0
1069542,0.0
1121542,0.0
1401794,0.0
1290682,0.0
1118619,0.0
1348069,0.0
1216157,0.0
1133636,0.0
1124519,0.0
1422970,0.0
1000635,0.0
1247236,0.0
1287972,0.0
1476296,0.0
1101674,0.0
1051165,0.0
1035309,0.0
1385803,0.0
1160566,0.0
1442299,0.0
1457734,0.0
1214290,0.0
1189975,0.0
1353513,0.0
1444680,0.0
1190587,0.0
1320270,311.0
1196912,0.0
1254873,0.0
1438716,0.0
1226412,0.0
1238349,0.0
1179988,0.0
1329187,0.0
1266107,0.0
1276154,311.0
1470294,0.0
1317808,0.0
1479793,0.0
1108815,0.0
1230866,0.0
1242958,0.0
1017675,0.0
1157912,0.0
1460838,0.0
1145349,0.0
1447886,0.0
1140546,311.0
1065479,0.0
1332949,0.0
1328800,0.0
1349906,0.0
1301940,0.0
1480277,0.0
1060615,0.0
1383879,0.0
1457640,0.0
1386787,0.0
1112156,0.0
1106028,0.0
1381878,0.0
1352878,0.0
1273271,0.0
1414764,0.0
1416932,0.0
1324346,0.0
1317691,0.0
1420775,0.0
1156522,0.0
1173318,0.0
1483231,0.0
1216877,0.0
1427174,0.0
1273324,0.0
1393208,0.0
1132673,0.0
1195290,0.0
1225162,0.0
1217013,0.0
1067336,0.0
1318084,0.0
1409495,0.0
1162475,0.0
1263657,0.0
1273195,0.0
1070791,0.0
1108277,0.0
1330573,0.0
1286582,0.0
1251025,0.0
1188609,0.0
1457607,0.0
1308326,0.0
1237926,0.0
1246248,0.0
1368739,0.0
1161565,0.0
1130233,0.0
1130092,0.0
1437101,0.0
1087168,0.0
1282035,0.0
1348562,0.0
1030911,0.0
1453288,0.0
1457395,0.0
1100120,0.0
1038934,0.0
1278331,0.0
1277416,0.0
1487581,0.0
1369127,0.0
1129615,0.0
1402790,0.0
1405609,311.0
1268189,0.0
1465484,0.0
1128406,0.0
1428535,0.0
1172447,0.0
1468167,0.0
1183307,0.0
1445758,0.0
1077552,0.0
1363674,0.0
1329499,0.0
1095222,0.0
1200472,0.0
1183298,0.0
1460059,0.0
1335600,0.0
1448665,0.0
1208445,0.0
1224577,0.0
1130480,0.0
1207212,0.0
1008040,0.0
1203123,0.0
1184976,0.0
1283670,0.0
1467272,0.0
1456597,0.0
1069357,0.0
1391855,0.0
1044843,0.0
1333252,0.0
1011812,0.0
1177757,0.0
1417742,0.0
1133607,0.0
1316610,0.0
1423052,0.0
1157343,0.0
1492483,0.0
1183500,0.0
1048256,0.0
1274093,0.0
1072711,0.0
1039477,0.0
1126466,0.0
1009353,0.0
1249006,0.0
1307672,0.0
1133951,0.0
1033661,0.0
1323552,0.0
1497257,0.0
1309184,0.0
1491854,0.0
1056575,0.0
1028786,0.0
1370973,0.0
1092291,0.0
1196047,0.0
1178951,0.0
1064759,0.0
1209288,0.0
1407837,0.0
1311885,0.0
1085213,0.0
1116819,0.0
1030695,0.0
1247893,0.0
1299413,0.0
1083003,0.0
1415718,0.0
1147571,0.0
1271581,0.0
1134359,0.0
1427631,0.0
1486099,0.0
1107278,0.0
1308113,0.0
1484768,0.0
1189322,0.0
1412337,0.0
1430159,0.0
1324630,0.0
1075144,0.0
1262296,0.0
1153581,0.0
1295298,0.0
1366195,0.0
1320991,0.0
1331309,0.0
1123405,0.0
1008514,0.0
1463743,0.0
1142480,0.0
1282614,0.0
1060117,0.0
1398093,0.0
1213187,0.0
1119745,0.0
1271801,0.0
1002495,0.0
1035550,0.0
1277410,0.0
1103994,0.0
1201850,0.0
1093297,0.0
1032271,0.0
1339391,0.0
1323284,0.0
1492037,0.0
1236727,0.0
1423315,311.0
1409411,0.0
1464178,0.0
1039474,311.0
1235410,0.0
1403309,0.0
1188811,0.0
1310040,311.0
1488536,0.0
1407977,0.0
1481969,0.0
1397433,311.0
1356379,311.0
1057370,0.0
1114825,311.0
1119724,0.0
1094135,0.0
1220817,0.0
1380785,0.0
1040370,0.0
1097531,0.0
1407599,0.0
1348778,0.0
1216595,0.0
1084154,0.0
1338435,0.0
1453426,0.0
1448482,0.0
1125670,0.0
1293530,0.0
1498099,0.0
1393876,0.0
1190415,0.0
1127003,0.0
1160472,0.0
1482729,0.0
1340919,0.0
1214002,0.0
1493141,0.0
1344807,0.0
1067532,0.0
1260776,0.0
1189909,0.0
1196763,0.0
1452021,0.0
1184241,0.0
1235797,0.0
1313008,0.0
1345861,0.0
1218091,0.0
1266794,0.0
1332984,0.0
1047818,0.0
1085415,0.0
1282300,0.0
1055383,0.0
1401921,0.0
1261913,0.0
1456193,0.0
1391624,0.0
1319625,0.0
1041709,0.0
1373742,0.0
1206279,0.0
1082440,0.0
1051713,0.0
1009958,0.0
1059036,0.0
1153098,0.0
1055703,0.0
1102204,0.0
1127373,0.0
1301125,0.0
1075374,0.0
1391373,0.0
1488304,0.0
1264903,0.0
1072570,0.0
1497528,0.0
1207501,0.0
1009379,0.0
1234301,0.0
1114903,0.0
1478066,0.0
1490043,0.0
1217315,0.0
1227658,0.0
1137145,0.0
1126583,0.0
1409649,0.0
1029390,0.0
1232890,0.0
1199840,0.0
1023964,0.0
1327489,0.0
1355001,0.0
1383483,0.0
1111467,0.0
1007527,0.0
1348534,0.0
1093795,0.0
1177395,0.0
1097789,0.0
1373961,0.0
1296788,0.0
1263671,0.0
1459766,0.0
1446318,0.0
1261433,0.0
1269069,0.0
1404230,0.0
1336029,0.0
1399299,0.0
1177248,0.0
1445768,0.0
1195695,0.0
1088152,0.0
1454215,0.0
1134300,0.0
1014383,0.0
1285817,0.0
1138700,0.0
1461969,0.0
1128200,0.0
1314452,0.0
1315250,0.0
1413674,0.0
1056095,0.0
1036858,0.0
1485353,0.0
1390837,0.0
1194190,0.0
1119487,0.0
1339749,0.0
1061782,0.0
1135715,0.0
1164057,0.0
1107883,0.0
1270377,0.0
1198926,0.0
1191793,0.0
1224526,0.0
1006345,0.0
1454022,0.0
1349257,0.0
1222378,0.0
1214827,0.0
1374452,0.0
1180417,0.0
1028933,0.0
1210621,0.0
1167739,0.0
1088693,0.0
1361886,0.0
1141573,0.0
1196671,0.0
1146761,0.0
1261241,0.0
1443500,0.0
1403800,0.0
1466039,0.0
1179883,0.0
1240414,0.0
1180298,0.0
1490887,0.0
1256555,0.0
1001420,0.0
1142876,0.0
1281197,0.0
1455208,0.0
1253092,0.0
1135228,0.0
1177502,0.0
1407030,0.0
1195403,0.0
1375107,0.0
1429537,311.0
1381175,0.0
1137531,0.0
1109600,0.0
1421410,0.0
1486214,0.0
1395368,0.0
1397416,0.0
1359004,0.0
1421162,0.0
1398564,0.0
1089746,0.0
1410758,0.0
1002962,0.0
1351109,0.0
1428083,0.0
1484698,0.0
1028375,0.0
1206135,0.0
1436386,0.0
1367408,0.0
1053898,0.0
1382425,0.0
1292070,0.0
1480206,0.0
1120940,0.0
1468339,0.0
1136584,0.0
1211307,0.0
1369516,0.0
1184088,0.0
1105879,0.0
1143486,0.0
1026211,0.0
1050747,0.0
1173416,0.0
1415526,311.0
1167608,311.0
1448873,0.0
1242415,0.0
1121953,0.0
1403412,0.0
1035471,0.0
1292202,0.0
1108945,0.0
1066731,0.0
1258400,0.0
1151588,0.0
1414898,0.0
1327710,0.0
1064923,0.0
1420107,0.0
1123527,0.0
1000907,0.0
1378334,0.0
1130038,0.0
1464836,0.0
1353492,0.0
1484689,0.0
1274850,0.0
1252107,0.0
1255664,0.0
1131960,0.0
1412625,0.0
1440115,0.0
1382021,0.0
1395998,0.0
1270843,0.0
1408164,0.0
1481165,0.0
1437947,0.0
1439789,0.0
1275465,0.0
1194753,0.0
1147342,0.0
1103660,0.0
1247834,0.0
1422780,0.0
1108976,0.0
1182231,0.0
1067128,0.0
1200620,311.0
1385060,0.0
1088753,311.0
1150452,0.0
1259844,0.0
1366093,0.0
1090724,0.0
1219034,0.0
1315638,0.0
1360974,0.0
1326611,0.0
1351077,0.0
1391976,0.0
1495438,0.0
1241681,0.0
1249355,0.0
1374023,0.0
1466744,0.0
1399018,0.0
1004548,0.0
1139669,0.0
1055616,0.0
1122846,0.0
1406454,0.0
1039371,0.0
1121211,0.0
1264908,0.0
1296533,0.0
1426208,0.0
1409006,0.0
1173379,0.0
1118431,0.0
1079464,0.0
1444017,0.0
1193489,0.0
1181755,0.0
1246156,311.0
1044415,0.0
1363391,0.0
1039041,0.0
1493857,0.0
1328770,0.0
1345825,0.0
1033807,0.0
1154816,0.0
1481379,0.0
1369285,0.0
1308262,311.0
1072338,0.0
1178054,0.0
1198327,0.0
1014144,0.0
1087415,0.0
1358775,0.0
1485144,0.0
1351561,0.0
1094451,0.0
1403001,0.0
1319256,0.0
1319491,0.0
1118664,0.0
1460451,0.0
1196492,0.0
1195267,0.0
1382081,0.0
1313925,0.0
1275885,0.0
1483396,0.0
1491377,0.0
1183714,0.0
1070954,0.0
1051931,0.0
1224290,0.0
1258071,0.0
1044208,0.0
1446159,0.0
1246054,0.0
1467684,0.0
1481364,0.0
1463940,0.0
1363332,0.0
1154879,0.0
1442863,0.0
1207734,0.0
1052063,0.0
1104983,0.0
1387722,0.0
1263095,0.0
1356728,0.0
1068227,0.0
1471794,0.0
1254577,0.0
1485687,0.0
1335177,0.0
1066128,0.0
1457115,0.0
1087099,0.0
1271835,0.0
1312239,0.0
1234576,0.0
1100724,0.0
1335989,0.0
1345160,0.0
1069628,0.0
1469630,0.0
1463021,0.0
1414175,0.0
1084662,0.0
1470501,0.0
1107382,0.0
1382879,0.0
1194304,0.0
1274988,0.0
1240654,0.0
1483648,0.0
1269302,0.0
1052405,0.0
1027289,0.0
1313290,0.0
1037102,0.0
1484270,0.0
1158511,0.0
1222111,0.0
1389785,0.0
1050510,0.0
1168202,0.0
1052745,0.0
1169013,0.0
1040540,0.0
1453344,0.0
1051817,0.0
1029890,0.0
1334159,0.0
1077256,0.0
1456855,0.0
1357059,0.0
1028254,0.0
1055924,0.0
1353130,0.0
1076577,0.0
1421169,0.0
1217432,0.0
1319084,0.0
1480696,0.0
1126504,0.0
1036146,0.0
1179723,0.0
1300063,0.0
1165413,0.0
1488081,0.0
1073773,0.0
1083750,0.0
1334811,0.0
1283401,0.0
1307591,0.0
1325050,0.0
1038388,0.0
1047892,0.0
1221712,0.0
1032642,0.0
1098944,0.0
1383592,0.0
1110449,0.0
1127095,0.0
1309125,0.0
1326605,0.0
1377977,0.0
1251620,0.0
1001984,0.0
1419512,0.0
1428246,0.0
1343497,0.0
1120131,0.0
1333616,0.0
1211759,0.0
1344886,0.0
1442954,0.0
1147289,0.0
1344427,0.0
1341626,0.0
1166087,0.0
1148765,0.0
1100317,0.0
1156949,0.0
1134301,0.0
1304812,0.0
1209150,0.0
1221546,0.0
1180229,0.0
1221830,0.0
1089009,0.0
1177992,0.0
1336611,0.0
1017666,0.0
1495930,0.0
1004518,0.0
1065792,0.0
1163862,0.0
1167812,0.0
1279711,0.0
1294408,0.0
1301442,0.0
1337742,0.0
1471675,0.0
1441363,0.0
1250420,0.0
1023350,0.0
1460257,0.0
1243217,0.0
1383376,0.0
1004792,0.0
1471500,0.0
1388970,0.0
1255438,0.0
1496795,0.0
1346793,0.0
1273441,0.0
1208761,0.0
1315511,0.0
1123237,0.0
1147453,0.0
1401269,0.0
1435027,0.0
1479842,0.0
1335120,0.0
1266346,0.0
1443298,0.0
1160998,0.0
1433094,0.0
1354912,0.0
1489710,0.0
1206483,0.0
1205178,0.0
1382964,0.0
1098649,0.0
1328013,0.0
1116922,0.0
1357329,0.0
1154131,0.0
1203305,0.0
1405532,0.0
1272906,0.0
1278925,0.0
1214073,0.0
1131539,0.0
1391815,0.0
1308041,0.0
1361501,0.0
1359350,0.0
1167619,0.0
1411529,0.0
1209955,0.0
1285450,0.0
1323323,0.0
1293905,0.0
1159054,0.0
1478629,0.0
1401429,0.0
1194866,0.0
1123969,0.0
1313035,0.0
1201640,0.0
1471555,0.0
1172117,0.0
1283593,0.0
1007891,0.0
1464379,0.0
1187374,0.0
1386015,0.0
1451683,0.0
1339299,0.0
1357633,0.0
1111401,0.0
1196208,0.0
1052664,0.0
1186550,0.0
1326138,0.0
1427762,0.0
1361966,0.0
1383155,0.0
1030857,0.0
1139627,0.0
1154847,0.0
1213496,0.0
1378286,0.0
1460258,0.0
1186075,311.0
1017536,311.0
1450900,0.0
1224522,0.0
1127451,0.0
1318678,0.0
1106083,0.0
1482122,0.0
1436549,0.0
1093672,0.0
1469694,0.0
1276722,0.0
1481414,0.0
1004561,0.0
1002579,0.0
1365062,0.0
1101142,0.0
1273134,0.0
1134994,0.0
1154883,0.0
1277171,0.0
1249231,0.0
1038965,0.0
1101252,0.0
1114666,0.0
1096073,0.0
1271716,0.0
1141248,0.0
1108677,0.0
1270680,0.0
1131586,0.0
1407745,0.0
1234038,0.0
1349426,0.0
1281501,311.0
1357408,0.0
1442391,0.0
1172744,0.0
1272747,0.0
1459972,0.0
1040817,0.0
1216412,0.0
1233243,0.0
1077136,0.0
1297231,0.0
1050850,0.0
1183320,0.0
1214420,0.0
1298875,0.0
1432084,0.0
1474249,0.0
1335742,0.0
1232971,0.0
1391564,0.0
1151399,0.0
1462159,0.0
1340640,0.0
1054399,0.0
1071053,0.0
1243523,0.0
1349753,0.0
1441077,0.0
1412754,0.0
1263819,0.0
1456889,0.0
1248108,0.0
1289400,0.0
1243803,0.0
1326115,0.0
1351029,0.0
1284951,0.0
1046968,0.0
1494739,0.0
1334284,0.0
1221331,0.0
1282357,0.0
1019938,0.0
1339356,0.0
1393711,0.0
1028210,311.0
1123788,0.0
1434656,0.0
1208743,0.0
1045564,0.0
1312452,0.0
1275245,0.0
1031647,0.0
1054056,0.0
1118218,311.0
1245179,0.0
1239770,0.0
1420458,0.0
1313365,0.0
1070617,0.0
1392760,0.0
1015640,0.0
1098563,0.0
1323315,0.0
1179775,0.0
1273247,0.0
1136816,0.0
1032841,0.0
1207961,0.0
1347248,0.0
1089518,0.0
1050183,0.0
1338001,0.0
1165646,0.0
1391820,0.0
1477155,0.0
1389901,0.0
1242455,0.0
1053974,0.0
1498709,0.0
1428777,0.0
1046377,0.0
1254119,0.0
1085095,0.0
1485136,0.0
1157854,311.0
1169953,0.0
1217570,0.0
1249972,0.0
1169083,0.0
1475801,0.0
1359599,0.0
1039687,0.0
1498185,0.0
1131747,0.0
1403023,0.0
1108801,0.0
1397460,0.0
1121415,0.0
1282806,0.0
1051075,0.0
1367997,0.0
1041473,0.0
1315013,0.0
1041864,0.0
1171509,0.0
1331445,0.0
1089775,0.0
1472724,0.0
1361205,0.0
1396555,0.0
1358836,0.0
1331407,0.0
1452274,0.0
1390714,0.0
1228822,0.0
1452554,0.0
1029070,0.0
1228033,0.0
1478440,0.0
1043154,0.0
1478265,0.0
1470381,0.0
1222984,0.0
1052650,0.0
1372888,0.0
1293367,0.0
1165645,0.0
1154429,0.0
1021459,0.0
1422321,0.0
1366611,0.0
1350569,0.0
1312949,0.0
1348257,0.0
1440671,311.0
1083790,0.0
1463499,0.0
1123111,0.0
1222993,0.0
1261754,0.0
1374992,0.0
1181948,0.0
1437293,0.0
1203616,0.0
1410350,311.0
1116914,0.0
1344894,0.0
1146264,0.0
1415887,0.0
1127683,0.0
1146258,0.0
1019990,0.0
1032774,0.0
1484259,0.0
1322980,0.0
1265570,0.0
1231701,0.0
1119849,0.0
1173395,0.0
1036045,0.0
1053779,0.0
1303542,0.0
1347349,0.0
1481384,0.0
1096564,0.0
1474850,0.0
1193654,0.0
1159117,0.0
1353804,0.0
1375433,0.0
1146173,0.0
1353342,311.0
1402445,0.0
1105415,0.0
1402829,0.0
1036213,0.0
1030302,0.0
1404791,0.0
1093896,311.0
1402246,0.0
1287476,0.0
1493850,0.0
1095490,0.0
1329120,0.0
1402691,0.0
1426744,0.0
1443312,0.0
1298678,0.0
1156213,0.0
1363905,0.0
1102864,0.0
1278807,0.0
1308940,0.0
1396950,0.0
1302314,0.0
1054201,0.0
1056665,0.0
1482353,0.0
1440278,0.0
1330860,0.0
1148716,0.0
1488302,0.0
1051906,0.0
1152850,0.0
1320652,0.0
1386934,311.0
1433199,0.0
1227005,0.0
1131938,0.0
1120598,0.0
1355736,0.0
1037052,0.0
1329665,0.0
1055315,0.0
1088819,0.0
1277933,0.0
1166225,0.0
1293329,0.0
1349351,0.0
1054906,0.0
1004507,0.0
1191410,0.0
1237519,0.0
1101366,0.0
1063294,0.0
1417445,0.0
1315888,0.0
1392155,0.0
1158773,0.0
1303629,0.0
1262956,0.0
1143046,0.0
1084443,0.0
1131770,0.0
1425588,0.0
1254738,0.0
1418776,0.0
1041100,0.0
1433561,0.0
1195998,0.0
1356831,0.0
1431024,0.0
1229088,0.0
1490332,0.0
1173268,0.0
1460060,0.0
1336420,0.0
1369493,0.0
1167595,311.0
1213428,0.0
1309558,0.0
1170333,0.0
1268761,0.0
1326400,0.0
1355420,0.0
1117059,0.0
1280259,0.0
1047301,0.0
1405693,0.0
1192141,0.0
1041377,0.0
1488435,0.0
1427131,0.0
1002220,0.0
1301771,0.0
1219875,0.0
1246237,0.0
1045704,0.0
1023309,311.0
1228393,0.0
1187353,0.0
1143421,0.0
1402925,0.0
1093785,0.0
1146882,0.0
1318929,0.0
1203442,0.0
1004420,0.0
1014090,0.0
1398042,0.0
1264681,0.0
1017526,0.0
1458262,0.0
1150678,0.0
1320376,0.0
1317677,0.0
1352082,0.0
1368925,0.0
1269920,0.0
1117989,0.0
1041166,311.0
1045010,0.0
1304495,0.0
1416081,0.0
1031438,0.0
1180183,0.0
1432441,0.0
1401070,0.0
1296303,0.0
1495457,0.0
1215871,0.0
1143636,0.0
1058496,0.0
1443889,0.0
1180874,0.0
1048380,0.0
1263996,0.0
1149931,0.0
1022424,0.0
1218254,0.0
1112554,0.0
1009750,0.0
1056322,0.0
1083054,0.0
1200089,311.0
1318982,311.0
1363303,0.0
1042514,0.0
1137634,311.0
1495807,0.0
1466731,0.0
1080998,0.0
1397257,0.0
1325299,0.0
1205461,311.0
1386895,311.0
1170771,0.0
1381779,0.0
1136184,0.0
1389254,0.0
1162273,0.0
1490297,0.0
1198587,0.0
1006648,0.0
1357410,0.0
1066458,0.0
1126128,0.0
1481585,0.0
1081125,0.0
1316293,0.0
1233845,0.0
1395557,0.0
1175595,0.0
1462272,0.0
1168538,0.0
1096333,0.0
1200477,0.0
1101186,0.0
1030030,0.0
1151876,0.0
1404563,0.0
1224600,0.0
1386814,0.0
1329521,0.0
1107904,0.0
1026288,0.0
1063382,0.0
1072318,0.0
1336287,0.0
1388838,0.0
1231318,0.0
1460552,0.0
1494117,0.0
1419467,0.0
1247675,0.0
1257289,0.0
1187581,0.0
1250575,311.0
1355719,0.0
1322958,0.0
1110998,0.0
1026632,0.0
1468197,0.0
1429143,0.0
1110002,0.0
1353989,0.0
1368664,0.0
1233222,0.0
1483390,0.0
1025301,0.0
1348159,0.0
1404114,0.0
1137543,0.0
1315211,0.0
1153898,0.0
1281814,0.0
1416927,0.0
1128826,0.0
1471144,0.0
1049350,0.0
1131538,0.0
1163574,0.0
1208422,0.0
1494813,0.0
1166910,0.0
1400040,0.0
1392051,0.0
1061242,0.0
1230087,0.0
1062235,0.0
1330041,0.0
1250606,0.0
1000748,0.0
1065507,0.0
1399913,0.0
1164086,0.0
1199454,0.0
1484932,0.0
1057929,0.0
1318694,0.0
1244936,0.0
1103112,0.0
1198144,0.0
1454651,0.0
1125120,0.0
1367873,0.0
1152380,0.0
1425925,0.0
1387841,0.0
1325701,0.0
1297570,0.0
1193708,0.0
1216003,0.0
1189783,0.0
1009315,0.0
1333953,0.0
1036613,0.0
1134711,0.0
1053860,0.0
1438974,0.0
1095568,0.0
1369255,0.0
1370235,0.0
1055921,0.0
1104908,0.0
1323957,0.0
1067345,0.0
1483471,0.0
1376912,0.0
1078062,0.0
1443211,0.0
1083456,0.0
1100793,0.0
1290854,0.0
1089558,0.0
1100250,0.0
1420158,0.0
1267746,0.0
1283121,0.0
1422003,0.0
1228679,0.0
1399603,0.0
1133114,0.0
1213738,0.0
1109919,0.0
1076832,0.0
1067896,0.0
1009282,0.0
1047239,0.0
1133053,0.0
1219095,0.0
1410114,0.0
1386771,0.0
1322930,311.0
1400695,0.0
1361334,0.0
1242163,0.0
1324093,0.0
1122716,0.0
1082302,0.0
1436025,0.0
1136040,0.0
1363491,0.0
1469698,0.0
1470409,0.0
1044051,0.0
1238870,0.0
1256441,0.0
1209146,0.0
1256407,0.0
1221582,0.0
1383790,0.0
1325056,0.0
1265434,0.0
1388704,0.0
1313545,0.0
1395631,0.0
1051001,311.0
1431352,0.0
1410965,0.0
1483756,0.0
1290899,0.0
1199703,0.0
1237610,0.0
1444912,0.0
1420680,0.0
1483148,0.0
1107862,0.0
1337109,0.0
1247940,311.0
1429379,0.0
1495441,0.0
1010582,0.0
1442966,0.0
1147172,0.0
1183397,0.0
1205751,0.0
1094254,0.0
1412751,0.0
1006145,0.0
1175281,0.0
1493704,0.0
1226267,0.0
1255164,0.0
1310037,0.0
1457996,0.0
1294289,0.0
1320535,0.0
1216489,0.0
1157061,0.0
1173815,0.0
1354780,0.0
1305979,0.0
1432851,0.0
1007110,0.0
1419717,0.0
1276891,0.0
1034437,0.0
1449768,0.0
1397560,0.0
1310851,0.0
1436856,0.0
1265589,0.0
1445268,0.0
1075807,0.0
1109491,0.0
1018204,0.0
1469298,0.0
1345768,0.0
1087184,0.0
1325614,0.0
1005390,0.0
1381072,0.0
1372407,0.0
1472769,0.0
1089646,0.0
1490925,0.0
1175440,0.0
1232486,0.0
1426884,0.0
1018982,0.0
1024533,0.0
1423458,0.0
1256007,0.0
1072327,0.0
1200918,0.0
1031606,0.0
1171496,0.0
1125996,0.0
1283888,0.0
1418131,0.0
1400837,0.0
1471564,0.0
1348293,0.0
1360248,0.0
1037188,0.0
1275453,0.0
1153084,0.0
1476703,0.0
1214045,0.0
1339201,0.0
1430832,0.0
1429517,0.0
1182953,0.0
1459302,311.0
1177955,0.0
1157643,0.0
1284388,0.0
1364451,0.0
1156252,0.0
1375220,0.0
1261074,0.0
1147021,0.0
1456278,0.0
1054169,0.0
1110323,0.0
1289831,0.0
1149805,0.0
1266061,0.0
1220931,0.0
1021717,0.0
1323802,0.0
1422028,0.0
1291601,0.0
1094087,0.0
1347974,0.0
1347782,0.0
1215159,0.0
1456299,0.0
1165289,0.0
1047535,0.0
1067260,0.0
1160219,0.0
1231638,0.0
1189643,0.0
1061333,0.0
1152031,0.0
1157645,0.0
1455353,0.0
1307614,0.0
1122805,0.0
1200378,311.0
1277405,0.0
1118213,0.0
1111285,0.0
1333036,0.0
1292612,0.0
1265026,0.0
1063432,0.0
1490530,311.0
1199264,0.0
1315953,0.0
1325057,0.0
1000967,0.0
1102240,0.0
1094031,0.0
1461407,0.0
1296839,0.0
1285572,0.0
1486559,0.0
1438178,0.0
1429602,0.0
1007013,0.0
1413676,0.0
1324205,311.0
1052327,0.0
1051118,0.0
1063944,0.0
1327596,0.0
1271465,0.0
1112605,0.0
1215120,0.0
1334605,0.0
1089940,0.0
1493329,0.0
1310666,0.0
1226985,0.0
1157971,0.0
1406109,0.0
1158730,0.0
1192020,0.0
1488470,0.0
1399584,0.0
1186148,0.0
1295143,0.0
1033644,0.0
1043832,0.0
1278865,0.0
1122933,0.0
1099771,0.0
1342064,0.0
1087115,0.0
1021203,0.0
1158238,0.0
1374260,0.0
1402324,0.0
1412744,0.0
1482782,0.0
1046637,0.0
1498015,0.0
1312237,0.0
1171583,0.0
1439200,0.0
1365652,0.0
1116454,0.0
1329325,0.0
1398733,0.0
1175214,0.0
1235841,0.0
1467381,0.0
1129652,0.0
1025418,0.0
1107242,0.0
1225616,0.0
1399642,0.0
1002587,0.0
1353808,0.0
1261445,0.0
1315349,0.0
1032554,0.0
1044666,0.0
1126295,0.0
1031019,0.0
1351254,0.0
1303377,0.0
1360145,0.0
1339191,0.0
1263562,0.0
1249506,0.0
1072489,0.0
1054327,0.0
1301459,0.0
1164130,0.0
1292366,0.0
1227051,0.0
1052043,0.0
1270293,0.0
1149914,0.0
1476554,0.0
1205729,0.0
1211146,0.0
1193406,0.0
1256086,0.0
1119492,0.0
1424001,0.0
1318873,0.0
1497229,0.0
1411464,0.0
1275922,0.0
1067311,0.0
1063232,0.0
1263804,0.0
1119525,0.0
1042841,0.0
1163114,0.0
1394950,0.0
1083661,0.0
1353626,0.0
1238795,0.0
1257162,0.0
1407540,0.0
1087300,0.0
1016398,0.0
1031482,0.0
1476710,0.0
1424685,0.0
1087043,0.0
1241336,0.0
1126102,0.0
1388334,0.0
1075523,0.0
1216578,0.0
1351219,0.0
1287845,0.0
1147190,0.0
1419860,0.0
1023806,0.0
1185678,0.0
1353996,0.0
1471183,0.0
1054272,0.0
1005347,0.0
1327124,0.0
1234527,0.0
1077178,0.0
1066705,0.0
1072459,0.0
1003680,311.0
1416476,0.0
1167184,0.0
1077352,0.0
1354900,0.0
1260212,0.0
1130888,0.0
1164137,0.0
1047397,311.0
1497822,0.0
1366177,0.0
1235630,0.0
1161125,0.0
1214466,0.0
1379939,311.0
1397477,0.0
1490466,0.0
1402609,0.0
1254730,0.0
1025202,0.0
1373526,0.0
1203194,0.0
1364965,0.0
1403750,0.0
1205495,0.0
1399393,0.0
1114827,0.0
1209003,0.0
1068087,0.0
1157260,0.0
1286151,0.0
1287783,0.0
1246214,0.0
1103243,0.0
1412094,0.0
1435140,0.0
1246825,311.0
1159089,311.0
1049141,0.0
1246940,0.0
1378005,311.0
1433386,0.0
1207002,0.0
1051838,0.0
1376509,0.0
1110219,0.0
1331890,311.0
1253163,0.0
1302373,311.0
1434614,0.0
1148001,0.0
1212594,0.0
1105749,0.0
1410871,0.0
1125176,0.0
1432030,0.0
1134077,0.0
1017556,0.0
1222099,0.0
1381777,0.0
1459975,0.0
1163173,0.0
1496357,0.0
1427545,0.0
1095607,0.0
1039372,0.0
1265219,311.0
1406375,0.0
1448552,0.0
1059119,0.0
1359625,0.0
1255874,0.0
1338420,0.0
1402396,0.0
1478102,0.0
1471087,0.0
1284661,311.0
1420413,0.0
1364745,311.0
1019952,0.0
1387028,0.0
1215711,0.0
1435910,311.0
1452281,311.0
1170208,0.0
1443567,0.0
1390206,0.0
1089737,0.0
1279096,0.0
1301192,0.0
1191560,0.0
1117758,0.0
1243690,0.0
1041884,0.0
1490464,0.0
1041468,0.0
1491705,0.0
1288797,0.0
1472568,0.0
1202662,0.0
1285966,0.0
1068045,0.0
1274550,0.0
1321002,0.0
1094705,0.0
1021807,0.0
1302798,0.0
1060391,0.0
1006816,0.0
1095767,0.0
1101734,0.0
1171313,0.0
1281698,0.0
1435552,0.0
1018032,0.0
1463075,0.0
1055113,0.0
1416492,0.0
1357343,0.0
1290035,0.0
1253166,0.0
1173529,0.0
1315404,0.0
1068463,0.0
1140698,0.0
1449468,0.0
1093081,0.0
1357469,0.0
1076524,0.0
1324338,0.0
1306071,0.0
1099884,0.0
1010388,0.0
1404662,0.0
1129536,0.0
1425079,0.0
1217642,0.0
1063344,0.0
1104032,0.0
1289590,0.0
1037247,0.0
1441494,0.0
1111278,0.0
1111214,0.0
1409949,0.0
1408381,0.0
1487695,0.0
1086128,0.0
1051069,0.0
1033575,0.0
1134606,0.0
1335692,0.0
1220076,0.0
1045804,0.0
1410900,0.0
1491784,0.0
1155929,0.0
1421340,0.0
1247621,0.0
1112082,0.0
1352909,0.0
1209918,0.0
1101949,0.0
1307199,0.0
1340615,311.0
1265011,0.0
1349155,0.0
1295471,0.0
1465044,0.0
1122408,0.0
1357576,0.0
1395249,0.0
1167154,0.0
1338367,0.0
1335658,0.0
1259183,0.0
1380027,0.0
1291944,0.0
1066693,311.0
1463866,0.0
1496936,0.0
1083629,0.0
1458918,0.0
1181328,0.0
1381586,0.0
1011414,0.0
1474243,0.0
1394187,0.0
1196663,0.0
1088646,0.0
1342720,0.0
1102185,0.0
1333552,0.0
1410152,0.0
1372949,0.0
1131961,0.0
1318987,0.0
1309137,0.0
1358786,0.0
1032920,0.0
1262458,0.0
1327846,0.0
1429378,0.0
1136853,0.0
1274362,0.0
1455282,0.0
1201206,0.0
1484461,0.0
1229441,0.0
1025339,0.0
1299332,0.0
1103612,0.0
1444918,0.0
1199571,0.0
1083814,0.0
1030045,0.0
1083856,0.0
1041927,0.0
1132474,0.0
1326550,0.0
1203590,0.0
1468345,0.0
1062614,0.0
1252301,0.0
1312450,0.0
1227321,0.0
1143199,0.0
1388818,0.0
1045336,0.0
1208100,0.0
1487438,0.0
1314619,0.0
1446773,0.0
1379642,0.0
1463434,0.0
1359547,0.0
1189931,0.0
1104414,0.0
1294658,0.0
1041008,0.0
1388157,0.0
1036924,0.0
1412783,0.0
1239271,0.0
1164460,0.0
1120076,0.0
1033560,0.0
1241991,0.0
1050973,0.0
1488516,0.0
1487269,0.0
1494672,0.0
1055343,0.0
1276086,0.0
1427992,0.0
1062785,0.0
1393239,0.0
1359687,311.0
1185486,0.0
1237451,0.0
1383706,0.0
1484601,0.0
1293278,311.0
1302677,0.0
1202037,0.0
1430558,0.0
1338945,0.0
1078324,0.0
1387934,0.0
1478529,0.0
1120072,0.0
1377968,0.0
1391988,0.0
1265634,0.0
1223460,0.0
1487411,0.0
1038260,0.0
1446962,0.0
1307990,0.0
1159283,0.0
1072744,0.0
1433307,0.0
1350267,0.0
1340706,0.0
1108874,0.0
1317740,0.0
1274663,0.0
1245642,0.0
1331308,0.0
1490846,0.0
1216717,0.0
1155386,0.0
1287061,0.0
1425115,0.0
1060856,0.0
1473341,0.0
1423483,0.0
1199882,0.0
1335249,0.0
1075399,0.0
1485349,0.0
1346518,0.0
1180232,0.0
1180958,0.0
1268970,0.0
1438275,0.0
1252259,0.0
1293873,0.0
1372471,0.0
1207091,0.0
1191139,0.0
1464373,0.0
1342435,0.0
1481479,0.0
1265718,0.0
1330306,0.0
1088146,0.0
1230739,0.0
1479461,0.0
1119000,0.0
1253188,0.0
1420681,0.0
1497042,0.0
1075573,0.0
1283010,0.0
1248990,0.0
1076397,0.0
1295928,0.0
1072277,0.0
1334546,0.0
1293060,0.0
1358416,0.0
1040086,0.0
1465977,0.0
1130549,0.0
1039323,0.0
1440240,0.0
1362578,0.0
1142838,0.0
1260394,0.0
1162316,0.0
1133943,0.0
1094696,0.0
1141999,0.0
1185462,311.0
1484087,0.0
1295267,0.0
1127473,311.0
1005070,0.0
1132370,0.0
1162807,0.0
1410300,0.0
1411549,0.0
1315737,0.0
1026727,0.0
1392552,0.0
1273175,0.0
1359183,0.0
1349227,0.0
1187267,0.0
1077876,0.0
1255087,0.0
1367217,0.0
1250173,0.0
1080258,0.0
1466020,0.0
1103105,0.0
1411427,0.0
1099736,0.0
1456472,0.0
1295531,0.0
1182553,0.0
1037013,0.0
1071289,0.0
1348850,0.0
1145843,0.0
1290610,0.0
1107751,0.0
1303680,0.0
1106620,0.0
1368612,0.0
1195396,0.0
1349623,0.0
1140431,0.0
1239272,0.0
1408309,0.0
1272864,0.0
1084623,0.0
1382786,0.0
1045869,0.0
1205492,0.0
1337089,0.0
1196960,0.0
1359976,0.0
1173584,0.0
1080752,0.0
1438049,0.0
1376120,0.0
1200743,0.0
1160087,0.0
1250538,0.0
1385364,0.0
1421477,0.0
1001956,0.0
1233884,0.0
1467909,0.0
1301887,0.0
1048759,0.0
1270199,0.0
1282739,0.0
1154085,0.0
1260035,0.0
1377442,0.0
1281129,0.0
1307389,0.0
1143368,0.0
1378838,0.0
1095292,0.0
1293301,0.0
1234965,0.0
1375305,0.0
1439037,0.0
1181412,0.0
1067610,0.0
1431745,0.0
1295753,0.0
1334795,0.0
1166147,0.0
1431774,311.0
1177789,0.0
1407626,0.0
1344425,0.0
1499073,0.0
1096086,0.0
1356796,0.0
1368295,0.0
1186984,0.0
1334468,0.0
1024033,0.0
1177177,0.0
1070701,0.0
1210286,311.0
1190645,0.0
1109523,0.0
1384852,0.0
1140087,0.0
1381531,0.0
1029762,0.0
1387532,0.0
1429694,0.0
1344145,0.0
1021666,0.0
1460994,0.0
1496025,0.0
1223663,0.0
1166855,0.0
1159755,0.0
1078871,0.0
1343181,0.0
1251460,0.0
1167686,0.0
1309041,0.0
1351501,0.0
1411712,311.0
1389300,0.0
1043407,0.0
1137195,0.0
1133355,0.0
1382856,0.0
1117090,311.0
1152195,0.0
1124988,0.0
1325639,0.0
1010613,311.0
1077074,0.0
1339373,0.0
1082030,0.0
1374234,0.0
1498214,0.0
1219081,0.0
1472375,0.0
1472124,0.0
1004268,0.0
1295832,0.0
1396477,0.0
1157026,311.0
1154504,311.0
1425009,0.0
1319225,0.0
1487214,0.0
1202811,0.0
1422934,0.0
1006749,0.0
1417732,0.0
1092905,0.0
1353563,0.0
1157213,0.0
1037186,0.0
1161156,0.0
1309382,0.0
1300405,0.0
1403354,0.0
1076251,0.0
1301531,0.0
1354098,0.0
1013097,0.0
1138810,0.0
1247295,0.0
1396363,0.0
1428923,0.0
1392386,0.0
1310472,0.0
1310422,0.0
1496663,0.0
1192395,0.0
1011221,0.0
1336867,0.0
1063685,0.0
1208004,0.0
1444591,0.0
1093360,0.0
1338479,0.0
1018381,0.0
1247641,0.0
1260258,0.0
1156774,0.0
1309278,0.0
1394148,0.0
1445687,0.0
1268572,0.0
1243616,0.0
1414107,0.0
1407146,0.0
1352012,0.0
1390158,0.0
1091996,0.0
1318802,0.0
1452309,0.0
1334101,0.0
1002773,0.0
1029414,0.0
1374360,0.0
1096139,0.0
1166020,0.0
1136726,0.0
1170441,0.0
1003197,0.0
1195560,0.0
1233590,0.0
1499053,0.0
1008764,0.0
1171263,0.0
1235632,0.0
1086505,0.0
1124751,0.0
1022768,0.0
1342069,0.0
1319985,0.0
1086535,0.0
1193059,0.0
1005399,0.0
1217409,0.0
1388371,0.0
1240574,0.0
1296492,0.0
1490920,0.0
1407025,0.0
1349568,0.0
1150094,0.0
1234359,0.0
1487971,0.0
1061979,0.0
1075410,0.0
1183464,0.0
1218599,0.0
1238332,0.0
1126306,0.0
1250167,0.0
1425272,0.0
1421359,0.0
1227369,0.0
1245910,0.0
1469390,0.0
1285058,0.0
1221848,0.0
1256714,0.0
1481494,0.0
1355892,0.0
1163601,0.0
1235352,0.0
1486990,0.0
1088403,0.0
1215826,0.0
1077243,0.0
1250701,0.0
1081976,0.0
1212321,0.0
1356165,0.0
1102468,0.0
1248921,0.0
1168286,0.0
1073998,0.0
1106972,0.0
1415496,0.0
1430286,0.0
1058741,311.0
1305701,0.0
1063055,0.0
1129309,0.0
1190160,0.0
1275767,0.0
1370349,0.0
1195640,0.0
1358027,311.0
1060469,0.0
1397621,0.0
1321235,0.0
1036985,0.0
1314238,0.0
1184897,0.0
1109511,0.0
1134380,0.0
1438318,0.0
1045978,0.0
1039535,0.0
1222762,0.0
1108547,0.0
1136233,0.0
1113557,0.0
1433288,0.0
1280956,0.0
1409185,0.0
1001062,0.0
1455302,0.0
1473716,0.0
1108944,0.0
1281283,0.0
1295121,0.0
1271387,0.0
1042450,0.0
1232986,0.0
1262098,0.0
1355822,0.0
1235127,0.0
1315725,0.0
1105691,0.0
1423554,0.0
1291911,0.0
1063335,0.0
1017067,0.0
1295378,0.0
1358044,0.0
1475790,0.0
1463160,311.0
1020603,0.0
1345207,0.0
1395178,0.0
1408825,0.0
1494027,0.0
1224076,0.0
1353310,0.0
1435474,0.0
1006574,0.0
1388278,0.0
1139612,0.0
1375571,0.0
1088656,0.0
1448606,0.0
1291487,0.0
1465487,0.0
1240567,0.0
1078554,0.0
1081079,0.0
1203974,0.0
1303970,0.0
1426761,0.0
1303570,311.0
1150022,0.0
1217185,0.0
1125302,0.0
1442229,0.0
1002560,0.0
1371487,0.0
1446799,0.0
1036706,0.0
1491686,0.0
1399772,0.0
1494276,0.0
1217848,0.0
1092082,0.0
1126590,0.0
1010315,0.0
1303501,0.0
1290736,0.0
1027752,0.0
1386011,0.0
1204889,0.0
1114235,0.0
1034417,0.0
1082554,0.0
1290939,0.0
1177275,0.0
1291984,0.0
1489334,0.0
1312498,0.0
1237487,0.0
1017032,0.0
1226117,0.0
1282653,0.0
1363989,0.0
1359946,0.0
1319162,0.0
1402594,0.0
1217911,0.0
1464254,0.0
1341715,0.0
1349950,0.0
1162925,0.0
1270167,0.0
1057728,0.0
1058797,0.0
1403400,0.0
1302853,0.0
1079968,0.0
1440844,0.0
1104148,0.0
1287932,0.0
1017601,0.0
1026204,0.0
1075937,0.0
1346881,0.0
1223669,0.0
1301241,0.0
1277374,0.0
1023855,0.0
1069619,0.0
1141140,0.0
1398600,0.0
1432032,0.0
1424160,0.0
1231250,0.0
1201874,0.0
1460942,0.0
1141667,0.0
1445891,0.0
1350725,0.0
1303762,0.0
1414123,0.0
1333339,0.0
1249853,0.0
1254272,0.0
1404012,311.0
1086893,0.0
1490001,0.0
1335737,0.0
1026870,0.0
1157723,0.0
1083428,0.0
1041969,0.0
1242079,0.0
1157372,0.0
1186919,0.0
1250645,0.0
1318234,0.0
1135964,0.0
1040065,0.0
1498396,0.0
1015144,0.0
1452919,0.0
1045583,0.0
1230784,311.0
1078483,0.0
1223872,0.0
1399477,0.0
1245737,0.0
1217377,0.0
1055993,0.0
1032317,0.0
1442709,0.0
1341438,0.0
1045265,0.0
1081143,311.0
1241028,0.0
1487433,0.0
1344474,0.0
1249086,0.0
1167009,0.0
1001468,0.0
1056008,0.0
1352502,0.0
1138191,0.0
1195304,0.0
1485133,0.0
1230602,0.0
1246844,0.0
1420947,0.0
1073477,0.0
1174807,0.0
1101194,0.0
1479242,0.0
1163821,0.0
1053387,0.0
1030257,0.0
1066609,0.0
1104677,0.0
1145504,0.0
1058968,0.0
1029048,0.0
1341299,0.0
1233321,0.0
1155890,0.0
1412006,0.0
1059086,0.0
1457634,311.0
1382023,0.0
1450781,0.0
1393398,0.0
1347554,0.0
1208168,0.0
1003353,0.0
1054844,0.0
1199186,0.0
1094514,311.0
1182396,0.0
1335483,0.0
1231690,0.0
1227412,0.0
1006640,0.0
1430130,0.0
1124497,0.0
1311902,0.0
1091585,0.0
1011846,0.0
1183235,0.0
1138279,0.0
1400961,0.0
1342320,311.0
1073456,0.0
1463003,0.0
1291939,0.0
1201023,0.0
1131342,0.0
1350514,0.0
1019288,0.0
1338351,0.0
1441003,0.0
1089983,0.0
1098314,0.0
1319200,0.0
1007242,0.0
1348829,0.0
1356631,0.0
1007766,0.0
1482800,0.0
1160805,0.0
1386804,0.0
1291900,0.0
1467342,311.0
1079749,0.0
1163707,0.0
1267211,0.0
1477931,0.0
1488200,0.0
1286968,0.0
1204701,0.0
1262783,0.0
1129825,0.0
1314953,0.0
1373676,0.0
1431261,0.0
1307454,0.0
1441368,0.0
1340082,0.0
1290045,0.0
1070101,0.0
1413562,0.0
1192976,0.0
1304626,0.0
1358552,0.0
1246966,0.0
1121684,0.0
1422241,0.0
1463806,0.0
1133186,0.0
1186594,0.0
1332523,0.0
1228793,0.0
1106195,0.0
1149489,0.0
1239648,0.0
1167480,0.0
1006634,0.0
1067884,0.0
1158916,0.0
1392561,0.0
1253660,0.0
1371428,0.0
1413435,0.0
1202213,0.0
1236134,0.0
1285653,0.0
1086947,0.0
1413457,0.0
1275145,0.0
1394552,0.0
1041277,0.0
1219014,0.0
1131289,0.0
1393954,0.0
1114558,0.0
1058025,0.0
1146280,0.0
1259161,0.0
1211180,0.0
1085281,0.0
1450681,0.0
1191059,0.0
1160873,0.0
1112783,0.0
1482831,0.0
1416477,0.0
1302018,0.0
1411743,0.0
1209263,0.0
1375615,0.0
1251805,0.0
1469059,0.0
1265505,0.0
1110999,0.0
1490160,0.0
1253502,0.0
1126623,0.0
1130658,0.0
1387143,0.0
1362544,0.0
1459085,0.0
1341726,0.0
1208714,0.0
1473910,0.0
1113140,0.0
1287268,0.0
1017414,0.0
1329315,0.0
1437265,0.0
1441114,0.0
1207802,0.0
1284532,0.0
1428659,0.0
1247559,0.0
1142595,0.0
1221224,0.0
1440966,0.0
1244156,0.0
1432921,0.0
1253903,0.0
1109308,0.0
1160233,0.0
1265029,311.0
1200538,0.0
1349362,0.0
1216484,0.0
1470437,0.0
1389801,0.0
1273640,0.0
1398971,0.0
1110361,0.0
1132811,0.0
1358429,0.0
1499021,0.0
1251893,0.0
1189345,0.0
1217593,0.0
1435232,0.0
1214504,0.0
1240856,0.0
1310777,0.0
1473466,0.0
1182198,0.0
1442839,0.0
1105223,0.0
1050999,0.0
1140478,311.0
1160572,311.0
1294587,0.0
1483004,311.0
1085945,0.0
1334365,0.0
1179547,0.0
1212768,0.0
1075990,311.0
1248167,0.0
1261113,0.0
1429763,0.0
1151884,0.0
1313839,0.0
1216798,0.0
1492488,0.0
1180550,0.0
1300636,0.0
1111154,0.0
1329598,0.0
1170529,0.0
1450808,0.0
1258777,0.0
1195364,0.0
1469941,0.0
1070129,0.0
1259870,0.0
1489091,0.0
1253895,0.0
1245836,0.0
1493689,0.0
1301362,0.0
1426995,0.0
1185820,0.0
1170494,0.0
1315527,0.0
1284731,0.0
1233512,0.0
1229478,0.0
1118707,0.0
1483287,0.0
1483261,0.0
1218561,0.0
1228734,0.0
1100299,0.0
1062654,0.0
1424258,0.0
1287339,0.0
1313588,0.0
1258153,0.0
1477668,0.0
1146680,0.0
1076977,0.0
1130360,0.0
1038432,0.0
1301753,0.0
1191627,0.0
1030017,0.0
1471259,0.0
1154260,0.0
1313142,0.0
1303136,0.0
1287870,0.0
1331178,0.0
1098622,0.0
1184587,0.0
1025379,0.0
1358189,0.0
1030333,0.0
1187463,0.0
1212464,0.0
1124574,0.0
1226727,0.0
1052272,0.0
1223406,0.0
1431890,0.0
1118042,0.0
1358230,0.0
1160706,0.0
1142445,0.0
1124659,0.0
1141542,0.0
1188019,0.0
1045061,0.0
1297612,0.0
1136555,0.0
1473948,0.0
1187248,0.0
1222655,0.0
1225845,0.0
1147030,0.0
1361909,0.0
1483607,0.0
1222059,0.0
1285518,0.0
1270509,0.0
1415427,0.0
1078686,0.0
1406717,0.0
1418362,0.0
1413791,0.0
1493718,0.0
1308101,0.0
1068287,0.0
1290408,0.0
1448703,0.0
1307736,0.0
1023715,0.0
1269555,0.0
1107012,0.0
1352569,0.0
1080746,0.0
1035233,0.0
1192047,0.0
1423989,0.0
1473901,0.0
1330572,0.0
1124262,0.0
1340904,0.0
1466477,0.0
1030896,0.0
1102297,0.0
1458313,0.0
1347385,0.0
1349361,0.0
1036701,0.0
1291765,0.0
1375038,0.0
1366075,0.0
1139550,0.0
1101934,0.0
1106379,0.0
1183999,0.0
1139782,0.0
1126514,0.0
1035826,0.0
1377724,0.0
1164986,0.0
1140696,0.0
1479578,0.0
1458427,0.0
1037543,0.0
1376454,0.0
1034409,0.0
1017883,0.0
1126137,0.0
1414891,0.0
1082444,0.0
1402014,0.0
1091685,0.0
1334897,0.0
1202906,0.0
1037004,0.0
1077171,0.0
1025143,0.0
1045356,0.0
1456111,0.0
1023599,0.0
1224009,0.0
1412451,0.0
1410443,0.0
1262498,0.0
1430898,0.0
1219927,0.0
1037300,0.0
1253597,0.0
1102839,0.0
1122466,0.0
1118519,0.0
1495715,0.0
1128963,0.0
1121948,0.0
1285970,0.0
1467232,0.0
1261676,0.0
1130285,0.0
1454866,0.0
1403469,0.0
1083782,0.0
1368535,0.0
1205106,0.0
1066418,0.0
1147439,0.0
1143501,0.0
1396542,311.0
1280071,0.0
1342409,0.0
1022802,0.0
1444289,0.0
1436774,0.0
1254330,0.0
1112142,0.0
1409870,0.0
1338379,0.0
1242046,0.0
1494119,0.0
1031550,0.0
1374335,0.0
1202732,0.0
1090089,0.0
1390783,0.0
1336436,0.0
1300574,0.0
1334557,0.0
1262288,0.0
1290777,0.0
1132437,0.0
1242056,0.0
1323943,0.0
1395556,0.0
1021300,0.0
1256563,0.0
1082880,0.0
1408615,0.0
1034550,0.0
1273740,0.0
1375700,0.0
1484176,0.0
1188547,0.0
1107386,0.0
1266898,0.0
1426808,0.0
1151394,0.0
1362645,0.0
1394305,0.0
1275233,0.0
1287197,0.0
1120268,0.0
1341978,0.0
1005261,0.0
1356969,0.0
1429995,0.0
1231854,0.0
1004831,0.0
1196682,0.0
1110823,0.0
1050864,0.0
1453468,0.0
1386342,0.0
1304635,0.0
1374704,0.0
1304912,0.0
1399265,0.0
1430604,0.0
1020769,0.0
1124544,0.0
1230695,0.0
1022544,0.0
1392027,0.0
1227348,0.0
1427333,0.0
1207963,0.0
1358659,0.0
1017948,0.0
1470042,0.0
1302705,0.0
1107897,0.0
1025988,0.0
1146886,0.0
1214823,0.0
1097271,0.0
1403913,0.0
1153862,0.0
1177612,0.0
1105240,0.0
1368073,0.0
1021984,0.0
1114177,0.0
1012363,0.0
1145179,0.0
1161370,311.0
1167123,0.0
1095301,0.0
1329675,0.0
1276937,0.0
1069331,0.0
1348050,0.0
1320534,0.0
1292579,0.0
1263128,0.0
1488407,0.0
1025243,0.0
1156703,0.0
1131763,0.0
1133958,311.0
1241310,0.0
1298978,0.0
1334203,0.0
1037484,0.0
1183511,0.0
1213380,0.0
1479982,0.0
1295433,0.0
1383868,0.0
1323560,0.0
1444798,0.0
1069100,0.0
1439256,0.0
1184813,0.0
1494605,0.0
1070775,0.0
1153718,0.0
1262471,0.0
1263194,0.0
1058052,0.0
1253782,0.0
1374690,0.0
1075536,0.0
1404821,0.0
1390833,0.0
1007031,0.0
1054115,0.0
1120318,0.0
1431813,0.0
1298538,0.0
1448350,0.0
1137247,0.0
1378187,0.0
1313682,0.0
1390178,0.0
1254865,0.0
1036898,0.0
1062100,0.0
1077395,0.0
1274271,0.0
1413868,0.0
1063439,0.0
1121493,0.0
1429093,0.0
1170897,0.0
1402018,0.0
1129849,0.0
1348414,0.0
1007581,0.0
1140044,0.0
1464692,0.0
1251999,0.0
1204026,0.0
1274820,0.0
1346088,0.0
1499150,0.0
1141237,0.0
1216971,0.0
1478789,0.0
1182896,0.0
1093179,0.0
1014154,0.0
1030496,0.0
1460483,0.0
1320980,0.0
1019808,0.0
1362163,0.0
1360746,0.0
1362049,0.0
1111825,0.0
1081167,0.0
1032184,0.0
1092132,0.0
1024838,0.0
1015959,0.0
1494129,0.0
1030352,0.0
1255183,0.0
1087358,0.0
1441485,0.0
1292750,0.0
1187461,0.0
1219150,0.0
1192877,0.0
1256438,0.0
1480116,0.0
1218838,311.0
1404354,0.0
1127637,0.0
1196866,0.0
1471619,0.0
1342397,0.0
1320006,0.0
1350494,0.0
1437438,0.0
1058833,0.0
1244799,0.0
1439843,0.0
1019892,0.0
1219560,0.0
1462013,0.0
1119683,0.0
1273171,0.0
1113566,0.0
1487073,0.0
1062422,0.0
1028047,0.0
1010820,0.0
1120927,0.0
1033949,0.0
1315041,0.0
1308393,0.0
1200879,0.0
1097184,0.0
1451230,0.0
1064428,0.0
1445895,0.0
1281062,0.0
1050958,0.0
1195326,311.0
1361791,0.0
1055072,0.0
1218586,0.0
1008508,0.0
1398646,0.0
1174817,0.0
1343235,0.0
1033329,0.0
1401816,0.0
1471444,0.0
1298818,0.0
1274831,0.0
1383271,0.0
1165516,0.0
1096371,0.0
1302501,0.0
1204458,0.0
1205882,0.0
1318748,0.0
1307226,0.0
1320342,0.0
1016929,0.0
1043385,0.0
1264716,0.0
1486057,0.0
1389329,0.0
1154554,0.0
1277844,0.0
1302647,0.0
1443356,0.0
1385189,0.0
1272811,0.0
1032054,0.0
1378361,0.0
1094700,0.0
1040158,0.0
1036702,0.0
1238939,0.0
1389102,0.0
1097704,0.0
1137161,0.0
1028769,0.0
1453498,0.0
1346249,0.0
1381535,0.0
1252711,0.0
1178509,0.0
1220519,0.0
1309498,0.0
1196756,0.0
1478663,0.0
1216016,0.0
1328575,0.0
1373422,0.0
1324684,0.0
1066118,0.0
1079799,0.0
1045943,0.0
1318034,0.0
1014030,0.0
1343998,0.0
1162586,0.0
1164334,0.0
1194180,0.0
1046431,0.0
1074853,0.0
1017798,0.0
1278377,0.0
1183107,0.0
1105779,0.0
1355275,0.0
1075114,0.0
1163517,0.0
1049629,0.0
1446984,0.0
1166586,0.0
1308629,0.0
1054675,0.0
1209839,311.0
1350207,0.0
1294881,311.0
1104126,0.0
1234429,0.0
1424027,0.0
1158324,0.0
1140085,0.0
1415642,0.0
1026843,0.0
1412237,0.0
1088888,0.0
1302670,0.0
1167285,0.0
1202378,0.0
1201369,0.0
1168750,0.0
1450862,0.0
1495450,0.0
1302378,0.0
1058173,0.0
1433596,0.0
1475741,0.0
1487792,0.0
1239569,0.0
1186923,0.0
1093013,0.0
1456302,0.0
1093145,0.0
1107714,0.0
1310662,0.0
1042342,0.0
1267957,0.0
1311445,0.0
1331177,0.0
1141860,0.0
1368559,0.0
1239403,311.0
1080487,0.0
1005418,0.0
1395407,0.0
1049721,0.0
1111071,311.0
1365299,311.0
1301300,0.0
1443046,0.0
1335563,0.0
1444198,0.0
1337536,0.0
1139384,0.0
1415610,0.0
1346982,0.0
1386899,0.0
1216902,0.0
1331312,0.0
1145318,0.0
1038082,0.0
1493498,0.0
1435344,0.0
1031584,0.0
1006089,0.0
1464025,0.0
1471793,0.0
1055918,0.0
1392002,0.0
1389536,0.0
1379284,0.0
1461580,0.0
1165506,0.0
1026662,0.0
1307597,0.0
1136626,0.0
1402463,0.0
1026490,0.0
1485619,0.0
1151969,0.0
1482885,0.0
1426546,0.0
1318211,0.0
1081706,0.0
1385475,0.0
1205823,0.0
1291316,0.0
1434599,0.0
1165006,0.0
1044361,0.0
1060659,0.0
1324219,0.0
1456024,0.0
1282704,0.0
1284319,0.0
1127161,0.0
1364496,0.0
1396538,0.0
1041425,0.0
1403310,0.0
1412875,0.0
1186105,0.0
1042282,0.0
1355897,0.0
1163430,0.0
1377459,0.0
1025298,0.0
1292720,0.0
1394640,0.0
1405148,0.0
1255064,0.0
1076674,0.0
1001753,0.0
1171702,0.0
1431835,0.0
1190568,0.0
1494597,0.0
1236232,0.0
1022366,0.0
1296198,0.0
1044644,0.0
1190225,0.0
1021330,0.0
1442812,0.0
1144793,0.0
1316600,0.0
1033770,311.0
1374497,311.0
1201008,0.0
1433924,0.0
1114869,0.0
1302328,0.0
1471348,0.0
1158546,0.0
1056581,0.0
1078865,0.0
1182751,0.0
1224624,311.0
1016217,0.0
1242062,0.0
1356548,0.0
1131755,0.0
1073235,0.0
1350052,0.0
1067861,0.0
1363499,0.0
1156194,0.0
1497839,0.0
1362253,0.0
1127689,0.0
1131633,0.0
1379641,0.0
1375547,0.0
1362483,0.0
1318787,0.0
1040504,0.0
1383355,0.0
1483664,0.0
1470238,0.0
1224754,0.0
1357578,0.0
1427610,0.0
1313326,0.0
1187745,0.0
1050718,0.0
1104924,0.0
1128265,0.0
1159770,0.0
1066486,0.0
1421436,0.0
1200066,0.0
1416057,0.0
1085183,0.0
1349506,0.0
1261549,0.0
1292884,0.0
1453903,0.0
1025892,0.0
1199793,0.0
1068780,0.0
1085401,0.0
1037192,0.0
1400718,0.0
1073403,0.0
1456771,0.0
1250564,0.0
1487779,0.0
1336818,0.0
1010555,0.0
1002043,0.0
1242012,0.0
1166145,0.0
1440436,0.0
1146215,0.0
1043014,0.0
1310723,0.0
1008614,0.0
1076975,0.0
1149000,0.0
1415442,0.0
1136838,0.0
1070227,0.0
1297253,0.0
1061532,0.0
1221557,0.0
1213113,0.0
1101454,0.0
1199855,0.0
1258187,0.0
1176775,0.0
1406839,0.0
1016677,0.0
1219958,0.0
1102306,0.0
1394484,0.0
1237611,0.0
1001680,0.0
1408762,0.0
1096050,0.0
1253938,0.0
1494171,0.0
1202063,0.0
1269353,0.0
1425528,0.0
1083018,0.0
1254356,0.0
1096392,0.0
1291874,0.0
1012825,0.0
1411856,0.0
1389546,0.0
1332496,0.0
1218626,0.0
1060240,0.0
1051688,0.0
1070142,0.0
1261392,0.0
1206482,0.0
1205025,0.0
1414894,0.0
1201822,0.0
1065852,0.0
1010653,0.0
1393959,0.0
1238587,0.0
1410003,0.0
1420919,0.0
1247163,0.0
1494734,0.0
1421622,0.0
1076991,0.0
1455585,0.0
1199090,0.0
1417240,0.0
1252660,0.0
1251333,0.0
1353734,0.0
1107468,0.0
1173002,0.0
1329582,0.0
1144663,0.0
1107196,0.0
1144647,0.0
1161763,0.0
1091117,0.0
1327267,0.0
1214601,0.0
1136504,0.0
1221756,0.0
1394196,0.0
1376542,0.0
1377519,0.0
1373036,0.0
1414248,0.0
1303417,0.0
1374782,0.0
1119799,0.0
1238224,0.0
1368565,0.0
1209454,0.0
1465217,0.0
1326935,0.0
1418145,0.0
1496743,0.0
1391503,0.0
1014063,0.0
1072843,0.0
1179267,0.0
1086413,0.0
1379056,0.0
1321694,0.0
1474917,0.0
1046579,0.0
1378510,0.0
1264839,0.0
1387414,0.0
1011628,0.0
1361035,0.0
1288726,0.0
1063469,0.0
1153382,0.0
1437433,0.0
1448288,0.0
1001552,0.0
1375215,0.0
1257492,0.0
1112246,0.0
1484213,0.0
1427638,0.0
1327005,0.0
1315112,0.0
1354041,0.0
1388619,0.0
1284859,0.0
1123242,0.0
1093878,0.0
1201131,0.0
1134701,0.0
1351203,0.0
1167481,0.0
1242087,0.0
1492615,0.0
1200152,0.0
1126912,0.0
1106260,0.0
1461252,0.0
1098918,0.0
1029001,0.0
1367814,0.0
1302999,0.0
1144931,0.0
1248673,0.0
1313222,0.0
1158067,0.0
1432675,0.0
1012475,0.0
1177901,0.0
1495339,0.0
1476033,0.0
1055591,0.0
1452758,0.0
1161069,0.0
1186251,0.0
1033877,0.0
1413258,0.0
1211863,0.0
1498754,0.0
1119251,0.0
1305260,0.0
1219991,0.0
1120047,0.0
1488566,0.0
1449824,0.0
1433843,0.0
1061572,0.0
1309177,0.0
1174310,0.0
1450619,0.0
1110276,311.0
1327917,0.0
1028529,0.0
1229877,0.0
1303565,0.0
1094342,0.0
1424443,0.0
1444668,0.0
1484000,0.0
1280618,0.0
1480428,0.0
1455643,0.0
1285656,0.0
1372762,0.0
1432834,0.0
1237460,0.0
1295014,0.0
1244513,0.0
1385541,0.0
1035060,0.0
1121323,0.0
1085830,0.0
1462127,0.0
1295783,0.0
1326454,0.0
1055864,0.0
1234254,0.0
1041769,0.0
1160937,0.0
1342313,0.0
1016474,0.0
1110194,0.0
1251550,0.0
1431845,0.0
1353126,0.0
1056291,0.0
1325664,0.0
1459553,311.0
1254297,0.0
1449312,0.0
1458496,0.0
1378698,0.0
1234170,0.0
1226667,0.0
1397179,0.0
1034705,0.0
1140008,0.0
1158536,0.0
1000316,0.0
1025702,0.0
1260965,0.0
1071743,0.0
1209313,0.0
1339877,0.0
1061709,0.0
1252003,0.0
1254045,0.0
1455149,0.0
1037986,0.0
1243872,0.0
1481039,0.0
1287198,0.0
1467395,0.0
1433692,0.0
1090565,0.0
1048727,0.0
1431670,0.0
1351526,0.0
1468658,0.0
1140102,0.0
1191743,0.0
1021450,0.0
1272459,0.0
1222494,0.0
1207845,0.0
1283850,0.0
1254566,0.0
1065743,0.0
1293087,311.0
1211532,0.0
1336103,0.0
1248026,0.0
1334098,0.0
1354295,311.0
1335974,0.0
1277523,0.0
1178038,0.0
1108132,0.0
1476589,0.0
1095707,0.0
1342490,0.0
1112212,0.0
1251432,0.0
1345064,0.0
1365578,0.0
1430307,0.0
1097311,0.0
1179754,0.0
1093267,0.0
1268084,0.0
1027654,0.0
1304946,0.0
1308505,0.0
1355349,0.0
1151988,0.0
1066688,0.0
1265837,0.0
1451100,0.0
1129429,0.0
1360992,0.0
1092034,0.0
1431359,0.0
1020389,0.0
1495262,311.0
1416203,0.0
1026691,0.0
1038947,0.0
1280856,0.0
1267098,0.0
1063760,311.0
1070558,0.0
1316514,0.0
1246990,0.0
1278694,0.0
1044833,0.0
1082537,0.0
1290623,0.0
1002960,0.0
1097353,0.0
1197924,0.0
1447615,0.0
1073580,0.0
1459132,0.0
1229468,0.0
1436975,0.0
1209334,0.0
1162245,0.0
1128432,0.0
1266348,0.0
1156193,0.0
1058895,0.0
1342347,0.0
1186897,0.0
1093559,0.0
1189431,0.0
1464252,0.0
1378898,0.0
1307236,0.0
1278502,0.0
1210378,0.0
1274934,0.0
1091749,0.0
1381034,0.0
1421914,0.0
1456658,0.0
1137166,0.0
1144564,0.0
1181209,0.0
1134920,0.0
1460464,0.0
1235873,0.0
1104114,0.0
1404886,0.0
1191448,0.0
1270020,0.0
1349855,0.0
1038419,0.0
1372105,0.0
1466539,0.0
1049894,0.0
1165845,0.0
1184351,0.0
1020232,0.0
1176566,0.0
1142567,0.0
1247424,0.0
1331093,0.0
1065120,0.0
1379552,0.0
1373275,0.0
1044528,0.0
1405516,0.0
1480437,0.0
1116430,0.0
1094315,0.0
1115681,0.0
1487577,0.0
1206620,0.0
1006717,0.0
1455478,0.0
1473148,0.0
1108700,0.0
1494266,0.0
1142552,0.0
1119868,0.0
1112572,0.0
1001450,0.0
1035747,0.0
1426081,0.0
1302643,0.0
1091771,0.0
1368796,0.0
1418344,0.0
1213867,0.0
1428614,0.0
1323445,0.0
1400294,0.0
1202102,0.0
1351443,0.0
1469614,0.0
1241717,0.0
1435336,0.0
1129632,0.0
1497604,0.0
1153131,0.0
1165802,0.0
1397430,0.0
1421700,0.0
1199301,0.0
1217162,0.0
1314371,0.0
1438430,0.0
1161906,0.0
1437201,0.0
1105750,0.0
1276479,0.0
1385089,0.0
1363114,0.0
1386434,0.0
1009855,0.0
1456556,0.0
1362834,0.0
1397380,0.0
1148711,0.0
1425133,0.0
1406516,0.0
1410348,0.0
1080589,0.0
1257696,0.0
1197163,0.0
1492896,0.0
1390966,0.0
1300869,0.0
1346062,0.0
1440801,0.0
1457400,0.0
1129511,0.0
1206563,0.0
1463167,0.0
1127290,0.0
1152630,0.0
1319449,0.0
1085416,0.0
1148437,0.0
1021989,0.0
1222373,0.0
1487297,0.0
1464106,0.0
1120848,0.0
1161361,0.0
1385103,0.0
1035520,0.0
1272865,0.0
1115214,0.0
1482473,0.0
1173061,0.0
1160004,0.0
1209168,0.0
1131071,0.0
1437124,0.0
1132303,0.0
1066597,0.0
1204147,0.0
1347735,0.0
1471974,0.0
1006545,0.0
1181713,0.0
1310282,0.0
1403767,0.0
1142620,0.0
1101218,0.0
1064390,0.0
1302997,0.0
1394499,0.0
1220035,0.0
1301610,0.0
1192894,0.0
1086367,0.0
1024610,0.0
1066449,0.0
1014622,311.0
1102434,0.0
1094038,0.0
1024198,0.0
1480962,0.0
1058212,0.0
1034193,0.0
1133734,0.0
1368841,0.0
1307976,0.0
1353818,0.0
1203717,0.0
1261194,0.0
1429330,0.0
1093502,0.0
1396514,0.0
1164080,0.0
1496571,0.0
1456487,0.0
1124122,0.0
1344652,0.0
1045314,0.0
1313065,0.0
1453858,0.0
1391383,0.0
1386732,0.0
1131958,0.0
1411353,0.0
1183217,0.0
1004907,0.0
1370612,0.0
1059227,0.0
1044076,0.0
1461383,0.0
1370497,0.0
1201558,0.0
1009155,0.0
1108733,0.0
1067902,0.0
1182115,0.0
1275446,0.0
1303182,0.0
1347823,0.0
1193439,0.0
1093068,0.0
1313752,0.0
1431000,0.0
1405764,0.0
1167876,0.0
1216873,0.0
1219158,0.0
1140986,0.0
1225887,0.0
1136954,0.0
1072381,0.0
1466210,0.0
1224719,0.0
1275996,0.0
1014424,0.0
1343873,0.0
1215447,0.0
1047563,0.0
1130244,0.0
1144237,0.0
1375781,0.0
1074647,0.0
1266701,0.0
1022706,0.0
1125457,0.0
1291420,0.0
1309030,0.0
1090177,0.0
1027770,0.0
1320976,0.0
1086618,0.0
1426062,0.0
1386393,0.0
1365708,0.0
1296288,0.0
1105095,0.0
1490527,0.0
1290461,0.0
1207023,0.0
1161985,0.0
1091579,0.0
1083415,0.0
1481004,0.0
1210068,0.0
1092395,0.0
1098833,0.0
1276935,0.0
1232445,0.0
1334966,0.0
1170489,0.0
1051286,0.0
1172343,0.0
1063250,0.0
1262276,0.0
1086671,0.0
1403410,0.0
1416327,0.0
1466980,0.0
1209617,0.0
1358442,0.0
1021640,0.0
1458255,0.0
1076401,311.0
1466523,0.0
1009398,0.0
1365750,0.0
1020333,0.0
1302929,0.0
1049098,0.0
1275886,0.0
1377436,0.0
1339401,0.0
1296573,311.0
1382490,0.0
1105475,0.0
1345869,0.0
1246051,0.0
1395793,0.0
1161426,0.0
1169752,0.0
1075712,311.0
1396750,311.0
1369446,0.0
1250772,0.0
1228466,0.0
1363888,0.0
1346906,0.0
1440877,0.0
1284314,0.0
1469441,0.0
1434417,0.0
1137425,0.0
1043915,0.0
1470343,0.0
1348031,0.0
1153756,0.0
1236706,0.0
1140362,0.0
1385981,0.0
1479530,0.0
1117421,0.0
1464250,0.0
1407622,0.0
1036421,0.0
1002959,0.0
1426563,0.0
1247670,0.0
1462768,0.0
1334259,0.0
1454376,0.0
1489795,0.0
1126940,0.0
1067683,0.0
1052663,0.0
1135752,0.0
1027714,0.0
1083688,0.0
1118433,0.0
1393099,0.0
1009083,0.0
1218541,0.0
1238031,0.0
1105141,0.0
1098287,0.0
1299929,0.0
1192747,0.0
1353255,0.0
1370526,0.0
1034948,0.0
1443790,0.0
1258783,0.0
1266289,0.0
1371943,0.0
1134369,0.0
1439573,0.0
1162693,0.0
1337595,0.0
1476185,0.0
1277210,0.0
1353948,0.0
1481232,0.0
1489354,0.0
1015807,0.0
1430066,0.0
1456342,0.0
1113435,0.0
1427628,0.0
1200050,0.0
1406961,0.0
1042014,0.0
1378115,0.0
1080704,0.0
1427400,0.0
1183169,0.0
1337149,311.0
1147099,0.0
1082994,311.0
1438733,0.0
1105548,0.0
1115545,0.0
1331116,0.0
1146566,0.0
1211395,0.0
1499922,0.0
1491288,0.0
1417275,0.0
1248994,0.0
1258709,0.0
1394819,0.0
1135533,0.0
1051730,0.0
1165520,0.0
1197088,0.0
1465199,0.0
1401826,0.0
1392220,0.0
1021878,0.0
1400369,0.0
1021693,0.0
1483559,0.0
1475544,0.0
1300625,0.0
1197565,0.0
1355784,0.0
1111727,0.0
1376997,0.0
1244359,0.0
1373136,0.0
1083651,0.0
1410171,0.0
1327045,0.0
1343053,0.0
1499459,0.0
1381205,0.0
1308369,0.0
1236789,0.0
1322057,0.0
1402380,0.0
1495133,0.0
1135723,0.0
1177453,0.0
1237932,0.0
1265825,0.0
1407678,0.0
1166219,0.0
1472113,0.0
1149680,0.0
1280831,0.0
1099376,0.0
1310205,0.0
1100532,0.0
1232899,0.0
1231600,0.0
1116674,0.0
1422960,0.0
1050205,0.0
1416864,0.0
1337366,0.0
1125197,0.0
1086371,0.0
1341997,0.0
1032394,0.0
1447457,0.0
1243007,0.0
1303301,0.0
1106702,0.0
1385548,0.0
1216801,0.0
1313139,0.0
1230530,0.0
1229440,0.0
1173475,0.0
1361085,0.0
1012153,0.0
1010245,0.0
1425334,0.0
1009825,0.0
1271945,0.0
1084568,0.0
1021535,0.0
1011457,311.0
1429661,0.0
1429395,0.0
1391550,0.0
1476176,0.0
1346514,0.0
1257642,0.0
1437428,0.0
1093473,0.0
1321968,0.0
1262804,0.0
1226903,0.0
1280458,0.0
1232919,0.0
1017140,0.0
1322867,0.0
1196131,0.0
1141874,0.0
1377332,0.0
1377521,0.0
1292453,0.0
1056097,0.0
1271999,0.0
1036445,0.0
1469373,0.0
1339817,0.0
1210375,0.0
1041090,0.0
1299861,0.0
1439928,0.0
1174553,0.0
1084641,0.0
1172007,0.0
1276111,0.0
1222758,0.0
1123142,0.0
1200813,0.0
1058764,0.0
1105638,0.0
1386900,0.0
1090223,0.0
1168500,0.0
1478388,311.0
1018488,311.0
1365428,0.0
1354563,0.0
1074154,0.0
1012293,0.0
1317898,0.0
1326234,0.0
1231970,0.0
1462420,0.0
1356535,0.0
1282500,0.0
1234238,0.0
1287568,0.0
1336390,0.0
1416376,0.0
1412072,0.0
1157631,0.0
1460512,0.0
1238865,0.0
1077300,0.0
1247292,0.0
1015227,0.0
1029269,0.0
1074211,0.0
1069951,0.0
1455666,0.0
1369533,0.0
1221494,0.0
1030934,0.0
1454801,0.0
1055201,0.0
1228440,0.0
1448901,0.0
1180107,0.0
1461549,0.0
1232809,0.0
1356402,0.0
1258158,0.0
1420628,311.0
1059120,0.0
1478189,0.0
1363426,0.0
1071794,311.0
1455436,0.0
1214569,0.0
1463916,0.0
1305060,0.0
1233157,0.0
1042434,0.0
1185694,0.0
1293729,0.0
1136776,0.0
1413517,0.0
1259598,0.0
1436258,0.0
1382915,0.0
1378089,0.0
1020754,0.0
1311330,0.0
1347849,0.0
1223036,0.0
1443948,0.0
1031537,0.0
1241557,0.0
1080727,0.0
1304133,0.0
1376166,0.0
1040003,0.0
1169082,0.0
1186723,0.0
1038950,0.0
1004288,0.0
1307572,0.0
1286873,0.0
1141389,0.0
1031169,0.0
1182172,0.0
1025645,0.0
1109353,0.0
1310175,0.0
1241604,0.0
1149972,0.0
1119709,0.0
1016210,0.0
1143861,0.0
1448070,0.0
1180256,0.0
1028658,0.0
1385596,0.0
1224224,0.0
1321495,0.0
1044081,0.0
1262088,0.0
1165396,0.0
1030700,0.0
1260150,0.0
1443457,0.0
1249975,0.0
1325306,0.0
1032733,0.0
1307045,0.0
1478238,0.0
1403904,0.0
1159996,0.0
1393212,0.0
1144115,0.0
1231616,0.0
1175049,0.0
1073731,0.0
1133318,0.0
1025446,0.0
1029180,0.0
1072871,0.0
1019252,0.0
1231475,0.0
1251909,0.0
1259666,0.0
1347514,0.0
1421537,0.0
1490547,0.0
1031512,0.0
1201497,0.0
1358702,0.0
1294819,0.0
1252270,0.0
1404874,0.0
1052619,0.0
1415070,0.0
1131404,0.0
1114748,0.0
1478278,0.0
1385580,0.0
1053602,0.0
1373446,0.0
1254188,0.0
1064722,0.0
1017611,0.0
1478736,0.0
1319448,0.0
1068050,0.0
1168512,0.0
1225854,0.0
1281168,0.0
1090747,0.0
1334066,0.0
1109736,0.0
1444828,0.0
1370445,0.0
1434316,0.0
1158124,0.0
1149325,0.0
1125965,0.0
1084734,0.0
1149415,0.0
1209328,0.0
1163249,0.0
1380450,0.0
1053981,0.0
1414115,0.0
1026120,0.0
1096794,0.0
1146050,0.0
1331189,0.0
1382755,0.0
1041188,0.0
1184878,0.0
1480216,0.0
1397576,0.0
1048682,0.0
1233664,0.0
1016670,0.0
1178070,0.0
1278946,0.0
1166260,0.0
1046348,0.0
1335428,0.0
1293935,0.0
1287888,0.0
1359856,0.0
1020415,0.0
1082289,0.0
1099898,0.0
1358318,0.0
1086585,0.0
1111735,0.0
1358085,0.0
1238125,0.0
1035424,0.0
1356727,0.0
1329534,0.0
1099878,0.0
1268385,0.0
1209282,0.0
1245282,0.0
1288831,0.0
1425235,0.0
1383338,0.0
1217413,0.0
1476508,0.0
1391751,0.0
1331642,0.0
1031204,0.0
1466616,0.0
1079710,0.0
1264375,0.0
1042616,0.0
1240964,0.0
1160082,0.0
1039277,0.0
1353139,0.0
1333671,0.0
1290071,0.0
1403753,0.0
1243092,0.0
1280359,0.0
1087974,311.0
1239630,0.0
1234605,0.0
1340890,0.0
1163887,0.0
1426026,0.0
1427154,0.0
1044017,0.0
1279847,0.0
1456120,0.0
1253370,0.0
1278810,0.0
1117394,0.0
1012670,0.0
1025188,0.0
1332233,0.0
1323407,0.0
1034869,0.0
1376226,0.0
1309756,0.0
1303248,0.0
1298371,0.0
1228447,0.0
1392600,0.0
1210989,0.0
1224929,0.0
1006863,0.0
1046576,0.0
1131373,0.0
1099601,0.0
1165145,0.0
1243449,0.0
1272532,0.0
1038824,0.0
1274071,0.0
1035671,0.0
1143118,311.0
1284066,311.0
1346299,311.0
1019250,0.0
1148436,0.0
1002446,0.0
1367571,0.0
1430226,0.0
1459893,0.0
1435663,0.0
1145434,0.0
1165874,0.0
1480615,0.0
1465173,0.0
1377131,0.0
1499074,0.0
1458855,0.0
1264284,0.0
1380981,0.0
1408379,0.0
1355328,0.0
1046966,0.0
1406927,0.0
1049031,0.0
1404257,0.0
1355175,0.0
1107709,0.0
1449044,0.0
1347707,0.0
1121174,0.0
1117633,0.0
1242523,0.0
1415856,0.0
1449012,0.0
1027293,0.0
1409385,0.0
1302226,0.0
1454173,0.0
1055319,0.0
1104911,0.0
1073327,0.0
1247615,0.0
1081843,0.0
1085992,0.0
1114342,0.0
1181597,0.0
1109296,0.0
1275019,0.0
1414111,0.0
1410252,0.0
1023485,0.0
1008417,0.0
1228962,0.0
1255627,0.0
1228545,0.0
1291262,0.0
1122503,0.0
1456341,0.0
1075103,0.0
1194241,0.0
1447660,0.0
1384680,0.0
1073552,0.0
1004768,0.0
1143648,0.0
1187892,0.0
1107358,0.0
1156352,0.0
1133290,0.0
1341616,0.0
1415018,0.0
1267108,0.0
1360251,0.0
1044036,0.0
1231149,0.0
1030937,0.0
1436012,0.0
1092893,0.0
1026836,0.0
1311633,0.0
1026271,0.0
1367333,0.0
1087697,0.0
1402406,0.0
1007970,0.0
1110234,0.0
1042031,0.0
1354819,0.0
1088259,0.0
1085852,0.0
1468989,0.0
1403733,0.0
1344775,311.0
1442285,0.0
1250784,0.0
1408134,0.0
1323039,0.0
1066138,0.0
1256418,0.0
1077102,0.0
1061292,0.0
1077010,0.0
1477799,0.0
1146321,0.0
1086118,0.0
1329979,0.0
1108620,0.0
1314338,0.0
1277718,0.0
1020303,311.0
1376133,0.0
1451917,0.0
1037515,0.0
1095876,311.0
1484068,0.0
1418055,0.0
1189836,0.0
1196248,0.0
1064741,0.0
1476995,0.0
1489210,0.0
1105338,0.0
1209310,0.0
1193672,0.0
1015109,0.0
1451337,0.0
1070810,0.0
1252731,0.0
1337324,0.0
1464476,0.0
1325073,0.0
1476644,0.0
1471167,0.0
1177828,0.0
1012132,0.0
1457332,0.0
1420723,0.0
1379716,0.0
1461586,311.0
1014910,0.0
1062544,0.0
1228539,0.0
1315305,0.0
1171787,0.0
1320329,0.0
1378417,0.0
1352952,0.0
1422386,0.0
1203825,0.0
1498811,0.0
1389677,0.0
1458614,0.0
1394090,0.0
1074370,0.0
1258772,0.0
1207443,0.0
1135503,0.0
1417871,0.0
1190598,0.0
1397164,0.0
1184400,0.0
1002018,0.0
1382148,0.0
1381389,0.0
1487211,0.0
1007065,0.0
1339580,0.0
1409201,0.0
1472746,0.0
1102375,0.0
1473267,0.0
1048698,0.0
1379561,0.0
1301623,0.0
1014278,0.0
1330464,0.0
1342395,0.0
1375806,0.0
1096741,0.0
1041615,0.0
1342423,0.0
1059627,0.0
1409682,0.0
1059549,0.0
1210915,0.0
1450042,0.0
1210149,0.0
1179255,0.0
1101161,311.0
1268053,0.0
1352488,0.0
1221355,0.0
1067239,0.0
1111111,0.0
1313652,0.0
1480871,0.0
1422291,0.0
1179933,0.0
1274357,0.0
1298823,0.0
1046935,0.0
1016063,0.0
1455416,0.0
1313904,0.0
1428093,0.0
1198610,0.0
1157707,0.0
1189918,0.0
1174307,0.0
1000187,0.0
1342306,0.0
1318282,0.0
1270201,0.0
1280808,0.0
1150862,0.0
1021413,0.0
1094162,0.0
1118654,0.0
1429684,0.0
1190688,0.0
1426016,0.0
1009331,0.0
1404482,0.0
1320186,0.0
1485305,0.0
1320053,0.0
1276724,0.0
1216781,0.0
1403279,0.0
1269402,0.0
1367021,0.0
1371505,0.0
1330348,0.0
1103851,0.0
1077092,0.0
1339617,0.0
1110478,0.0
1228645,0.0
1170029,0.0
1192549,0.0
1176563,0.0
1413110,0.0
1435293,0.0
1113104,0.0
1029982,0.0
1387250,0.0
1188932,0.0
1067502,0.0
1372355,0.0
1010398,0.0
1002774,0.0
1300715,0.0
1034963,0.0
1450299,0.0
1101152,0.0
1225707,0.0
1280976,0.0
1272924,0.0
1157862,0.0
1308727,0.0
1396355,0.0
1319853,0.0
1025693,0.0
1174284,0.0
1127315,0.0
1365949,0.0
1217224,0.0
1380028,0.0
1171896,0.0
1232711,0.0
1101191,0.0
1261322,0.0
1015454,0.0
1496729,0.0
1388842,0.0
1241413,0.0
1427406,0.0
1221106,0.0
1140020,0.0
1229693,0.0
1251379,0.0
1376260,0.0
1156319,0.0
1228144,0.0
1014899,0.0
1431873,0.0
1020355,0.0
1430423,0.0
1457210,0.0
1406481,0.0
1220988,0.0
1290134,0.0
1415673,0.0
1263946,0.0
1157662,0.0
1342442,0.0
1372892,0.0
1444251,0.0
1084196,0.0
1336601,0.0
1046867,0.0
1101521,0.0
1236459,0.0
1145992,0.0
1338064,0.0
1050100,0.0
1220899,0.0
1498515,0.0
1056902,311.0
1377760,0.0
1267745,0.0
1132536,0.0
1362590,0.0
1069068,0.0
1021121,0.0
1487401,0.0
1084470,0.0
1295002,0.0
1445770,0.0
1102502,311.0
1084519,0.0
1263659,0.0
1279234,0.0
1460038,0.0
1449879,0.0
1352135,0.0
1210368,0.0
1331126,0.0
1112151,0.0
1441960,0.0
1145346,0.0
1258825,0.0
1207668,0.0
1383149,0.0
1343838,0.0
1439672,0.0
1184574,0.0
1023277,0.0
1248368,0.0
1227706,0.0
1479882,0.0
1337785,0.0
1004906,0.0
1174598,0.0
1051295,0.0
1017785,0.0
1310192,0.0
1028507,0.0
1373044,0.0
1304053,0.0
1448738,0.0
1071840,0.0
1313954,311.0
1309908,0.0
1342142,0.0
1473460,0.0
1370089,0.0
1004343,0.0
1222106,0.0
1002928,0.0
1058873,0.0
1044864,0.0
1486442,0.0
1425021,0.0
1008397,0.0
1391911,0.0
1182013,0.0
1165663,0.0
1223006,0.0
1206804,0.0
1027745,0.0
1314357,0.0
1288466,0.0
1358293,0.0
1489205,0.0
1133029,0.0
1341287,0.0
1015315,0.0
1218770,0.0
1011342,0.0
1386993,0.0
1207436,0.0
1188771,0.0
1205146,0.0
1154191,0.0
1138460,0.0
1039828,0.0
1255252,0.0
1481540,0.0
1211453,0.0
1431576,0.0
1335487,311.0
1214871,0.0
1014275,0.0
1298741,0.0
1404202,0.0
1338188,0.0
1280709,0.0
1165109,0.0
1476298,0.0
1199618,0.0
1285808,0.0
1011785,0.0
1387575,0.0
1038249,0.0
1011495,0.0
1295212,0.0
1336050,0.0
1428648,0.0
1194854,0.0
1474301,0.0
1095188,0.0
1140825,0.0
1012491,0.0
1497644,0.0
1151991,0.0
1315803,0.0
1233071,0.0
1435116,0.0
1266694,0.0
1418807,0.0
1067946,0.0
1315882,0.0
1244420,0.0
1239651,0.0
1139412,0.0
1086494,0.0
1454318,0.0
1451628,0.0
1425203,0.0
1035969,0.0
1378876,0.0
1219684,0.0
1036703,0.0
1254847,0.0
1367168,0.0
1472953,0.0
1245301,0.0
1447359,0.0
1068290,0.0
1028432,0.0
1293894,0.0
1319514,0.0
1421014,0.0
1043326,0.0
1115177,0.0
1492822,0.0
1432265,0.0
1231740,0.0
1099596,0.0
1159070,0.0
1162208,0.0
1496945,0.0
1118760,0.0
1003526,0.0
1416907,0.0
1297011,0.0
1428408,0.0
1410693,0.0
1200410,0.0
1012549,0.0
1232566,0.0
1376393,0.0
1376744,0.0
1097535,0.0
1408804,0.0
1057605,0.0
1463699,0.0
1115966,0.0
1381909,0.0
1347530,0.0
1081570,0.0
1073718,0.0
1258520,0.0
1244035,0.0
1199619,0.0
1181360,0.0
1438920,0.0
1245281,0.0
1043910,0.0
1264747,0.0
1046474,0.0
1138104,0.0
1493956,0.0
1311461,0.0
1418312,0.0
1321027,0.0
1281767,0.0
1431943,0.0
1337912,0.0
1212536,0.0
1499629,0.0
1183617,0.0
1023943,0.0
1374112,0.0
1401086,0.0
1112152,0.0
1078963,0.0
1440398,0.0
1345916,0.0
1059854,0.0
1191834,0.0
1444602,0.0
1353033,0.0
1480966,0.0
1271162,0.0
1022214,0.0
1322521,0.0
1451871,0.0
1216122,0.0
1370092,0.0
1419779,0.0
1217665,0.0
1450493,0.0
1172413,0.0
1428154,0.0
1402384,0.0
1376519,0.0
1304828,0.0
1050874,0.0
1191531,0.0
1334827,0.0
1074290,0.0
1399635,0.0
1437531,0.0
1447746,0.0
1286648,0.0
1471256,0.0
1111125,0.0
1280472,0.0
1405202,0.0
1412855,0.0
1255011,0.0
1444429,0.0
1431689,0.0
1057013,0.0
1062879,0.0
1475701,0.0
1283397,0.0
1379872,0.0
1270313,0.0
1468982,0.0
1480847,0.0
1445130,0.0
1122641,0.0
1039587,0.0
1343012,0.0
1077222,0.0
1274961,0.0
1175881,0.0
1365452,0.0
1369894,0.0
1340262,0.0
1016428,0.0
1462301,0.0
1488572,0.0
1347909,0.0
1085203,0.0
1052223,0.0
1222718,0.0
1253183,0.0
1210461,0.0
1449409,0.0
1229870,0.0
1238139,0.0
1112819,0.0
1498591,0.0
1412257,0.0
1443612,0.0
1143336,0.0
1022823,0.0
1237795,0.0
1400097,0.0
1118613,0.0
1425005,0.0
1010680,0.0
1136512,0.0
1321775,0.0
1439583,0.0
1150078,0.0
1238367,0.0
1052769,0.0
1060114,0.0
1265100,0.0
1307344,0.0
1455678,0.0
1344579,0.0
1011086,0.0
1028198,0.0
1064176,0.0
1219223,0.0
1182935,0.0
1323652,0.0
1021705,0.0
1166342,0.0
1041932,0.0
1278141,0.0
1083324,0.0
1128618,0.0
1012488,0.0
1166709,0.0
1145228,0.0
1120213,0.0
1220509,0.0
1268931,0.0
1469555,311.0
1074239,0.0
1222461,0.0
1408874,0.0
1142667,0.0
1006214,0.0
1052051,0.0
1398603,0.0
1335959,0.0
1458865,0.0
1026960,0.0
1179700,0.0
1162651,0.0
1427076,0.0
1119155,0.0
1379147,0.0
1017987,0.0
1289441,0.0
1137331,0.0
1214021,0.0
1174671,0.0
1461201,0.0
1398303,0.0
1367089,0.0
1256674,0.0
1199333,0.0
1254323,0.0
1438074,0.0
1344297,0.0
1185356,0.0
1480365,0.0
1234957,0.0
1215113,0.0
1025390,0.0
1049389,0.0
1008860,311.0
1016268,311.0
1342540,0.0
1217742,311.0
1310874,0.0
1061134,0.0
1234303,0.0
1059861,311.0
1133468,0.0
1097908,0.0
1060435,0.0
1067572,0.0
1399894,0.0
1251454,0.0
1451676,0.0
1482243,0.0
1044549,0.0
1452199,0.0
1144351,0.0
1161571,0.0
1245748,0.0
1038351,0.0
1438548,0.0
1038899,0.0
1257054,0.0
1234568,0.0
1068382,0.0
1179351,0.0
1466438,0.0
1035017,0.0
1130037,0.0
1140942,0.0
1296093,0.0
1284992,0.0
1479107,0.0
1310017,0.0
1235880,0.0
1170505,0.0
1303906,0.0
1450217,0.0
1474709,0.0
1319063,0.0
1113253,0.0
1415791,0.0
1184610,0.0
1349187,0.0
1275358,0.0
1098663,0.0
1220959,0.0
1027500,0.0
1479989,0.0
1485800,0.0
1166204,0.0
1321628,0.0
1382323,0.0
1445659,0.0
1363337,0.0
1343554,0.0
1396212,0.0
1261211,0.0
1197475,0.0
1014814,0.0
1058775,0.0
1328757,0.0
1140301,0.0
1282209,0.0
1146752,0.0
1442651,0.0
1456596,0.0
1144878,0.0
1272485,0.0
1185809,0.0
1157763,0.0
1116511,0.0
1209870,0.0
1113723,0.0
1099468,0.0
1336292,0.0
1156318,0.0
1029010,0.0
1439153,0.0
1314559,0.0
1220168,0.0
1022520,0.0
1187105,0.0
1426235,0.0
1337721,0.0
1154373,0.0
1110111,0.0
1476894,0.0
1033712,311.0
1287693,0.0
1133560,0.0
1454309,0.0
1078557,0.0
1288182,0.0
1382330,0.0
1065959,0.0
1037450,0.0
1476614,0.0
1393195,0.0
1377502,0.0
1038259,0.0
1060062,0.0
1070288,0.0
1114802,0.0
1436867,0.0
1379819,0.0
1009706,0.0
1368507,0.0
1101879,0.0
1102835,0.0
1486989,0.0
1368489,0.0
1017840,0.0
1348427,0.0
1124985,0.0
1392976,0.0
1306068,0.0
1015283,0.0
1303490,0.0
1220929,0.0
1095880,0.0
1243385,0.0
1397343,0.0
1237369,0.0
1090286,0.0
1138081,0.0
1449096,0.0
1203267,0.0
1366456,0.0
1494238,0.0
1029262,0.0
1496731,0.0
1284339,0.0
1423953,0.0
1024722,0.0
1481106,0.0
1421779,0.0
1352223,0.0
1393402,0.0
1433357,0.0
1266900,0.0
1489761,0.0
1261209,0.0
1361332,0.0
1189301,0.0
1151371,0.0
1354092,0.0
1454122,0.0
1393161,0.0
1060096,0.0
1392558,0.0
1001732,0.0
1197558,0.0
1278126,0.0
1058809,0.0
1186000,0.0
1103916,0.0
1427474,0.0
1140198,0.0
1000259,0.0
1244589,0.0
1181187,0.0
1410710,0.0
1213578,0.0
1394387,0.0
1109580,0.0
1191686,0.0
1165523,0.0
1018734,0.0
1384724,0.0
1343596,0.0
1260186,0.0
1304941,0.0
1099076,0.0
1319873,0.0
1152002,311.0
1358467,0.0
1410651,0.0
1110968,0.0
1288751,0.0
1027386,0.0
1282178,0.0
1170610,0.0
1319455,0.0
1365356,0.0
1496220,0.0
1478163,0.0
1223865,0.0
1123698,0.0
1176259,0.0
1225808,0.0
1154154,0.0
1131039,0.0
1166112,0.0
1320612,0.0
1189106,0.0
1085459,0.0
1376960,0.0
1142743,0.0
1180975,0.0
1325950,0.0
1490788,0.0
1140043,0.0
1332302,0.0
1096751,0.0
1194289,0.0
1393706,0.0
1165972,0.0
1009271,0.0
1061618,0.0
1384048,0.0
1362799,0.0
1294741,0.0
1086077,0.0
1311575,0.0
1145973,0.0
1395057,0.0
1313483,0.0
1067885,0.0
1409690,0.0
1115066,0.0
1479423,0.0
1412869,0.0
1224761,0.0
1412050,0.0
1499647,0.0
1283680,0.0
1215485,0.0
1357170,0.0
1278322,0.0
1401883,0.0
1248961,0.0
1236313,0.0
1175091,0.0
1055999,0.0
1127793,0.0
1029950,0.0
1302076,0.0
1365136,0.0
1414357,0.0
1237820,0.0
1432803,0.0
1284324,0.0
1170956,0.0
1276537,0.0
1384893,0.0
1117763,0.0
1208718,0.0
1027462,0.0
1018552,0.0
1046677,0.0
1363181,0.0
1349629,0.0
1394082,0.0
1106562,0.0
1455589,0.0
1287051,0.0
1314839,0.0
1166553,0.0
1084654,0.0
1020212,0.0
1412950,0.0
1276636,0.0
1468217,0.0
1174079,0.0
1313487,0.0
1488686,311.0
1094443,0.0
1350187,0.0
1236784,0.0
1473799,311.0
1158244,0.0
1134075,0.0
1268433,0.0
1040229,0.0
1459297,0.0
1133119,311.0
1171397,0.0
1456419,0.0
1019974,0.0
1087561,0.0
1212269,0.0
1101704,0.0
1202252,0.0
1039269,0.0
1077204,0.0
1281620,0.0
1248159,0.0
1259615,0.0
1368165,0.0
1044893,0.0
1479002,0.0
1169109,0.0
1416683,0.0
1152295,0.0
1497570,0.0
1051717,0.0
1360988,0.0
1033512,0.0
1070940,0.0
1387675,0.0
1280308,0.0
1312899,0.0
1030517,0.0
1230721,0.0
1379341,0.0
1310857,0.0
1145669,0.0
1448045,0.0
1399880,0.0
1277874,0.0
1175687,0.0
1271245,0.0
1431405,0.0
1013079,0.0
1022695,0.0
1053367,0.0
1133154,0.0
1486084,0.0
1259677,0.0
1284400,0.0
1459875,0.0
1436130,0.0
1119175,0.0
1054274,0.0
1362180,0.0
1006812,0.0
1197105,0.0
1407386,0.0
1436480,0.0
1449481,0.0
1199727,0.0
1387510,0.0
1010322,0.0
1114835,0.0
1315294,0.0
1347977,0.0
1020443,0.0
1073586,0.0
1252414,0.0
1256432,0.0
1483205,0.0
1119877,0.0
1113981,0.0
1135082,0.0
1488789,0.0
1147171,0.0
1402916,0.0
1292161,0.0
1242985,0.0
1321783,0.0
1241472,0.0
1251058,0.0
1450588,0.0
1409084,0.0
1228425,0.0
1465746,0.0
1387365,0.0
1259885,311.0
1314218,0.0
1499434,0.0
1205825,0.0
1201097,0.0
1215049,0.0
1414563,0.0
1371908,0.0
1171282,0.0
1227184,0.0
1197503,0.0
1239490,0.0
1097524,311.0
1461607,0.0
1365702,0.0
1012906,0.0
1012078,0.0
1389080,0.0
1032631,0.0
1489207,0.0
1337131,0.0
1029910,0.0
1430031,0.0
1283025,0.0
1165027,0.0
1440018,0.0
1158456,0.0
1285597,0.0
1316448,0.0
1061646,0.0
1031293,0.0
1488101,0.0
1073802,0.0
1361654,0.0
1272308,0.0
1485680,0.0
1005877,311.0
1451554,311.0
1159245,0.0
1444521,0.0
1469869,0.0
1225464,0.0
1407934,0.0
1305028,0.0
1042129,0.0
1034545,0.0
1413444,0.0
1066882,0.0
1152169,0.0
1307675,0.0
1488555,0.0
1059414,0.0
1189218,0.0
1320171,0.0
1146016,0.0
1136398,0.0
1059505,0.0
1293366,0.0
1182802,0.0
1253115,311.0
1159178,0.0
1446058,0.0
1064794,0.0
1141553,311.0
1006695,0.0
1272585,0.0
1070762,0.0
1106209,0.0
1102625,0.0
1460117,0.0
1168450,0.0
1174472,0.0
1091126,0.0
1327692,0.0
1369944,0.0
1076195,0.0
1230370,0.0
1219857,0.0
1392774,0.0
1490074,0.0
1142707,0.0
1256335,0.0
1022752,0.0
1199404,0.0
1089782,0.0
1012275,0.0
1108032,0.0
1376737,0.0
1095976,0.0
1459794,0.0
1336320,0.0
1141097,0.0
1173016,0.0
1062590,0.0
1494011,0.0
1290319,0.0
1255521,0.0
1323579,0.0
1118887,0.0
1020945,0.0
1208235,0.0
1241695,0.0
1001480,0.0
1179178,0.0
1356902,0.0
1108487,0.0
1123371,0.0
1115630,0.0
1494723,0.0
1276791,0.0
1264964,0.0
1339935,0.0
1142372,0.0
1456131,0.0
1376618,0.0
1460120,0.0
1180767,0.0
1298827,0.0
1373829,0.0
1289790,0.0
1000845,0.0
1175552,0.0
1034495,0.0
1095641,0.0
1116171,0.0
1045651,0.0
1494879,0.0
1340094,0.0
1380047,0.0
1451824,0.0
1118019,0.0
1319044,0.0
1083302,0.0
1006498,0.0
1044635,0.0
1191040,0.0
1046701,0.0
1271141,0.0
1064573,0.0
1221491,0.0
1296974,0.0
1047082,0.0
1123740,0.0
1166878,0.0
1261158,0.0
1372710,0.0
1414865,0.0
1343421,0.0
1339455,0.0
1284344,0.0
1331011,0.0
1316044,0.0
1417012,0.0
1335062,0.0
1479042,0.0
1281399,0.0
1445942,0.0
1426027,0.0
1103454,0.0
1354917,0.0
1181945,0.0
1068392,0.0
1094413,0.0
1133590,0.0
1198539,0.0
1228516,0.0
1470418,0.0
1282233,0.0
1119341,0.0
1350163,0.0
1446868,0.0
1117788,0.0
1084785,0.0
1027170,0.0
1256383,0.0
1111687,0.0
1161810,0.0
1108175,311.0
1291832,311.0
1363596,0.0
1344083,0.0
1165848,0.0
1167386,0.0
1488976,0.0
1110700,0.0
1180580,0.0
1032181,0.0
1297855,311.0
1273681,0.0
1013479,0.0
1195397,0.0
1238309,0.0
1170347,0.0
1253863,311.0
1497076,0.0
1399955,0.0
1345131,0.0
1193006,0.0
1130482,0.0
1346635,0.0
1386232,0.0
1324076,0.0
1238197,0.0
1226958,0.0
1167651,0.0
1377265,0.0
1093956,0.0
1186891,0.0
1329524,0.0
1166094,0.0
1157852,0.0
1393643,0.0
1040223,0.0
1132197,0.0
1318938,0.0
1031516,0.0
1021553,0.0
1099673,0.0
1404951,0.0
1293997,0.0
1008418,0.0
1343984,0.0
1055151,0.0
1182352,311.0
1478005,0.0
1425808,0.0
1247373,0.0
1478214,311.0
1370534,0.0
1373810,0.0
1471246,0.0
1181627,0.0
1324824,0.0
1230085,0.0
1338642,0.0
1490842,0.0
1235778,0.0
1265348,0.0
1140817,0.0
1151804,0.0
1294014,0.0
1100330,0.0
1483740,0.0
1498209,0.0
1188956,0.0
1299376,0.0
1410308,0.0
1166161,0.0
1116043,0.0
1424215,0.0
1495417,0.0
1404092,0.0
1039123,0.0
1111277,0.0
1139068,0.0
1086312,0.0
1259287,0.0
1463066,0.0
1065535,0.0
1156579,0.0
1379605,0.0
1486944,0.0
1173657,0.0
1180510,0.0
1044288,0.0
1004602,0.0
1298548,0.0
1227429,0.0
1017637,0.0
1374626,0.0
1176686,0.0
1259881,0.0
1374717,0.0
1286552,0.0
1143236,0.0
1169118,0.0
1035523,0.0
1153354,0.0
1353572,0.0
1401750,0.0
1379838,0.0
1364501,0.0
1272770,0.0
1136753,0.0
1445380,0.0
1074980,0.0
1018768,0.0
1425189,0.0
1410687,0.0
1311666,0.0
1196160,0.0
1180246,0.0
1445424,0.0
1140293,0.0
1459707,0.0
1340917,0.0
1129751,0.0
1040828,0.0
1269429,0.0
1296440,0.0
1156987,0.0
1084536,0.0
1011499,0.0
1331936,0.0
1478284,0.0
1193669,0.0
1314601,0.0
1180813,0.0
1325430,0.0
1025820,0.0
1417343,0.0
1480159,0.0
1184839,0.0
1030600,0.0
1497263,0.0
1315618,0.0
1300190,0.0
1485473,0.0
1466699,0.0
1060841,0.0
1153088,0.0
1156794,0.0
1354571,0.0
1306540,0.0
1126286,0.0
1272724,0.0
1250749,0.0
1491136,0.0
1223675,0.0
1461596,0.0
1323173,311.0
1170114,0.0
1486353,0.0
1082713,0.0
1368359,0.0
1071832,0.0
1315271,0.0
1350903,0.0
1282712,0.0
1035677,0.0
1214037,0.0
1363943,0.0
1283246,0.0
1064678,0.0
1494499,0.0
1176996,0.0
1354566,0.0
1264805,0.0
1149490,0.0
1052724,0.0
1190650,0.0
1128180,0.0
1056054,0.0
1464990,0.0
1209341,0.0
1443512,0.0
1386679,0.0
1455226,0.0
1036582,0.0
1104071,0.0
1296384,0.0
1010965,0.0
1076152,0.0
1022987,0.0
1438853,0.0
1266241,0.0
1327869,0.0
1245685,0.0
1067176,0.0
1078061,0.0
1184457,0.0
1432490,0.0
1211091,0.0
1011810,0.0
1223589,0.0
1382200,0.0
1281621,0.0
1200055,0.0
1135854,0.0
1152426,0.0
1457016,0.0
1169619,0.0
1009972,0.0
1044613,0.0
1486088,0.0
1160493,0.0
1266884,0.0
1490414,0.0
1435013,0.0
1182337,0.0
1367579,0.0
1368544,0.0
1143009,0.0
1241406,0.0
1170745,0.0
1103739,311.0
1210148,311.0
1270934,0.0
1162454,0.0
1254800,0.0
1127680,0.0
1036573,0.0
1041890,0.0
1286252,0.0
1053706,0.0
1042536,0.0
1148882,0.0
1002965,0.0
1201957,0.0
1253859,0.0
1022589,0.0
1303470,0.0
1046575,0.0
1488705,0.0
1035904,0.0
1442346,0.0
1153982,0.0
1036998,0.0
1278095,0.0
1411809,0.0
1020805,0.0
1328836,0.0
1181173,0.0
1025274,0.0
1470656,0.0
1164774,0.0
1380580,0.0
1326021,0.0
1413176,0.0
1301867,0.0
1386255,0.0
1234828,0.0
1159403,0.0
1468811,0.0
1053458,0.0
1171409,0.0
1464535,0.0
1069545,0.0
1454545,0.0
1306570,0.0
1049976,0.0
1153957,0.0
1303057,0.0
1348621,0.0
1055667,0.0
1058365,0.0
1243932,0.0
1239395,0.0
1161696,0.0
1474139,0.0
1345464,0.0
1278245,0.0
1400537,0.0
1129714,0.0
1015578,0.0
1068792,0.0
1293285,0.0
1060968,0.0
1239108,0.0
1470601,0.0
1149110,0.0
1129712,0.0
1112770,0.0
1292616,0.0
1121022,0.0
1456174,0.0
1335302,0.0
1214165,0.0
1293785,0.0
1122416,0.0
1076876,0.0
1299844,0.0
1042610,0.0
1362527,0.0
1389759,0.0
1320070,0.0
1218228,0.0
1226340,0.0
1072910,0.0
1148925,0.0
1037381,0.0
1410707,0.0
1218504,0.0
1311896,0.0
1112551,0.0
1420579,0.0
1286918,0.0
1449835,0.0
1400554,0.0
1081878,0.0
1390925,0.0
1329042,0.0
1416439,0.0
1421839,0.0
1007921,0.0
1004209,0.0
1328949,0.0
1170392,0.0
1004884,0.0
1173989,0.0
1230794,0.0
1226492,0.0
1390275,0.0
1153201,0.0
1387153,0.0
1213176,0.0
1194770,0.0
1371064,0.0
1058889,0.0
1491239,0.0
1390565,0.0
1067430,0.0
1415266,0.0
1133144,0.0
1498026,0.0
1449527,0.0
1225608,0.0
1117216,0.0
1376447,0.0
1365100,0.0
1472642,0.0
1084459,0.0
1257730,0.0
1081562,0.0
1365891,0.0
1090421,0.0
1400908,0.0
1322295,0.0
1217120,0.0
1151282,0.0
1236742,0.0
1012208,0.0
1341806,0.0
1030268,0.0
1020768,0.0
1349171,0.0
1197199,0.0
1499865,0.0
1182041,0.0
1155018,0.0
1371818,0.0
1489037,0.0
1498376,0.0
1083050,0.0
1472579,0.0
1061995,0.0
1191159,0.0
1498310,0.0
1036698,0.0
1475006,0.0
1384202,0.0
1490265,0.0
1136291,0.0
1143903,0.0
1305039,0.0
1007680,0.0
1455214,0.0
1107803,0.0
1497051,0.0
1137292,0.0
1119382,0.0
1481138,0.0
1110622,0.0
1156847,311.0
1294222,311.0
1465355,0.0
1424034,0.0
1432135,0.0
1401817,0.0
1177475,311.0
1392970,0.0
1387450,0.0
1092832,0.0
1187774,0.0
1230384,0.0
1413073,0.0
1057181,0.0
1384325,0.0
1197779,0.0
1246576,0.0
1281547,0.0
1273445,0.0
1298458,0.0
1159193,0.0
1301491,0.0
1288037,0.0
1394194,0.0
1342405,0.0
1485086,0.0
1165678,0.0
1275241,0.0
1039169,0.0
1232376,0.0
1310613,0.0
1356333,0.0
1488737,0.0
1369399,0.0
1172680,0.0
1446589,0.0
1406320,0.0
1213094,0.0
1021503,0.0
1188526,0.0
1413577,0.0
1466508,0.0
1427970,0.0
1081163,0.0
1201316,0.0
1114584,0.0
1307947,0.0
1315048,0.0
1404475,0.0
1093917,0.0
1134271,0.0
1054344,0.0
1140184,0.0
1336056,0.0
1404546,0.0
1102060,0.0
1000438,0.0
1498881,0.0
1488663,0.0
1317341,0.0
1347698,0.0
1193177,0.0
1257741,0.0
1207399,0.0
1029660,0.0
1477569,0.0
1257386,0.0
1249982,0.0
1082477,0.0
1458850,0.0
1369044,0.0
1088993,0.0
1102729,0.0
1165398,0.0
1142113,0.0
1433454,0.0
1245395,0.0
1389486,0.0
1334127,0.0
1403491,0.0
1254313,0.0
1393545,0.0
1403443,0.0
1461030,0.0
1400194,0.0
1366087,0.0
1113434,0.0
1083699,0.0
1052075,0.0
1164383,0.0
1413603,0.0
1449493,0.0
1374174,0.0
1453386,0.0
1060343,0.0
1484093,0.0
1465019,0.0
1179976,0.0
1080615,0.0
1023956,0.0
1238698,0.0
1442361,0.0
1439670,0.0
1118797,0.0
1162264,0.0
1490069,0.0
1289654,0.0
1295480,0.0
1032470,0.0
1044002,0.0
1291242,0.0
1169772,0.0
1010857,0.0
1250542,0.0
1484291,0.0
1480595,0.0
1296937,0.0
1011404,0.0
1267180,0.0
1191319,0.0
1278620,0.0
1054665,0.0
1171791,0.0
1464177,0.0
1088431,0.0
1216870,0.0
1081002,0.0
1330482,0.0
1168663,0.0
1492648,0.0
1315398,0.0
1027496,0.0
1117973,0.0
1171872,0.0
1227132,0.0
1398968,0.0
1042446,0.0
1022113,0.0
1432466,0.0
1394665,0.0
1237631,0.0
1031723,0.0
1348589,0.0
1288087,0.0
1341137,0.0
1034628,0.0
1181980,0.0
1125602,0.0
1452460,0.0
1347859,0.0
1289761,0.0
1455705,0.0
1231667,0.0
1242573,0.0
1464998,0.0
1079864,0.0
1148817,0.0
1069941,0.0
1296692,0.0
1292861,0.0
1121593,0.0
1311369,0.0
1442172,0.0
1092076,0.0
1352136,0.0
1277208,0.0
1373759,0.0
1492660,0.0
1111265,0.0
1221223,0.0
1131618,0.0
1083225,0.0
1017266,0.0
1327104,0.0
1399551,0.0
1094414,0.0
1021401,0.0
1347126,0.0
1023000,0.0
1377965,0.0
1350042,0.0
1101141,0.0
1432116,0.0
1318780,0.0
1437216,0.0
1101970,0.0
1410131,0.0
1441218,0.0
1345002,0.0
1003012,0.0
1166846,0.0
1211619,0.0
1442543,0.0
1385952,0.0
1343542,0.0
1419636,0.0
1069031,0.0
1410134,0.0
1405706,0.0
1058951,0.0
1055230,0.0
1091243,0.0
1128850,0.0
1083460,0.0
1432832,0.0
1207105,0.0
1243318,0.0
1069047,0.0
1287202,0.0
1115805,0.0
1129081,0.0
1064030,0.0
1005813,0.0
1490308,0.0
1123285,0.0
1355118,0.0
1023846,0.0
1050805,0.0
1181728,0.0
1089820,0.0
1028575,0.0
1197855,0.0
1065339,0.0
1151883,0.0
1296652,0.0
1287520,0.0
1418889,0.0
1180962,0.0
1238848,0.0
1290426,0.0
1346817,0.0
1017304,0.0
1252533,0.0
1305931,0.0
1118227,0.0
1219611,0.0
1153638,0.0
1175536,0.0
1211565,0.0
1438304,0.0
1361280,0.0
1143967,0.0
1205095,0.0
1285971,0.0
1116992,0.0
1458672,0.0
1263640,0.0
1400947,0.0
1079989,0.0
1242560,0.0
1022578,0.0
1316583,0.0
1255226,0.0
1157382,0.0
1224651,0.0
1465329,0.0
1155477,0.0
1425214,0.0
1017688,0.0
1355123,0.0
1092801,0.0
1075732,0.0
1395004,0.0
1341114,0.0
1493423,0.0
1026311,0.0
1208371,0.0
1275872,0.0
1087742,0.0
1019163,0.0
1432227,0.0
1318880,0.0
1072806,0.0
1212692,0.0
1186034,0.0
1129955,0.0
1296742,0.0
1347479,311.0
1095511,311.0
1025011,0.0
1434986,0.0
1058578,0.0
1077386,0.0
1444618,0.0
1188114,0.0
1280734,0.0
1301264,0.0
1347366,0.0
1063451,0.0
1199519,0.0
1345899,0.0
1311108,0.0
1207170,0.0
1011084,0.0
1455758,0.0
1474158,0.0
1449132,0.0
1250243,0.0
1187828,0.0
1419894,0.0
1066229,0.0
1059223,0.0
1251110,0.0
1303607,0.0
1243023,0.0
1370522,0.0
1090686,0.0
1092779,0.0
1040294,0.0
1473297,0.0
1180711,0.0
1164408,0.0
1116327,0.0
1248608,0.0
1384273,0.0
1130338,0.0
1252790,0.0
1454949,0.0
1195881,0.0
1244857,0.0
1134036,0.0
1421711,0.0
1325543,0.0
1095715,0.0
1446388,0.0
1319088,0.0
1446649,0.0
1255825,0.0
1406646,0.0
1464385,0.0
1140455,0.0
1377695,0.0
1162780,0.0
1408273,0.0
1300038,0.0
1207337,0.0
1077235,0.0
1408756,0.0
1491799,0.0
1390594,0.0
1007038,0.0
1453448,0.0
1205643,0.0
1188139,0.0
1058780,0.0
1498345,0.0
1309473,0.0
1076176,0.0
1220100,0.0
1314150,0.0
1191669,0.0
1205862,0.0
1305192,0.0
1145983,0.0
1133342,0.0
1412024,0.0
1234430,0.0
1053634,0.0
1014376,0.0
1452041,0.0
1305031,0.0
1447194,0.0
1087268,0.0
1461768,0.0
1024168,0.0
1334533,0.0
1296737,0.0
1407133,0.0
1062484,0.0
1022671,0.0
1211721,0.0
1026257,0.0
1221066,0.0
1202794,0.0
1416723,0.0
1401330,311.0
1489408,0.0
1452181,0.0
1421929,0.0
1084847,0.0
1320336,0.0
1286910,0.0
1464443,0.0
1334218,0.0
1211291,0.0
1294628,0.0
1180905,0.0
1160861,0.0
1408670,0.0
1069139,0.0
1082763,0.0
1464784,0.0
1351878,0.0
1310686,0.0
1210002,0.0
1152761,0.0
1111646,0.0
1015441,0.0
1270649,0.0
1049040,0.0
1337564,0.0
1176480,0.0
1354961,0.0
1140272,0.0
1204224,0.0
1044578,0.0
1493529,0.0
1128363,0.0
1105354,0.0
1142156,0.0
1295169,0.0
1305277,0.0
1390829,0.0
1124512,0.0
1054161,0.0
1486767,0.0
1409057,0.0
1214830,0.0
1088743,0.0
1443416,0.0
1179858,0.0
1202928,0.0
1178834,0.0
1232019,0.0
1414904,0.0
1007438,0.0
1222138,0.0
1349810,0.0
1370541,0.0
1417446,0.0
1425834,0.0
1021911,0.0
1100790,0.0
1154027,0.0
1145320,0.0
1108768,0.0
1197778,0.0
1327740,0.0
1441050,0.0
1021862,0.0
1394751,0.0
1327428,0.0
1137638,0.0
1007532,0.0
1047794,0.0
1010401,0.0
1255792,0.0
1098488,0.0
1158689,0.0
1355724,0.0
1017698,0.0
1037024,0.0
1313984,0.0
1107034,0.0
1329704,0.0
1069435,0.0
1066432,0.0
1266557,0.0
1168203,0.0
1137040,0.0
1173632,0.0
1312163,0.0
1228377,0.0
1281640,0.0
1420267,0.0
1044984,0.0
1389581,0.0
1427116,0.0
1070522,0.0
1066826,0.0
1335399,0.0
1052262,0.0
1058953,0.0
1300150,0.0
1474476,0.0
1068378,0.0
1078602,0.0
1048840,0.0
1111109,0.0
1376356,0.0
1152106,0.0
1055398,0.0
1474008,0.0
1495048,0.0
1183152,0.0
1177025,0.0
1495955,0.0
1430035,0.0
1130885,0.0
1123031,0.0
1317079,0.0
1124690,0.0
1181485,0.0
1423816,0.0
1353087,0.0
1014478,0.0
1057620,0.0
1008257,0.0
1333761,0.0
1003271,0.0
1252700,0.0
1191895,0.0
1041442,0.0
1186584,0.0
1465438,0.0
1383578,0.0
1190534,0.0
1439659,0.0
1078212,0.0
1278947,0.0
1167627,0.0
1026880,0.0
1405756,0.0
1131842,0.0
1246946,0.0
1293553,0.0
1168641,0.0
1205504,0.0
1113528,0.0
1050543,0.0
1030912,0.0
1143714,0.0
1300935,0.0
1081036,0.0
1208459,0.0
1373869,0.0
1453860,311.0
1423957,0.0
1158140,0.0
1326657,0.0
1190765,0.0
1391378,311.0
1207357,0.0
1148002,0.0
1401836,0.0
1202765,0.0
1244907,0.0
1445987,0.0
1323180,0.0
1160970,0.0
1216036,0.0
1184723,0.0
1439245,0.0
1291779,0.0
1217287,0.0
1053057,0.0
1306863,0.0
1250601,0.0
1295532,0.0
1128300,0.0
1050487,0.0
1214188,0.0
1087693,0.0
1150054,0.0
1218017,0.0
1235705,0.0
1041777,311.0
1246532,0.0
1366360,0.0
1439838,0.0
1357905,0.0
1274256,0.0
1181159,0.0
1451702,0.0
1327497,0.0
1475694,0.0
1487694,0.0
1100972,0.0
1387906,0.0
1282871,0.0
1448426,0.0
1444966,0.0
1061560,0.0
1369299,0.0
1000595,0.0
1151124,0.0
1476914,0.0
1322287,0.0
1091082,0.0
1459424,0.0
1026523,0.0
1432230,0.0
1387685,0.0
1014083,0.0
1425330,0.0
1393199,0.0
1323969,0.0
1064394,0.0
1024275,0.0
1284858,0.0
1421003,0.0
1149871,0.0
1009777,0.0
1405071,0.0
1421744,0.0
1054235,0.0
1244369,0.0
1152361,0.0
1314817,0.0
1429669,0.0
1401368,0.0
1043714,0.0
1247275,0.0
1091285,0.0
1400124,0.0
1173609,0.0
1345228,0.0
1361907,0.0
1133091,0.0
1044810,311.0
1038293,0.0
1221090,0.0
1371163,0.0
1399552,0.0
1455533,0.0
1155624,0.0
1323328,0.0
1447191,0.0
1319741,0.0
1494451,0.0
1401467,0.0
1087090,0.0
1492694,0.0
1314434,0.0
1396061,0.0
1286769,0.0
1308591,0.0
1420711,0.0
1056161,0.0
1263433,0.0
1321298,0.0
1414498,0.0
1380619,0.0
1398482,0.0
1098955,0.0
1115387,0.0
1282341,0.0
1466509,0.0
1104312,0.0
1083401,0.0
1361200,0.0
1332402,0.0
1400131,0.0
1457605,0.0
1156399,0.0
1187229,0.0
1168000,0.0
1136500,0.0
1477445,0.0
1185418,0.0
1379297,0.0
1290975,0.0
1195673,0.0
1107763,0.0
1220364,0.0
1133018,0.0
1281020,0.0
1168545,0.0
1295957,0.0
1285908,0.0
1147387,0.0
1230963,0.0
1026121,0.0
1032396,0.0
1296867,0.0
1005761,0.0
1412208,0.0
1141792,0.0
1433602,0.0
1467609,0.0
1358854,0.0
1166976,0.0
1291777,0.0
1488196,0.0
1419175,0.0
1219837,0.0
1493855,0.0
1356351,0.0
1072256,0.0
1113377,0.0
1279459,0.0
1326030,0.0
1125353,0.0
1255680,0.0
1031241,0.0
1117672,0.0
1167346,0.0
1184273,0.0
1478743,0.0
1459196,0.0
1026126,0.0
1040908,0.0
1295373,0.0
1480951,0.0
1131655,0.0
1465922,0.0
1290443,0.0
1095333,0.0
1118030,0.0
1380861,0.0
1442168,0.0
1444462,0.0
1130227,0.0
1453846,0.0
1168700,0.0
1220623,0.0
1345025,0.0
1383474,0.0
1306478,0.0
1130724,0.0
1283100,0.0
1249514,0.0
1219073,0.0
1273704,0.0
1213853,0.0
1167223,0.0
1158077,0.0
1489922,0.0
1212175,0.0
1107262,0.0
1365276,0.0
1460597,0.0
1498182,0.0
1354618,0.0
1229452,0.0
1251204,0.0
1176143,0.0
1268568,0.0
1050733,0.0
1461187,0.0
1206012,0.0
1090305,0.0
1195531,0.0
1021422,311.0
1252744,0.0
1265564,0.0
1435109,0.0
1349638,0.0
1164536,0.0
1084794,0.0
1208439,0.0
1215737,0.0
1414635,0.0
1103525,0.0
1416819,0.0
1182334,0.0
1222002,0.0
1245847,0.0
1463746,0.0
1004465,0.0
1409362,0.0
1310657,0.0
1309199,0.0
1071904,0.0
1154781,0.0
1064336,0.0
1357303,0.0
1445032,0.0
1056508,0.0
1280610,0.0
1284838,0.0
1421533,0.0
1400390,0.0
1439487,0.0
1099252,0.0
1257761,0.0
1074625,0.0
1103358,0.0
1174609,0.0
1320666,0.0
1220511,0.0
1232070,0.0
1197398,0.0
1131282,0.0
1134038,0.0
1449610,0.0
1042151,0.0
1006248,0.0
1348094,0.0
1284641,0.0
1262708,0.0
1083339,0.0
1469785,0.0
1207003,0.0
1152899,0.0
1166466,0.0
1128675,0.0
1383207,0.0
1047461,0.0
1303327,0.0
1278374,0.0
1270384,0.0
1433284,0.0
1000502,0.0
1294566,0.0
1170942,0.0
1253449,0.0
1225717,0.0
1121215,0.0
1471887,0.0
1043619,0.0
1006586,0.0
1183897,0.0
1331346,0.0
1410886,0.0
1474533,0.0
1208791,0.0
1121941,0.0
1271501,0.0
1344130,0.0
1206962,0.0
1117487,0.0
1179829,0.0
1048678,0.0
1475773,0.0
1138392,0.0
1439633,0.0
1269606,0.0
1081813,0.0
1288550,0.0
1256887,0.0
1145216,0.0
1377670,0.0
1356382,0.0
1476145,0.0
1113612,0.0
1440011,0.0
1361881,0.0
1132152,0.0
1184657,0.0
1353652,0.0
1068858,0.0
1165313,0.0
1410555,0.0
1487849,0.0
1085916,311.0
1452772,0.0
1408664,0.0
1213424,0.0
1421454,0.0
1166273,0.0
1137664,0.0
1194100,0.0
1466931,0.0
1225125,0.0
1420069,0.0
1054872,0.0
1399178,0.0
1070911,0.0
1104820,0.0
1154573,0.0
1077590,0.0
1075589,0.0
1436174,0.0
1225651,0.0
1259921,0.0
1125663,0.0
1005260,0.0
1310563,0.0
1405676,0.0
1149140,0.0
1322227,0.0
1239451,0.0
1349435,0.0
1455649,0.0
1496045,0.0
1173932,0.0
1344627,0.0
1422420,0.0
1190022,0.0
1041967,0.0
1172045,0.0
1134348,311.0
1169748,0.0
1331663,0.0
1386797,0.0
1391597,0.0
1184350,0.0
1309690,0.0
1398806,0.0
1128860,0.0
1048271,0.0
1319295,0.0
1026610,0.0
1489804,0.0
1406565,0.0
1407123,0.0
1418984,0.0
1097923,0.0
1352888,0.0
1392602,0.0
1338727,0.0
1174242,0.0
1065542,0.0
1310572,0.0
1286932,0.0
1312122,0.0
1300353,0.0
1006233,0.0
1129977,0.0
1072003,0.0
1025677,0.0
1048802,0.0
1236936,0.0
1276823,0.0
1042371,0.0
1403403,0.0
1336688,0.0
1066268,0.0
1057706,0.0
1441830,0.0
1005103,311.0
1365024,0.0
1385647,0.0
1292318,0.0
1046455,0.0
1473427,0.0
1369584,0.0
1074310,0.0
1171185,0.0
1362940,0.0
1381427,0.0
1091182,0.0
1348533,0.0
1155253,0.0
1286984,0.0
1401294,0.0
1419626,0.0
1253049,0.0
1319597,0.0
1173814,0.0
1476536,0.0
1365653,0.0
1313934,0.0
1435633,0.0
1419613,0.0
1044024,0.0
1050944,0.0
1356525,0.0
1074440,0.0
1282502,311.0
1069927,0.0
1236029,0.0
1022402,0.0
1397322,0.0
1472174,311.0
1394998,0.0
1024597,0.0
1396320,0.0
1217729,0.0
1374721,0.0
1256517,0.0
1205603,0.0
1149550,0.0
1460527,0.0
1350447,0.0
1484097,0.0
1359200,0.0
1489067,0.0
1212254,0.0
1337255,0.0
1409269,0.0
1125848,0.0
1442394,0.0
1347887,0.0
1122080,0.0
1135795,0.0
1274195,0.0
1029605,0.0
1334765,0.0
1248747,0.0
1238793,0.0
1161849,0.0
1447467,0.0
1327017,0.0
1133732,0.0
1112041,0.0
1220551,0.0
1185545,0.0
1031376,0.0
1320020,0.0
1462573,0.0
1128691,0.0
1092475,0.0
1014502,0.0
1304218,0.0
1043905,0.0
1341225,0.0
1089717,0.0
1186917,0.0
1459400,0.0
1061342,0.0
1176790,0.0
1198557,0.0
1254866,0.0
1380214,0.0
1091359,0.0
1249689,0.0
1435470,0.0
1113836,0.0
1336350,0.0
1132246,0.0
1044267,0.0
1302516,0.0
1112099,0.0
1354994,0.0
1287518,0.0
1437465,0.0
1105318,0.0
1237484,0.0
1058997,0.0
1118886,0.0
1011887,0.0
1220849,0.0
1261598,0.0
1166459,0.0
1376856,0.0
1382910,0.0
1336352,0.0
1306433,0.0
1150869,0.0
1468892,0.0
1152662,0.0
1104172,0.0
1411848,0.0
1308291,0.0
1124009,0.0
1476284,0.0
1009642,0.0
1404076,0.0
1395219,0.0
1334087,0.0
1029199,0.0
1410589,0.0
1411845,0.0
1483373,0.0
1287371,0.0
1387050,0.0
1428011,0.0
1089927,0.0
1060354,0.0
1176491,0.0
1270431,0.0
1053653,0.0
1491472,0.0
1134201,0.0
1083089,0.0
1095834,0.0
1323295,0.0
1272790,0.0
1099354,0.0
1011649,0.0
1010865,0.0
1332203,0.0
1001499,0.0
1157583,0.0
1353835,0.0
1421040,0.0
1062686,0.0
1375467,0.0
1186540,0.0
1372825,0.0
1127289,0.0
1169207,0.0
1104431,0.0
1021686,0.0
1330379,0.0
1128383,0.0
1103602,0.0
1030401,0.0
1044219,0.0
1207032,0.0
1077843,0.0
1461113,0.0
1490055,0.0
1084848,0.0
1480157,0.0
1342655,0.0
1209802,0.0
1114943,0.0
1332072,0.0
1221686,0.0
1458913,0.0
1307388,0.0
1371009,0.0
1378911,0.0
1165966,0.0
1014416,0.0
1073713,0.0
1483936,0.0
1474882,0.0
1476491,0.0
1440633,0.0
1315422,0.0
1275935,0.0
1274185,0.0
1106716,0.0
1368660,0.0
1440286,0.0
1257856,0.0
1096629,0.0
1000796,0.0
1456243,0.0
1013299,0.0
1400409,0.0
1427360,311.0
1414766,0.0
1214363,0.0
1232994,0.0
1392306,0.0
1335329,0.0
1374399,0.0
1102705,0.0
1456666,0.0
1462839,0.0
1150676,0.0
1417329,311.0
1378787,311.0
1001951,0.0
1316077,0.0
1404758,0.0
1008008,311.0
1005166,0.0
1167138,311.0
1090311,0.0
1105815,0.0
1069242,0.0
1323812,0.0
1103651,0.0
1340687,0.0
1096643,0.0
1409653,0.0
1328697,0.0
1063035,0.0
1111706,0.0
1230150,0.0
1488638,0.0
1461412,0.0
1039985,0.0
1095594,0.0
1142142,0.0
1204895,0.0
1192277,0.0
1362439,0.0
1270338,0.0
1029171,0.0
1051248,0.0
1402801,0.0
1014626,0.0
1344949,0.0
1127961,0.0
1218651,0.0
1304119,0.0
1112081,0.0
1112961,0.0
1007348,0.0
1243875,0.0
1016818,0.0
1301690,0.0
1454082,0.0
1323756,0.0
1295629,0.0
1168925,0.0
1069584,0.0
1097004,0.0
1223860,0.0
1147888,0.0
1053807,0.0
1190133,0.0
1356081,0.0
1166061,0.0
1326777,0.0
1214539,0.0
1388909,0.0
1117823,0.0
1001894,0.0
1343377,0.0
1045929,0.0
1182906,0.0
1278933,0.0
1178879,0.0
1154927,0.0
1346381,0.0
1343300,0.0
1382460,0.0
1335307,0.0
1332316,0.0
1222122,0.0
1215295,0.0
1318453,0.0
1086521,0.0
1086495,0.0
1122586,0.0
1008385,0.0
1299613,0.0
1488071,0.0
1170204,0.0
1482384,0.0
1324608,0.0
1339397,0.0
1482128,0.0
1493763,0.0
1218417,0.0
1292299,0.0
1439152,0.0
1303043,0.0
1133574,0.0
1175421,0.0
1220000,0.0
1202382,0.0
1244264,0.0
1094898,0.0
1082555,0.0
1022093,0.0
1159917,0.0
1431194,0.0
1371703,0.0
1359459,0.0
1460374,0.0
1485499,0.0
1027031,0.0
1330108,0.0
1210569,0.0
1348866,0.0
1343116,0.0
1334815,0.0
1244519,0.0
1155946,0.0
1261895,0.0
1019797,0.0
1142848,0.0
1248091,0.0
1487481,0.0
1098229,0.0
1185338,0.0
1190027,0.0
1493672,0.0
1498885,0.0
1449195,0.0
1071799,0.0
1090476,0.0
1185766,311.0
1383002,311.0
1038462,0.0
1425253,0.0
1302845,0.0
1005828,311.0
1054396,0.0
1103720,311.0
1318240,0.0
1324663,0.0
1284559,0.0
1160375,0.0
1235177,0.0
1353104,0.0
1013720,0.0
1259634,0.0
1119425,0.0
1148888,0.0
1413074,0.0
1029137,0.0
1221198,0.0
1198659,0.0
1044121,0.0
1257122,0.0
1340005,0.0
1093489,0.0
1446581,0.0
1208280,0.0
1249450,0.0
1022006,0.0
1278133,0.0
1448369,0.0
1298595,0.0
1150813,0.0
1193401,0.0
1091570,0.0
1252642,0.0
1496426,0.0
1306695,0.0
1497405,0.0
1274204,0.0
1264958,0.0
1181657,0.0
1291876,0.0
1045986,0.0
1275925,0.0
1038208,0.0
1079507,0.0
1065954,0.0
1251682,0.0
1456541,0.0
1114499,0.0
1120043,0.0
1326066,0.0
1263578,0.0
1260565,0.0
1172743,0.0
1269951,0.0
1353368,0.0
1373315,0.0
1305141,0.0
1390310,0.0
1304452,0.0
1146622,0.0
1033537,0.0
1129914,0.0
1158075,0.0
1391639,0.0
1125215,0.0
1010920,0.0
1237466,0.0
1446591,311.0
1345355,0.0
1386811,0.0
1000162,0.0
1021057,0.0
1164623,0.0
1409674,0.0
1286878,0.0
1275118,311.0
1280847,311.0
1398572,0.0
1149460,0.0
1188052,0.0
1125203,0.0
1331389,0.0
1014021,0.0
1499384,0.0
1111061,0.0
1474722,0.0
1211269,0.0
1127001,0.0
1472655,0.0
1016250,0.0
1239193,0.0
1412599,0.0
1057003,0.0
1238261,0.0
1278646,0.0
1127418,0.0
1398001,0.0
1218477,0.0
1483622,0.0
1221061,0.0
1383719,0.0
1492798,0.0
1387338,0.0
1457308,0.0
1315474,0.0
1203809,0.0
1274050,0.0
1309989,0.0
1414505,0.0
1193931,0.0
1317093,0.0
1435007,0.0
1150330,0.0
1465076,0.0
1169740,0.0
1450849,0.0
1076835,0.0
1271788,0.0
1338580,0.0
1303003,0.0
1096484,0.0
1381017,0.0
1370764,0.0
1097909,0.0
1433812,0.0
1018121,0.0
1331429,0.0
1254249,0.0
1122865,0.0
1473464,0.0
1462837,0.0
1397074,0.0
1435021,0.0
1419408,0.0
1342580,0.0
1269068,0.0
1355831,0.0
1229607,0.0
1024231,0.0
1422466,0.0
1019692,0.0
1147960,0.0
1141538,0.0
1192636,0.0
1132306,0.0
1012579,0.0
1487597,0.0
1215768,0.0
1167114,0.0
1400723,0.0
1131155,0.0
1414406,0.0
1142151,0.0
1487225,0.0
1283463,0.0
1288211,0.0
1128357,0.0
1486357,0.0
1181613,0.0
1207158,0.0
1299660,0.0
1197131,0.0
1353028,0.0
1163155,0.0
1350709,0.0
1047803,0.0
1142607,0.0
1033302,0.0
1163208,0.0
1175785,0.0
1423338,0.0
1016568,0.0
1230330,0.0
1295838,0.0
1119772,0.0
1197288,0.0
1219813,0.0
1318602,0.0
1400997,0.0
1433070,0.0
1356467,0.0
1318405,0.0
1466874,0.0
1295357,0.0
1451900,0.0
1365341,0.0
1389595,0.0
1216659,0.0
1268473,0.0
1447721,0.0
1157530,0.0
1089354,0.0
1326527,0.0
1286263,0.0
1029236,0.0
1231939,0.0
1404957,0.0
1402826,0.0
1287087,0.0
1017068,0.0
1239986,0.0
1307258,0.0
1322625,0.0
1416019,0.0
1046847,0.0
1032701,0.0
1225413,0.0
1132323,0.0
1323329,0.0
1209830,0.0
1350253,0.0
1143492,0.0
1141019,0.0
1268488,0.0
1233276,0.0
1472372,0.0
1063733,0.0
1446675,0.0
1057481,0.0
1028109,0.0
1329141,0.0
1312387,0.0
1352064,0.0
1268228,0.0
1140303,0.0
1319989,0.0
1394657,0.0
1393896,0.0
1267353,0.0
1029101,0.0
1262550,0.0
1251730,0.0
1486591,0.0
1222358,0.0
1063345,0.0
1296889,0.0
1154617,0.0
1187479,0.0
1499223,0.0
1391288,0.0
1033467,0.0
1378120,0.0
1287261,0.0
1217809,0.0
1325393,0.0
1343891,0.0
1210472,0.0
1309837,0.0
1390277,0.0
1022178,0.0
1474573,0.0
1272062,0.0
1075073,0.0
1454012,0.0
1227062,0.0
1079468,0.0
1403541,0.0
1254725,0.0
1135823,0.0
1490445,0.0
1161508,0.0
1476081,0.0
1045776,0.0
1134987,0.0
1401506,0.0
1203109,0.0
1056516,0.0
1487939,0.0
1485109,0.0
1164762,0.0
1065210,0.0
1470954,0.0
1444536,0.0
1444755,0.0
1456322,0.0
1402952,0.0
1242193,0.0
1026845,0.0
1253204,0.0
1487989,0.0
1134018,0.0
1345822,0.0
1014740,0.0
1046854,0.0
1210558,0.0
1457667,0.0
1343162,0.0
1223574,0.0
1179183,0.0
1421002,0.0
1409616,0.0
1491544,0.0
1062528,0.0
1210468,0.0
1466579,0.0
1059783,0.0
1460743,0.0
1460017,0.0
1467327,0.0
1091205,0.0
1056109,0.0
1215047,0.0
1213087,0.0
1023914,0.0
1049845,0.0
1021726,0.0
1223966,0.0
1413792,0.0
1257509,0.0
1066223,0.0
1055416,0.0
1489756,0.0
1030594,0.0
1084257,0.0
1036557,0.0
1180163,0.0
1380749,0.0
1088323,0.0
1324777,0.0
1170030,0.0
1401627,0.0
1267384,0.0
1199397,0.0
1146124,0.0
1152672,0.0
1134544,0.0
1226475,0.0
1234331,0.0
1086225,0.0
1492680,0.0
1089189,0.0
1457759,0.0
1236743,0.0
1129872,0.0
1115861,0.0
1116704,0.0
1062279,0.0
1468754,0.0
1372525,0.0
1348154,0.0
1388227,0.0
1126089,0.0
1353592,0.0
1326067,0.0
1454911,0.0
1250867,0.0
1235646,0.0
1437300,0.0
1200882,0.0
1073879,0.0
1485355,0.0
1035490,0.0
1251697,0.0
1057610,0.0
1277966,0.0
1457409,0.0
1487585,0.0
1030541,0.0
1160422,0.0
1187668,0.0
1323747,311.0
1439793,0.0
1243817,0.0
1424339,0.0
1215093,0.0
1319940,0.0
1118194,0.0
1478575,0.0
1085214,0.0
1443052,0.0
1207621,0.0
1171413,0.0
1471943,0.0
1390076,0.0
1461337,0.0
1351338,0.0
1052206,0.0
1218549,0.0
1023451,0.0
1468614,0.0
1026021,0.0
1490702,0.0
1471863,0.0
1323584,0.0
1025989,0.0
1254545,0.0
1113139,0.0
1406245,0.0
1101607,0.0
1039304,0.0
1063529,0.0
1221070,0.0
1233810,0.0
1103038,0.0
1475925,0.0
1419732,0.0
1338846,0.0
1446660,0.0
1003354,0.0
1092817,0.0
1234783,0.0
1058107,0.0
1030455,0.0
1483452,0.0
1379221,0.0
1402174,0.0
1489838,0.0
1455308,0.0
1353443,0.0
1370253,0.0
1148728,0.0
1386779,0.0
1318074,0.0
1360420,0.0
1242671,0.0
1369093,0.0
1105804,0.0
1360174,0.0
1040269,0.0
1294652,0.0
1050678,0.0
1362004,0.0
1374026,0.0
1006107,0.0
1089493,0.0
1210638,0.0
1018465,0.0
1286425,0.0
1131780,0.0
1240287,0.0
1042157,0.0
1071612,0.0
1429223,0.0
1124573,0.0
1462779,0.0
1493585,0.0
1482350,0.0
1128513,0.0
1007620,0.0
1392125,0.0
1087629,0.0
1114839,0.0
1070359,0.0
1242070,0.0
1479434,0.0
1372564,0.0
1484749,0.0
1351129,311.0
1202518,0.0
1260736,0.0
1431880,0.0
1078767,311.0
1483726,0.0
1463665,311.0
1291968,0.0
1156317,0.0
1280812,0.0
1142375,0.0
1479522,0.0
1285114,0.0
1499834,0.0
1302570,0.0
1441628,0.0
1370968,0.0
1188126,0.0
1387823,311.0
1120799,0.0
1045486,0.0
1120923,0.0
1263616,0.0
1287395,0.0
1496803,0.0
1352836,0.0
1033485,0.0
1276295,0.0
1108108,0.0
1426656,0.0
1190308,0.0
1322690,0.0
1293409,0.0
1024189,0.0
1323222,0.0
1357097,0.0
1212286,0.0
1452412,0.0
1312958,311.0
1345841,0.0
1412256,0.0
1005678,0.0
1230382,0.0
1433933,0.0
1483091,0.0
1428894,0.0
1230168,0.0
1091185,0.0
1402411,0.0
1174381,0.0
1468666,0.0
1045706,0.0
1250849,0.0
1290325,0.0
1412366,0.0
1253042,0.0
1094914,0.0
1218951,0.0
1131296,0.0
1144060,0.0
1348532,0.0
1151545,0.0
1035674,0.0
1430774,0.0
1065106,0.0
1204319,0.0
1245643,0.0
1022559,0.0
1156294,0.0
1128910,0.0
1492015,0.0
1346015,0.0
1344824,0.0
1235620,0.0
1152702,0.0
1037485,0.0
1281762,0.0
1089556,0.0
1417527,311.0
1112851,0.0
1112119,0.0
1190243,0.0
1219577,0.0
1334475,0.0
1337310,0.0
1399077,0.0
1397525,0.0
1383887,0.0
1340231,0.0
1059438,0.0
1046452,0.0
1468651,0.0
1175159,0.0
1270555,0.0
1334748,0.0
1264726,0.0
1096183,0.0
1131610,311.0
1276853,0.0
1473793,0.0
1207235,0.0
1382156,0.0
1006670,0.0
1085624,0.0
1381116,0.0
1070437,0.0
1296562,0.0
1308074,0.0
1441295,0.0
1218843,0.0
1129897,0.0
1217302,0.0
1286496,0.0
1225175,311.0
1288665,0.0
1148815,0.0
1070188,0.0
1410979,0.0
1325398,0.0
1348845,0.0
1370856,0.0
1043212,0.0
1231775,0.0
1089249,0.0
1296913,0.0
1303459,0.0
1173974,0.0
1179101,0.0
1129508,0.0
1177716,0.0
1173440,0.0
1241407,0.0
1098200,0.0
1378709,0.0
1198550,0.0
1383672,0.0
1009485,0.0
1149469,0.0
1417973,0.0
1453182,0.0
1397423,0.0
1184112,0.0
1475256,0.0
1174372,0.0
1225764,0.0
1312262,0.0
1364529,0.0
1039292,0.0
1419826,0.0
1161538,0.0
1127343,0.0
1408481,0.0
1386710,0.0
1182831,0.0
1167194,0.0
1422666,0.0
1112550,0.0
1038974,0.0
1330798,0.0
1148904,0.0
1452851,0.0
1040443,0.0
1381232,0.0
1404442,0.0
1412741,0.0
1264550,0.0
1397022,0.0
1066186,0.0
1252196,0.0
1278525,0.0
1436260,0.0
1030469,0.0
1481360,0.0
1014321,0.0
1388450,0.0
1379696,0.0
1221505,0.0
1427811,0.0
1322531,0.0
1191436,0.0
1317334,0.0
1072425,0.0
1023198,0.0
1414362,0.0
1345269,0.0
1489884,0.0
1452397,0.0
1278364,0.0
1003296,0.0
1106162,0.0
1408203,0.0
1239382,0.0
1391663,311.0
1248962,0.0
1343335,0.0
1305051,0.0
1287516,0.0
1247935,0.0
1194966,0.0
1118109,0.0
1233389,0.0
1364896,0.0
1298285,0.0
1150951,0.0
1033582,0.0
1173925,0.0
1452681,0.0
1465923,0.0
1445438,0.0
1255247,0.0
1163409,0.0
1079437,0.0
1063227,0.0
1408983,0.0
1100873,0.0
1133779,0.0
1246717,0.0
1363101,0.0
1395431,0.0
1010670,0.0
1491323,0.0
1486243,0.0
1285324,0.0
1207039,0.0
1425949,0.0
1284979,0.0
1128705,0.0
1052528,0.0
1379887,0.0
1365852,0.0
1317467,0.0
1051225,0.0
1256991,0.0
1089356,0.0
1336453,0.0
1321282,0.0
1345499,311.0
1100430,0.0
1441592,0.0
1362932,0.0
1255123,0.0
1405218,0.0
1333879,0.0
1067651,0.0
1358068,0.0
1076130,0.0
1426318,0.0
1463256,0.0
1158052,0.0
1271891,0.0
1250210,0.0
1014155,0.0
1375589,0.0
1284311,0.0
1122463,0.0
1267073,0.0
1264859,0.0
1159437,0.0
1376035,0.0
1223053,0.0
1457399,0.0
1182646,0.0
1061460,0.0
1278113,0.0
1064613,0.0
1094134,0.0
1064523,0.0
1377697,0.0
1224204,0.0
1229151,0.0
1054029,0.0
1441457,0.0
1441761,0.0
1255217,0.0
1163632,0.0
1340676,0.0
1457306,0.0
1415650,0.0
1361920,0.0
1217178,0.0
1298382,0.0
1069600,0.0
1217461,0.0
1211765,0.0
1134901,0.0
1224714,0.0
1100091,0.0
1463761,0.0
1197604,0.0
1456463,0.0
1024487,0.0
1057308,0.0
1342654,0.0
1489595,0.0
1374108,0.0
1373420,0.0
1488412,0.0
1033917,0.0
1036779,0.0
1030522,0.0
1365942,0.0
1139563,0.0
1120515,0.0
1102120,0.0
1213606,0.0
1442846,0.0
1229162,0.0
1336797,0.0
1464391,0.0
1158042,0.0
1049420,0.0
1391890,0.0
1447978,0.0
1176114,0.0
1233129,0.0
1089582,0.0
1138537,0.0
1393980,0.0
1090735,0.0
1317447,0.0
1204380,0.0
1254006,0.0
1177978,0.0
1448868,0.0
1114381,0.0
1492928,311.0
1054929,0.0
1492790,0.0
1140213,0.0
1193240,0.0
1410895,0.0
1263834,0.0
1260599,0.0
1412296,0.0
1219827,0.0
1183895,0.0
1036709,0.0
1361685,0.0
1482926,0.0
1395186,0.0
1008601,0.0
1193872,0.0
1005400,0.0
1355189,0.0
1014891,0.0
1468695,0.0
1390410,0.0
1385985,0.0
1048223,0.0
1069511,0.0
1129172,0.0
1029297,0.0
1425307,0.0
1127166,0.0
1245969,0.0
1352827,0.0
1464317,0.0
1443431,0.0
1069778,0.0
1016495,0.0
1000429,0.0
1077871,0.0
1191951,0.0
1008761,0.0
1082837,0.0
1201538,0.0
1337110,0.0
1171071,0.0
1302946,0.0
1323453,0.0
1202688,0.0
1340955,0.0
1213041,0.0
1115081,0.0
1257596,0.0
1434708,0.0
1472011,0.0
1212811,0.0
1179258,0.0
1345123,0.0
1003561,0.0
1149009,0.0
1100625,0.0
1493085,0.0
1383378,0.0
1024697,0.0
1117271,0.0
1313926,0.0
1195095,0.0
1319139,0.0
1455947,0.0
1093143,0.0
1405175,0.0
1148474,0.0
1336624,0.0
1483824,0.0
1071207,0.0
1273605,0.0
1361024,0.0
1196684,0.0
1475777,0.0
1363658,0.0
1008951,0.0
1209903,0.0
1207618,0.0
1010577,0.0
1187741,0.0
1364643,0.0
1288149,0.0
1298947,0.0
1120237,0.0
1299433,0.0
1437108,0.0
1470372,0.0
1421735,0.0
1073321,0.0
1340524,0.0
1373298,0.0
1397906,0.0
1298578,0.0
1401355,0.0
1087548,0.0
1255103,0.0
1238094,0.0
1495739,0.0
1286622,0.0
1090206,0.0
1020053,0.0
1016563,0.0
1068029,0.0
1227744,0.0
1460795,0.0
1369172,0.0
1401927,0.0
1079289,0.0
1270851,0.0
1110506,0.0
1028807,0.0
1057178,0.0
1220587,0.0
1416699,0.0
1264067,311.0
1351534,0.0
1157302,0.0
1412243,0.0
1090685,0.0
1155242,0.0
1143695,0.0
1449009,0.0
1343512,0.0
1231346,0.0
1392147,0.0
1008596,0.0
1260443,0.0
1085513,0.0
1441042,0.0
1054680,0.0
1264920,0.0
1109972,0.0
1241837,0.0
1121489,0.0
1015985,0.0
1100774,0.0
1107017,0.0
1169666,0.0
1097146,0.0
1483477,0.0
1248664,0.0
1346422,0.0
1294933,0.0
1179836,0.0
1287959,0.0
1156176,0.0
1198576,0.0
1431593,0.0
1468567,0.0
1245157,0.0
1404165,0.0
1062432,0.0
1008087,0.0
1095691,0.0
1207317,0.0
1086536,0.0
1073117,0.0
1080663,0.0
1324159,0.0
1125632,0.0
1250174,0.0
1288442,0.0
1252908,0.0
1341648,0.0
1269832,0.0
1133908,0.0
1144443,0.0
1097049,0.0
1432242,0.0
1333510,0.0
1121929,0.0
1210305,0.0
1275546,0.0
1381340,0.0
1156397,0.0
1117593,0.0
1184580,0.0
1228419,0.0
1445630,0.0
1266002,0.0
1402889,0.0
1237434,0.0
1225163,0.0
1255596,0.0
1109852,0.0
1345620,0.0
1484128,0.0
1321233,0.0
1226369,0.0
1433653,0.0
1152701,0.0
1081449,0.0
1444494,0.0
1119021,0.0
1489585,0.0
1134580,0.0
1375598,0.0
1305270,0.0
1284327,0.0
1073391,0.0
1041760,0.0
1316356,0.0
1214154,0.0
1279444,0.0
1422458,0.0
1046971,0.0
1412767,0.0
1294818,0.0
1483332,0.0
1176830,0.0
1405681,0.0
1028719,0.0
1272650,0.0
1367340,0.0
1008287,0.0
1047518,0.0
1394281,0.0
1434750,0.0
1388225,0.0
1437287,0.0
1008536,0.0
1495302,0.0
1006713,0.0
1156578,0.0
1161779,0.0
1165593,0.0
1193794,0.0
1457081,0.0
1144977,0.0
1271614,0.0
1179825,0.0
1395652,0.0
1256292,0.0
1070158,0.0
1124487,0.0
1371386,0.0
1087971,0.0
1128435,0.0
1090797,0.0
1450451,0.0
1405891,0.0
1393405,0.0
1497134,0.0
1255484,0.0
1143886,0.0
1323892,0.0
1147438,0.0
1133657,0.0
1074216,0.0
1078228,0.0
1082992,0.0
1168507,0.0
1423468,0.0
1443674,311.0
1315359,0.0
1368872,0.0
1296051,0.0
1198927,0.0
1378647,0.0
1067203,311.0
1388229,311.0
1207936,0.0
1217839,0.0
1427300,0.0
1237497,0.0
1205066,0.0
1381518,0.0
1406296,0.0
1201586,0.0
1215471,0.0
1265298,0.0
1345121,0.0
1163522,0.0
1488422,0.0
1489126,0.0
1245703,0.0
1364476,0.0
1311779,0.0
1204524,0.0
1453079,0.0
1346583,0.0
1343513,0.0
1270215,0.0
1167611,0.0
1250643,0.0
1483071,311.0
1128774,0.0
1066086,0.0
1073159,0.0
1156715,0.0
1167396,0.0
1154326,0.0
1404009,0.0
1081181,0.0
1397855,0.0
1490628,0.0
1370443,0.0
1410231,0.0
1099647,0.0
1076400,0.0
1042262,0.0
1479532,0.0
1193871,0.0
1192427,0.0
1358679,0.0
1128577,0.0
1297500,0.0
1159398,0.0
1295791,0.0
1083928,0.0
1421326,0.0
1070011,0.0
1172465,0.0
1040153,0.0
1240015,0.0
1470791,0.0
1078367,0.0
1302448,0.0
1478516,0.0
1208057,311.0
1394274,311.0
1079649,0.0
1066010,0.0
1206124,0.0
1162193,0.0
1459527,0.0
1096264,311.0
1461384,311.0
1423886,311.0
1415920,0.0
1393922,0.0
1462163,0.0
1336059,0.0
1213767,0.0
1157287,0.0
1056066,0.0
1128096,0.0
1254860,0.0
1025173,0.0
1049477,0.0
1433608,0.0
1312390,0.0
1124545,0.0
1264535,0.0
1188918,0.0
1242215,0.0
1127032,0.0
1308289,0.0
1021318,0.0
1286859,0.0
1440281,0.0
1352739,0.0
1411783,0.0
1302350,0.0
1433670,0.0
1060069,0.0
1449369,0.0
1460584,0.0
1356206,0.0
1033641,0.0
1353961,0.0
1013842,0.0
1407391,0.0
1256963,0.0
1285209,0.0
1389206,0.0
1074865,0.0
1295162,0.0
1006987,0.0
1006312,0.0
1257443,0.0
1014526,0.0
1176168,0.0
1003166,0.0
1025197,0.0
1432540,0.0
1270332,0.0
1233784,0.0
1068820,0.0
1493096,0.0
1107381,0.0
1208037,0.0
1427935,0.0
1409134,0.0
1153622,0.0
1422767,0.0
1362852,0.0
1494354,0.0
1057624,0.0
1356690,0.0
1482022,0.0
1397919,0.0
1445308,0.0
1020982,0.0
1291422,0.0
1297299,0.0
1365373,0.0
1439539,0.0
1258083,0.0
1003250,0.0
1113910,0.0
1205630,0.0
1310574,0.0
1117265,0.0
1165333,0.0
1114035,0.0
1194145,0.0
1420653,0.0
1360946,0.0
1433378,0.0
1495520,0.0
1177169,0.0
1234726,0.0
1223629,0.0
1034536,0.0
1149922,0.0
1467073,0.0
1083269,0.0
1257323,0.0
1208257,0.0
1291108,0.0
1111605,0.0
1198651,0.0
1336104,0.0
1346782,0.0
1061075,0.0
1369233,0.0
1048357,0.0
1186575,0.0
1265526,0.0
1303529,0.0
1398609,0.0
1335904,0.0
1410175,0.0
1319121,0.0
1321490,0.0
1060454,0.0
1370186,0.0
1302878,0.0
1161679,0.0
1318665,0.0
1172065,0.0
1346275,0.0
1051466,0.0
1405723,0.0
1197177,0.0
1186649,0.0
1162814,0.0
1114245,0.0
1216193,0.0
1086401,0.0
1479831,0.0
1232866,0.0
1339315,0.0
1164756,0.0
1207479,0.0
1132637,0.0
1299828,0.0
1340940,0.0
1332269,0.0
1175470,0.0
1300661,0.0
1059386,0.0
1289801,0.0
1321571,0.0
1452847,0.0
1230982,0.0
1458264,0.0
1343550,0.0
1070140,0.0
1268975,0.0
1158915,0.0
1454863,0.0
1361688,0.0
1100387,0.0
1044453,0.0
1446311,0.0
1392146,0.0
1065082,0.0
1394030,0.0
1110858,0.0
1023502,0.0
1040888,0.0
1446797,0.0
1343455,0.0
1268073,0.0
1481457,0.0
1249361,0.0
1329468,311.0
1436626,0.0
1361934,0.0
1447072,0.0
1258552,0.0
1236319,0.0
1198216,0.0
1160539,0.0
1117606,0.0
1030646,311.0
1155205,0.0
1294200,0.0
1148219,0.0
1164274,0.0
1407284,0.0
1247144,0.0
1203344,0.0
1371459,0.0
1422129,0.0
1492225,0.0
1286449,0.0
1498844,0.0
1197780,0.0
1034337,0.0
1054015,0.0
1358812,0.0
1314671,0.0
1394382,0.0
1251230,0.0
1476089,0.0
1452428,0.0
1238845,0.0
1276246,0.0
1331565,0.0
1018544,0.0
1011365,0.0
1016409,0.0
1339048,0.0
1219376,0.0
1473348,0.0
1131997,0.0
1282886,0.0
1275226,0.0
1196696,0.0
1454891,0.0
1335568,0.0
1214246,0.0
1062359,0.0
1326814,0.0
1379654,0.0
1205968,0.0
1279690,0.0
1471954,0.0
1474566,0.0
1179357,0.0
1293041,0.0
1238568,0.0
1026804,0.0
1326414,0.0
1109560,0.0
1051164,0.0
1429024,0.0
1150675,0.0
1116325,0.0
1175645,0.0
1402353,0.0
1295493,0.0
1016076,0.0
1185405,0.0
1371466,0.0
1346530,0.0
1331432,0.0
1294124,0.0
1024221,0.0
1094935,0.0
1197378,0.0
1427470,0.0
1158914,0.0
1443394,0.0
1450602,0.0
1235655,0.0
1248147,0.0
1340735,0.0
1322947,0.0
1117415,0.0
1172976,0.0
1193844,0.0
1389248,0.0
1074022,0.0
1131319,0.0
1366358,0.0
1252216,0.0
1357317,0.0
1300041,0.0
1018011,0.0
1057180,0.0
1243421,0.0
1309173,0.0
1123735,0.0
1132139,0.0
1294776,0.0
1323841,0.0
1436545,0.0
1438728,0.0
1005866,0.0
1457927,0.0
1175328,0.0
1422379,0.0
1220430,0.0
1281555,0.0
1231535,0.0
1118412,0.0
1348202,0.0
1316773,0.0
1431922,0.0
1298022,0.0
1249878,0.0
1283616,0.0
1043351,0.0
1167103,0.0
1279295,0.0
1413036,0.0
1281633,0.0
1403602,0.0
1315483,0.0
1286261,0.0
1320697,0.0
1494417,0.0
1128160,0.0
1126635,0.0
1093884,0.0
1179430,0.0
1361178,0.0
1011110,0.0
1066051,0.0
1344662,0.0
1007567,0.0
1148205,0.0
1228589,0.0
1369352,0.0
1097496,0.0
1149199,0.0
1197821,0.0
1402804,0.0
1205020,0.0
1181471,0.0
1497500,0.0
1279838,0.0
1409784,0.0
1467998,0.0
1020597,0.0
1366678,0.0
1115501,0.0
1282318,0.0
1445235,0.0
1464381,0.0
1461970,0.0
1476428,0.0
1212985,0.0
1364771,0.0
1396513,0.0
1180798,0.0
1247508,0.0
1110507,0.0
1027653,0.0
1099989,0.0
1498374,0.0
1349364,0.0
1479790,0.0
1035192,0.0
1229754,0.0
1130786,0.0
1024113,0.0
1268625,0.0
1210136,0.0
1184287,0.0
1091316,0.0
1079675,0.0
1481016,0.0
1041134,0.0
1394323,0.0
1279456,0.0
1392045,0.0
1203740,0.0
1151322,0.0
1430200,0.0
1083166,0.0
1385875,0.0
1409929,0.0
1086440,0.0
1153559,0.0
1111856,0.0
1493103,0.0
1122711,0.0
1228946,0.0
1193698,0.0
1469190,0.0
1325065,0.0
1164610,0.0
1118651,0.0
1131213,0.0
1315318,0.0
1071202,0.0
1221401,0.0
1176648,0.0
1188251,0.0
1223632,0.0
1135659,0.0
1031838,0.0
1007386,0.0
1256754,0.0
1147978,0.0
1296900,0.0
1059977,0.0
1109538,0.0
1218255,0.0
1386995,0.0
1150346,0.0
1411001,0.0
1341159,311.0
1310691,0.0
1102882,0.0
1050887,0.0
1354141,0.0
1161886,0.0
1357176,0.0
1200229,0.0
1279574,0.0
1435781,0.0
1057374,0.0
1149792,0.0
1046977,0.0
1398521,0.0
1486055,0.0
1310669,0.0
1225073,0.0
1337657,0.0
1446703,0.0
1088738,0.0
1366885,0.0
1392666,0.0
1427657,0.0
1252445,0.0
1099768,0.0
1426505,0.0
1264257,0.0
1405510,0.0
1280093,0.0
1088550,0.0
1358294,0.0
1231327,0.0
1295935,0.0
1357421,0.0
1424116,0.0
1303695,0.0
1013681,0.0
1055296,0.0
1238615,0.0
1331958,0.0
1467815,0.0
1344543,0.0
1237041,0.0
1462080,0.0
1088084,0.0
1342237,0.0
1409429,0.0
1004292,0.0
1008571,0.0
1322939,0.0
1008568,0.0
1284797,0.0
1295216,0.0
1285713,0.0
1043271,0.0
1144010,0.0
1145767,0.0
1291337,0.0
1260544,0.0
1323348,0.0
1498511,0.0
1063475,0.0
1044536,0.0
1321554,0.0
1359413,0.0
1048715,0.0
1249682,0.0
1366542,0.0
1113149,0.0
1247598,0.0
1152698,0.0
1036601,0.0
1188391,0.0
1457208,0.0
1411800,0.0
1270236,0.0
1312433,0.0
1411635,0.0
1173357,0.0
1091113,0.0
1488338,0.0
1460152,0.0
1065364,0.0
1082944,0.0
1476967,0.0
1435652,0.0
1291482,0.0
1345720,0.0
1316364,0.0
1178189,0.0
1082240,0.0
1480631,0.0
1384332,0.0
1246960,0.0
1058253,0.0
1495516,0.0
1077710,0.0
1311456,0.0
1070786,0.0
1001701,0.0
1455377,0.0
1071891,0.0
1462931,0.0
1213126,0.0
1181013,0.0
1332262,0.0
1323447,0.0
1204703,0.0
1343836,0.0
1145830,0.0
1114280,0.0
1098157,0.0
1419588,0.0
1082740,0.0
1433681,0.0
1067435,0.0
1155657,0.0
1281207,0.0
1490318,0.0
1084864,0.0
1435085,0.0
1356353,0.0
1415607,0.0
1334640,0.0
1297961,0.0
1342342,0.0
1029422,0.0
1190784,0.0
1441059,0.0
1134065,0.0
1010627,0.0
1136200,0.0
1382153,0.0
1096987,0.0
1158069,0.0
1121635,0.0
1150358,0.0
1077324,0.0
1215019,0.0
1363375,0.0
1137912,0.0
1468001,311.0
1317986,0.0
1465417,0.0
1172075,0.0
1394786,0.0
1175490,0.0
1363049,0.0
1358565,0.0
1312142,0.0
1473003,0.0
1043675,0.0
1189088,0.0
1103745,0.0
1077514,0.0
1200158,0.0
1468882,0.0
1151507,0.0
1007265,0.0
1185048,0.0
1488743,0.0
1134676,0.0
1217059,0.0
1337499,0.0
1257318,0.0
1486782,0.0
1252862,0.0
1289314,0.0
1254687,0.0
1020087,0.0
1468256,311.0
1073474,0.0
1205259,0.0
1201329,0.0
1054541,0.0
1237169,0.0
1035323,0.0
1280934,0.0
1155695,0.0
1211335,0.0
1328196,0.0
1083041,0.0
1025411,0.0
1275812,0.0
1132104,0.0
1459804,0.0
1052572,0.0
1123645,0.0
1350405,0.0
1292193,0.0
1397778,0.0
1237836,0.0
1155353,0.0
1057722,0.0
1274485,0.0
1497047,0.0
1269935,0.0
1317971,0.0
1316420,0.0
1076136,0.0
1465717,0.0
1192548,0.0
1272411,0.0
1307453,0.0
1390209,0.0
1396591,0.0
1207029,0.0
1386805,0.0
1221459,311.0
1204605,0.0
1218108,0.0
1434356,0.0
1097232,0.0
1116834,0.0
1186950,0.0
1080504,0.0
1401133,0.0
1005512,0.0
1087904,0.0
1233422,0.0
1451461,0.0
1060105,0.0
1402994,0.0
1015394,0.0
1064767,0.0
1492943,0.0
1410066,0.0
1139055,0.0
1489232,0.0
1070424,0.0
1405502,0.0
1259325,0.0
1361061,0.0
1431485,0.0
1064580,0.0
1304965,0.0
1047356,0.0
1307778,0.0
1457212,0.0
1213952,0.0
1191343,0.0
1154706,0.0
1271717,0.0
1398750,0.0
1341876,0.0
1422024,0.0
1413467,0.0
1325121,0.0
1151232,0.0
1279111,0.0
1360376,0.0
1169611,0.0
1311405,0.0
1310403,0.0
1248441,0.0
1329548,0.0
1046279,0.0
1497254,0.0
1163695,0.0
1274761,0.0
1495378,0.0
1362663,0.0
1019457,0.0
1191888,0.0
1013907,0.0
1063119,0.0
1234655,0.0
1259715,0.0
1284851,0.0
1015130,0.0
1167983,0.0
1423160,0.0
1434042,0.0
1129473,0.0
1076570,0.0
1042497,0.0
1190479,0.0
1038318,0.0
1000127,0.0
1011159,0.0
1495646,0.0
1076420,0.0
1010745,0.0
1402515,0.0
1197982,0.0
1043744,0.0
1457953,0.0
1130000,0.0
1059530,0.0
1466396,0.0
1077306,0.0
1102343,0.0
1316991,0.0
1391982,0.0
1052729,0.0
1047101,0.0
1325280,0.0
1191994,0.0
1009944,0.0
1353405,0.0
1080744,0.0
1411958,0.0
1412982,0.0
1020171,0.0
1031252,0.0
1016213,0.0
1428133,0.0
1385890,0.0
1392951,0.0
1232151,0.0
1359146,0.0
1441886,0.0
1218820,0.0
1267627,0.0
1373638,0.0
1212950,0.0
1313223,0.0
1040381,0.0
1380927,0.0
1027765,0.0
1033339,0.0
1425660,0.0
1113685,0.0
1401462,0.0
1273474,0.0
1091363,0.0
1492838,0.0
1320703,0.0
1194501,0.0
1324100,0.0
1471562,0.0
1272207,0.0
1386706,0.0
1475574,0.0
1109837,0.0
1118679,0.0
1190647,0.0
1328963,0.0
1430846,0.0
1158154,0.0
1197145,0.0
1190178,0.0
1378832,0.0
1322978,0.0
1379618,0.0
1003304,0.0
1210043,0.0
1213573,0.0
1245394,0.0
1436052,0.0
1481719,0.0
1146138,0.0
1114349,0.0
1217859,0.0
1108742,0.0
1251268,0.0
1006386,0.0
1161492,0.0
1358060,0.0
1371287,0.0
1256315,0.0
1121055,0.0
1475537,0.0
1347318,0.0
1454603,0.0
1358350,0.0
1213905,0.0
1253272,0.0
1487325,0.0
1013460,0.0
1315234,0.0
1250556,0.0
1265800,0.0
1465665,0.0
1103726,0.0
1494205,0.0
1189067,0.0
1471552,0.0
1453612,0.0
1377134,0.0
1130559,0.0
1357157,0.0
1409994,0.0
1294522,0.0
1151562,0.0
1050376,0.0
1428932,0.0
1465957,0.0
1319696,0.0
1407657,0.0
1352086,0.0
1418187,0.0
1048311,0.0
1165831,0.0
1132616,0.0
1083784,0.0
1416037,0.0
1435204,0.0
1186545,0.0
1268657,0.0
1181753,0.0
1458923,0.0
1344823,0.0
1479610,0.0
1274250,0.0
1323910,0.0
1003508,0.0
1092809,0.0
1275720,0.0
1408837,0.0
1481979,0.0
1028951,0.0
1373822,0.0
1378974,0.0
1046692,0.0
1011254,0.0
1273103,0.0
1327930,0.0
1055553,0.0
1383239,0.0
1026289,0.0
1318608,0.0
1313750,0.0
1325803,0.0
1256323,0.0
1037238,0.0
1368563,0.0
1079212,0.0
1167023,0.0
1278023,0.0
1231837,0.0
1035823,0.0
1253401,0.0
1061037,0.0
1292684,0.0
1124624,0.0
1111998,0.0
1109928,0.0
1490077,0.0
1033222,0.0
1198020,0.0
1466824,0.0
1233925,0.0
1470068,0.0
1218519,0.0
1336140,0.0
1301315,0.0
1155421,0.0
1194917,0.0
1173000,0.0
1354418,0.0
1215320,0.0
1061139,0.0
1180146,0.0
1090955,0.0
1147950,0.0
1207215,0.0
1318775,0.0
1204027,0.0
1413965,0.0
1331579,0.0
1312626,0.0
1218834,0.0
1032713,0.0
1271703,0.0
1085153,0.0
1084295,0.0
1359593,0.0
1047132,0.0
1270406,0.0
1018816,0.0
1152664,0.0
1041786,0.0
1094765,0.0
1347013,0.0
1491511,0.0
1389945,0.0
1055106,0.0
1289462,0.0
1008838,0.0
1247371,0.0
1126864,0.0
1451674,0.0
1385517,0.0
1154247,0.0
1179404,0.0
1405934,0.0
1142085,0.0
1009709,0.0
1327954,0.0
1348230,0.0
1317437,0.0
1358874,0.0
1066722,0.0
1426661,0.0
1189682,0.0
1361421,0.0
1488795,0.0
1394848,0.0
1412980,0.0
1388481,0.0
1482717,0.0
1207154,0.0
1080646,0.0
1423780,0.0
1076968,0.0
1492097,311.0
1444295,0.0
1338940,0.0
1066511,0.0
1156979,0.0
1056205,0.0
1418176,0.0
1041452,0.0
1287446,0.0
1401376,0.0
1365246,0.0
1368785,0.0
1101540,0.0
1364650,0.0
1010363,0.0
1059056,0.0
1325139,0.0
1002435,0.0
1354416,0.0
1276165,0.0
1327823,0.0
1463775,0.0
1401014,0.0
1348216,0.0
1284993,0.0
1307954,0.0
1097182,0.0
1460667,0.0
1116900,0.0
1141794,0.0
1423616,0.0
1297883,0.0
1338844,0.0
1270382,0.0
1176990,0.0
1109609,0.0
1125886,0.0
1459649,0.0
1370105,0.0
1365258,0.0
1217805,0.0
1383782,0.0
1332940,0.0
1415280,0.0
1281939,0.0
1377594,0.0
1097453,0.0
1187092,0.0
1392729,0.0
1232474,0.0
1119483,0.0
1130256,0.0
1042242,0.0
1122806,0.0
1493799,0.0
1487003,0.0
1322423,0.0
1465439,0.0
1357396,0.0
1055674,0.0
1061706,0.0
1188591,0.0
1345516,0.0
1164926,0.0
1157352,0.0
1162495,0.0
1439572,0.0
1252122,0.0
1473136,0.0
1414239,0.0
1227902,0.0
1475674,0.0
1074156,0.0
1124415,0.0
1429469,0.0
1196202,0.0
1207213,0.0
1220768,0.0
1219884,0.0
1476173,0.0
1258695,0.0
1190890,0.0
1302775,0.0
1166615,0.0
1168141,0.0
1347061,0.0
1234023,0.0
1217405,0.0
1137757,0.0
1142488,0.0
1312713,0.0
1254886,0.0
1175778,0.0
1273113,0.0
1438146,0.0
1311889,0.0
1109876,0.0
1314145,0.0
1140803,0.0
1026912,0.0
1455331,0.0
1156368,0.0
1224254,0.0
1423832,0.0
1432432,0.0
1218398,0.0
1189072,0.0
1349200,0.0
1210564,0.0
1306324,0.0
1246324,0.0
1007274,0.0
1416495,0.0
1482738,0.0
1112624,0.0
1071982,0.0
1007464,0.0
1032604,0.0
1373185,0.0
1491158,0.0
1185291,0.0
1364764,0.0
1193094,0.0
1386568,0.0
1204718,0.0
1412333,0.0
1371558,0.0
1107600,0.0
1413888,0.0
1427250,0.0
1044881,0.0
1332733,0.0
1325149,0.0
1286591,0.0
1066069,0.0
1274735,0.0
1471120,0.0
1252651,0.0
1477762,0.0
1331846,0.0
1368853,0.0
1309782,0.0
1105042,0.0
1099051,0.0
1294198,0.0
1204789,0.0
1341777,0.0
1455309,0.0
1433285,0.0
1012505,0.0
1104929,0.0
1114635,0.0
1084924,0.0
1157371,0.0
1190987,0.0
1041636,0.0
1089516,0.0
1020854,0.0
1307783,0.0
1201333,0.0
1462723,0.0
1110181,0.0
1165740,0.0
1398485,0.0
1071026,0.0
1183503,0.0
1215898,0.0
1052604,0.0
1239988,0.0
1363046,0.0
1337424,0.0
1015074,0.0
1221444,0.0
1113063,0.0
1154806,0.0
1109703,0.0
1021912,0.0
1298180,0.0
1384906,0.0
1308789,0.0
1427380,0.0
1210445,0.0
1377696,0.0
1041733,0.0
1458994,0.0
1455799,0.0
1341588,0.0
1034394,0.0
1396890,0.0
1429960,0.0
1267932,0.0
1211830,0.0
1272619,0.0
1095155,0.0
1260998,0.0
1446344,0.0
1113545,0.0
1165254,0.0
1035393,0.0
1190535,0.0
1135656,0.0
1387179,0.0
1016058,0.0
1213128,0.0
1498348,0.0
1037275,0.0
1306497,0.0
1173215,0.0
1313071,0.0
1243501,0.0
1181479,0.0
1251517,0.0
1019878,0.0
1179192,0.0
1395274,0.0
1323008,0.0
1277683,0.0
1348796,0.0
1357767,0.0
1261781,0.0
1317465,0.0
1404060,0.0
1067530,0.0
1441892,0.0
1188240,0.0
1223568,0.0
1477410,0.0
1341241,0.0
1084874,0.0
1176180,0.0
1350329,0.0
1172618,0.0
1449340,0.0
1377191,0.0
1478466,0.0
1412159,0.0
1415286,0.0
1496971,0.0
1429780,0.0
1018985,0.0
1463282,0.0
1228365,0.0
1078001,0.0
1097877,0.0
1145821,0.0
1168967,0.0
1102821,0.0
1440816,0.0
1307971,0.0
1480181,0.0
1398113,0.0
1481125,0.0
1238037,0.0
1302813,0.0
1157998,0.0
1100814,0.0
1414249,0.0
1064239,0.0
1239602,0.0
1364760,0.0
1087470,0.0
1122068,0.0
1101824,0.0
1318121,0.0
1459062,0.0
1150712,0.0
1097552,0.0
1335537,0.0
1233535,0.0
1253969,0.0
1042781,0.0
1153942,0.0
1087640,0.0
1479828,0.0
1140662,0.0
1411918,0.0
1149789,0.0
1359316,0.0
1312063,0.0
1272016,0.0
1140449,0.0
1043355,0.0
1025691,0.0
1224186,0.0
1426162,0.0
1048220,0.0
1025558,0.0
1047097,0.0
1422931,0.0
1471480,0.0
1415987,0.0
1079860,0.0
1351993,0.0
1461917,0.0
1148180,0.0
1196301,0.0
1093029,0.0
1045723,0.0
1395446,0.0
1231823,0.0
1218303,0.0
1221218,0.0
1208015,0.0
1395932,0.0
1133957,0.0
1120215,0.0
1061156,0.0
1038221,0.0
1362836,0.0
1297712,0.0
1061253,0.0
1400730,0.0
1123458,0.0
1166811,0.0
1016126,0.0
1261795,0.0
1139004,0.0
1207970,0.0
1006063,0.0
1201464,0.0
1469353,0.0
1237384,0.0
1205460,0.0
1184746,0.0
1051349,0.0
1309800,0.0
1191930,0.0
1482127,0.0
1255449,0.0
1134444,0.0
1198260,0.0
1461834,0.0
1440765,0.0
1272010,0.0
1251272,0.0
1062635,0.0
1316515,0.0
1215917,0.0
1095872,0.0
1329014,0.0
1425452,0.0
1187938,0.0
1023244,0.0
1175478,0.0
1126925,0.0
1398366,0.0
1152312,0.0
1363630,0.0
1221495,0.0
1058161,0.0
1049337,0.0
1227943,0.0
1224486,0.0
1304927,0.0
1011053,0.0
1286223,0.0
1283181,0.0
1067400,0.0
1441563,0.0
1418704,0.0
1000531,0.0
1044876,0.0
1370466,0.0
1174805,0.0
1488970,0.0
1305781,0.0
1009743,0.0
1029249,0.0
1347941,0.0
1493775,0.0
1419171,0.0
1301631,0.0
1434397,0.0
1320423,0.0
1125818,0.0
1491444,0.0
1440692,0.0
1143262,0.0
1429564,0.0
1403272,0.0
1336168,0.0
1103794,0.0
1100366,0.0
1231147,0.0
1318939,0.0
1323615,0.0
1400460,0.0
1267608,0.0
1254236,0.0
1493015,0.0
1397681,0.0
1432364,0.0
1147010,0.0
1450106,0.0
1301647,0.0
1398942,0.0
1468483,0.0
1390931,0.0
1209189,0.0
1488426,0.0
1225360,0.0
1240032,0.0
1350236,0.0
1223002,0.0
1302037,0.0
1087910,0.0
1268663,0.0
1320986,0.0
1446108,0.0
1233956,0.0
1175659,0.0
1400458,0.0
1105463,0.0
1251776,0.0
1479035,0.0
1313337,0.0
1227743,0.0
1210597,0.0
1081595,0.0
1451525,0.0
1180851,0.0
1144575,0.0
1219773,0.0
1393045,0.0
1212895,0.0
1037638,0.0
1207482,0.0
1372137,0.0
1374959,0.0
1378330,0.0
1359565,0.0
1321731,0.0
1215039,0.0
1489247,0.0
1176682,0.0
1388982,0.0
1020188,0.0
1255737,0.0
1473804,0.0
1015629,0.0
1461366,0.0
1331567,0.0
1132288,0.0
1387910,0.0
1273491,0.0
1262326,0.0
1346952,0.0
1174172,0.0
1215881,0.0
1033219,0.0
1041770,0.0
1218567,0.0
1402114,0.0
1276377,0.0
1231259,0.0
1049402,0.0
1431933,0.0
1002726,0.0
1432281,0.0
1294224,0.0
1049747,0.0
1402031,0.0
1099823,0.0
1333295,0.0
1233979,0.0
1255867,0.0
1204185,0.0
1157387,0.0
1061848,0.0
1282758,0.0
1084106,0.0
1387632,0.0
1404581,0.0
1399873,0.0
1469693,0.0
1312840,0.0
1367681,0.0
1287575,0.0
1158242,0.0
1042443,0.0
1445581,0.0
1446321,0.0
1080016,0.0
1456847,0.0
1035890,0.0
1482218,0.0
1011587,0.0
1075257,0.0
1388606,0.0
1294557,0.0
1144032,0.0
1352556,0.0
1379192,0.0
1147337,0.0
1059909,0.0
1499828,0.0
1128779,0.0
1356527,0.0
1144794,0.0
1493213,0.0
1474599,311.0
1471305,0.0
1230194,0.0
1278981,0.0
1424334,0.0
1132799,0.0
1167044,0.0
1478019,0.0
1271271,0.0
1290510,311.0
1049307,0.0
1238277,0.0
1266690,0.0
1199433,0.0
1088470,0.0
1324588,0.0
1060321,0.0
1310566,0.0
1225001,0.0
1226502,0.0
1287196,0.0
1071387,0.0
1328779,0.0
1031721,0.0
1388615,0.0
1314481,0.0
1108889,0.0
1300350,0.0
1358310,0.0
1356066,0.0
1431400,0.0
1311218,0.0
1182403,0.0
1116567,0.0
1377731,0.0
1167940,0.0
1302524,0.0
1169331,0.0
1359107,0.0
1085144,0.0
1028427,0.0
1021678,0.0
1476370,0.0
1371620,0.0
1062346,0.0
1049778,0.0
1222112,0.0
1028218,0.0
1102147,0.0
1033765,0.0
1398637,0.0
1424899,0.0
1003967,0.0
1216755,0.0
1382848,0.0
1006636,0.0
1255187,0.0
1002825,0.0
1432434,0.0
1458669,0.0
1136618,0.0
1298435,0.0
1017459,0.0
1480827,0.0
1299518,0.0
1176115,0.0
1215512,0.0
1356082,0.0
1133587,0.0
1386654,0.0
1123716,0.0
1109478,0.0
1438311,0.0
1114154,0.0
1150037,0.0
1066068,0.0
1351758,0.0
1435257,0.0
1112290,0.0
1402527,0.0
1443517,311.0
1020688,0.0
1113888,0.0
1307127,0.0
1497480,0.0
1451868,0.0
1252788,0.0
1408863,0.0
1208940,0.0
1466302,0.0
1303316,0.0
1158006,0.0
1384034,0.0
1309594,0.0
1346198,0.0
1352497,0.0
1362391,0.0
1027892,0.0
1418720,0.0
1310185,0.0
1445820,0.0
1050364,0.0
1249726,0.0
1337606,0.0
1475476,0.0
1453888,0.0
1305515,0.0
1140432,0.0
1239456,0.0
1070446,0.0
1119188,0.0
1218581,0.0
1370288,0.0
1375139,0.0
1031326,0.0
1405867,0.0
1028118,0.0
1044889,0.0
1481854,0.0
1373268,0.0
1246191,0.0
1469635,0.0
1141599,0.0
1206791,0.0
1227566,0.0
1176711,0.0
1071025,0.0
1098869,0.0
1134748,0.0
1431191,0.0
1321009,0.0
1014062,0.0
1296580,0.0
1286715,0.0
1281292,0.0
1172572,0.0
1374201,0.0
1263233,0.0
1481851,0.0
1245821,0.0
1330516,0.0
1321932,0.0
1237549,0.0
1146827,0.0
1457955,0.0
1084735,0.0
1372396,0.0
1496028,0.0
1296951,0.0
1118153,0.0
1402941,0.0
1484875,0.0
1198850,0.0
1283683,0.0
1356046,0.0
1224330,0.0
1090698,0.0
1295691,0.0
1292802,0.0
1475126,0.0
1429767,0.0
1020680,0.0
1356602,0.0
1199633,0.0
1217087,0.0
1033763,0.0
1150992,0.0
1014413,0.0
1327452,0.0
1319045,0.0
1051015,0.0
1243278,0.0
1285602,0.0
1019836,0.0
1352515,0.0
1282703,0.0
1394147,0.0
1376159,0.0
1025888,0.0
1318041,0.0
1391652,0.0
1486220,0.0
1360701,0.0
1270031,0.0
1438003,0.0
1120877,0.0
1489926,0.0
1459041,0.0
1263948,0.0
1401658,0.0
1016096,0.0
1414784,0.0
1135055,0.0
1165756,0.0
1029652,0.0
1176747,0.0
1297987,0.0
1360564,0.0
1353409,0.0
1055062,0.0
1331601,0.0
1400538,0.0
1272139,0.0
1121842,0.0
1089929,0.0
1350289,0.0
1300844,0.0
1083292,0.0
1360072,0.0
1021981,0.0
1372749,311.0
1474101,0.0
1380886,0.0
1197547,0.0
1185551,0.0
1493218,0.0
1429824,0.0
1095993,0.0
1196527,0.0
1012703,0.0
1379033,0.0
1491023,0.0
1171211,0.0
1233401,0.0
1322706,0.0
1402535,0.0
1417777,0.0
1433797,0.0
1176726,0.0
1110072,0.0
1319585,0.0
1069064,0.0
1422708,0.0
1117036,0.0
1144316,0.0
1337096,0.0
1110407,0.0
1031522,0.0
1210516,0.0
1282552,0.0
1103032,0.0
1134238,0.0
1173143,0.0
1460062,0.0
1289857,0.0
1081483,0.0
1293946,0.0
1169768,0.0
1019604,0.0
1373197,0.0
1057638,0.0
1061420,0.0
1010307,0.0
1424009,0.0
1143977,0.0
1484953,0.0
1461892,0.0
1260223,0.0
1235435,0.0
1054157,0.0
1080254,0.0
1156508,0.0
1270266,0.0
1207528,0.0
1091118,0.0
1476847,0.0
1136234,0.0
1233036,0.0
1238986,0.0
1325999,0.0
1456063,0.0
1222185,0.0
1000914,0.0
1391457,0.0
1154903,0.0
1282451,0.0
1153827,0.0
1203036,0.0
1359060,0.0
1102552,0.0
1482823,0.0
1308925,0.0
1062083,0.0
1381272,0.0
1304391,0.0
1366625,0.0
1486675,0.0
1467660,0.0
1417238,0.0
1265645,0.0
1307235,0.0
1116488,0.0
1056319,0.0
1320396,0.0
1057904,0.0
1313695,0.0
1363498,0.0
1196056,0.0
1142410,0.0
1448722,0.0
1399814,0.0
1234686,0.0
1031013,0.0
1237510,0.0
1454059,0.0
1228616,0.0
1140133,0.0
1175672,0.0
1142843,0.0
1485113,0.0
1385344,0.0
1119550,0.0
1199984,0.0
1496575,0.0
1009225,0.0
1049774,0.0
1340348,0.0
1125502,0.0
1465520,0.0
1113406,0.0
1162490,0.0
1139260,0.0
1252295,0.0
1306567,0.0
1165362,0.0
1207409,0.0
1269716,0.0
1270504,0.0
1277434,0.0
1178206,0.0
1264587,0.0
1114439,0.0
1375688,0.0
1277972,0.0
1217436,0.0
1174466,0.0
1114608,0.0
1293797,0.0
1317154,0.0
1240320,0.0
1413250,0.0
1299662,0.0
1161052,0.0
1381124,0.0
1337395,0.0
1330452,0.0
1183080,0.0
1116990,0.0
1024218,0.0
1187068,0.0
1321905,0.0
1321815,0.0
1022883,0.0
1112746,0.0
1499105,0.0
1303623,0.0
1362036,0.0
1300135,0.0
1388988,0.0
1128508,0.0
1443272,0.0
1293085,0.0
1456990,0.0
1331381,0.0
1264789,0.0
1474583,0.0
1117604,0.0
1211899,0.0
1308012,0.0
1068633,0.0
1312066,0.0
1162592,0.0
1202168,0.0
1251786,0.0
1444312,0.0
1349255,0.0
1140050,0.0
1289787,0.0
1491526,0.0
1487137,0.0
1071687,0.0
1300579,0.0
1171591,0.0
1055337,0.0
1473987,0.0
1399761,0.0
1274564,0.0
1269004,0.0
1110962,0.0
1227656,0.0
1419068,0.0
1463873,0.0
1402030,0.0
1146461,0.0
1309768,0.0
1024879,0.0
1195370,0.0
1432323,0.0
1192832,0.0
1139374,0.0
1251873,0.0
1425548,0.0
1420456,0.0
1386849,0.0
1367988,0.0
1426570,0.0
1489321,0.0
1205477,0.0
1173914,0.0
1160894,0.0
1168852,0.0
1113928,0.0
1222271,0.0
1425594,0.0
1116633,0.0
1043673,0.0
1139943,0.0
1222855,0.0
1231529,0.0
1361358,0.0
1347690,0.0
1325444,0.0
1118472,0.0
1269724,0.0
1084827,0.0
1185867,0.0
1197167,0.0
1499035,0.0
1131544,0.0
1251976,0.0
1315178,0.0
1261856,0.0
1263106,0.0
1463681,0.0
1227492,0.0
1361780,0.0
1478158,0.0
1115766,0.0
1473259,0.0
1211035,0.0
1223903,0.0
1438832,0.0
1481698,0.0
1177597,0.0
1155127,0.0
1244735,0.0
1433866,0.0
1278599,0.0
1395217,0.0
1033551,0.0
1415100,0.0
1156808,0.0
1151999,0.0
1263309,0.0
1172110,0.0
1360848,0.0
1225582,0.0
1238226,0.0
1221492,0.0
1227242,0.0
1339516,0.0
1486528,0.0
1100757,0.0
1410218,0.0
1132798,0.0
1381030,0.0
1292348,0.0
1263998,0.0
1171030,0.0
1096804,0.0
1450673,0.0
1414571,0.0
1017270,0.0
1060387,0.0
1242119,0.0
1452755,0.0
1403191,0.0
1048938,0.0
1210751,0.0
1189297,0.0
1164305,0.0
1111577,0.0
1041201,0.0
1286442,0.0
1245747,0.0
1050380,0.0
1276162,0.0
1088612,0.0
1245639,0.0
1133040,0.0
1353005,0.0
1482150,0.0
1001037,0.0
1259996,0.0
1304546,0.0
1032834,0.0
1255320,0.0
1245004,0.0
1197587,0.0
1197492,0.0
1454073,0.0
1190207,0.0
1092532,0.0
1138143,0.0
1321540,0.0
1297442,0.0
1136775,0.0
1352852,0.0
1138673,0.0
1175473,0.0
1325558,0.0
1301604,0.0
1339781,0.0
1495463,0.0
1362178,0.0
1025247,0.0
1445468,0.0
1435668,0.0
1121782,0.0
1355617,0.0
1258300,0.0
1495420,0.0
1188205,0.0
1261755,0.0
1205071,0.0
1192336,0.0
1468731,0.0
1005332,0.0
1065783,0.0
1201129,0.0
1380060,0.0
1483696,0.0
1047140,0.0
1277215,0.0
1490233,0.0
1088986,0.0
1301668,0.0
1036327,0.0
1290673,0.0
1316201,0.0
1179480,0.0
1387257,0.0
1450663,0.0
1392222,0.0
1203171,0.0
1450107,0.0
1053905,0.0
1461034,0.0
1439454,0.0
1424299,0.0
1287364,0.0
1127484,0.0
1436002,0.0
1038852,0.0
1173767,0.0
1154170,0.0
1316352,0.0
1271542,0.0
1104690,0.0
1403213,0.0
1115564,0.0
1019496,0.0
1266012,0.0
1314952,0.0
1294366,0.0
1420814,0.0
1240207,0.0
1079149,311.0
1017146,0.0
1203613,0.0
1107845,0.0
1143676,0.0
1103583,0.0
1145942,0.0
1148385,0.0
1156704,0.0
1026147,0.0
1287164,0.0
1116620,0.0
1325619,311.0
1421430,0.0
1061575,0.0
1337054,0.0
1316677,0.0
1167018,0.0
1314631,0.0
1492637,0.0
1061472,0.0
1066515,0.0
1000237,0.0
1095601,0.0
1251129,0.0
1193459,0.0
1352845,0.0
1394938,0.0
1107553,0.0
1413805,0.0
1458659,0.0
1441231,0.0
1162420,0.0
1271507,0.0
1413046,0.0
1089623,0.0
1491051,0.0
1490279,0.0
1194113,0.0
1124427,0.0
1487219,0.0
1350558,0.0
1449547,0.0
1207523,0.0
1374767,0.0
1062397,0.0
1128597,0.0
1065924,0.0
1441542,0.0
1257698,0.0
1444290,0.0
1451414,0.0
1043957,0.0
1373757,0.0
1219727,0.0
1318474,0.0
1219711,0.0
1036885,0.0
1068866,0.0
1188384,0.0
1295157,0.0
1381768,0.0
1488755,0.0
1237785,0.0
1430193,0.0
1251853,0.0
1147826,0.0
1133252,0.0
1341789,0.0
1280894,0.0
1159601,0.0
1045452,0.0
1494843,0.0
1076974,0.0
1349421,0.0
1274572,0.0
1432042,0.0
1338612,0.0
1046381,0.0
1241247,0.0
1294489,0.0
1185615,0.0
1443391,0.0
1216208,0.0
1149470,0.0
1002439,0.0
1115754,0.0
1405315,0.0
1220660,0.0
1339963,0.0
1073468,0.0
1288220,0.0
1354149,0.0
1320422,0.0
1153097,0.0
1287733,0.0
1322822,0.0
1086325,0.0
1308336,0.0
1368778,0.0
1208742,0.0
1237123,0.0
1105577,0.0
1201804,0.0
1036178,0.0
1226196,0.0
1158425,0.0
1494002,0.0
1056075,0.0
1237960,0.0
1427037,0.0
1450481,0.0
1363262,0.0
1417288,0.0
1141529,0.0
1498763,0.0
1368952,0.0
1442046,0.0
1013564,0.0
1145496,0.0
1469983,0.0
1356790,0.0
1292764,0.0
1213627,0.0
1182264,0.0
1098551,0.0
1079642,0.0
1179564,0.0
1025744,0.0
1183189,0.0
1184297,0.0
1093850,0.0
1330035,0.0
1450161,0.0
1346626,0.0
1055652,0.0
1195185,0.0
1148634,0.0
1278952,0.0
1067294,311.0
1046741,0.0
1265951,311.0
1300214,0.0
1107432,0.0
1463183,0.0
1281332,0.0
1292460,0.0
1197323,0.0
1071315,0.0
1076174,0.0
1246394,0.0
1103208,0.0
1237425,0.0
1497568,0.0
1133254,0.0
1204857,0.0
1217303,0.0
1356618,0.0
1437446,0.0
1214026,0.0
1446810,0.0
1148475,0.0
1295424,0.0
1420350,0.0
1449451,0.0
1148750,0.0
1215972,0.0
1323629,0.0
1102858,0.0
1081770,0.0
1471166,0.0
1067847,0.0
1427690,0.0
1317813,0.0
1043065,0.0
1100547,0.0
1278379,0.0
1239530,0.0
1233374,0.0
1431065,0.0
1463915,0.0
1117031,0.0
1187963,0.0
1223264,0.0
1297409,0.0
1208972,0.0
1102430,0.0
1474898,0.0
1291095,0.0
1028916,0.0
1124463,0.0
1340396,0.0
1222836,0.0
1013437,0.0
1456018,0.0
1036876,0.0
1486601,0.0
1238863,0.0
1042125,0.0
1482372,0.0
1053604,0.0
1056436,0.0
1271238,0.0
1142944,0.0
1068268,0.0
1323791,0.0
1227936,0.0
1027805,0.0
1302218,0.0
1459589,0.0
1144960,0.0
1162539,0.0
1319182,0.0
1274740,0.0
1071305,0.0
1057456,0.0
1348911,0.0
1315441,0.0
1346976,0.0
1359818,0.0
1066167,0.0
1478541,0.0
1426278,0.0
1455569,0.0
1291439,0.0
1466747,0.0
1381463,0.0
1024922,0.0
1498440,0.0
1133390,0.0
1065475,0.0
1316995,0.0
1391805,0.0
1166168,0.0
1304194,0.0
1171600,0.0
1289811,0.0
1410167,0.0
1222485,0.0
1273699,0.0
1124837,0.0
1071845,0.0
1129187,0.0
1040528,0.0
1011546,0.0
1317257,0.0
1296819,0.0
1477335,0.0
1064636,0.0
1378578,0.0
1396028,0.0
1437845,0.0
1210423,0.0
1214700,0.0
1417694,0.0
1408893,0.0
1255517,0.0
1490021,0.0
1044217,0.0
1102828,0.0
1308103,0.0
1029438,0.0
1147448,0.0
1180567,0.0
1055471,0.0
1364734,0.0
1172936,0.0
1233491,0.0
1218270,0.0
1397443,0.0
1493367,0.0
1100337,0.0
1464291,0.0
1205352,0.0
1488828,0.0
1081336,0.0
1352120,0.0
1441344,0.0
1392642,0.0
1305871,0.0
1367679,0.0
1227524,0.0
1102349,0.0
1153179,0.0
1098178,0.0
1414645,0.0
1327982,0.0
1344090,0.0
1090713,0.0
1271005,0.0
1453811,0.0
1476364,0.0
1011568,0.0
1267896,0.0
1219427,0.0
1078903,0.0
1066252,0.0
1489889,0.0
1355379,0.0
1269505,311.0
1395715,311.0
1176424,0.0
1143026,0.0
1413929,0.0
1335032,0.0
1441521,0.0
1246340,0.0
1010649,0.0
1226646,0.0
1238200,0.0
1422436,0.0
1103810,0.0
1389176,0.0
1422043,0.0
1046510,0.0
1251652,0.0
1020182,0.0
1106208,0.0
1019222,0.0
1224601,0.0
1412784,0.0
1483334,0.0
1115459,0.0
1340117,0.0
1444837,0.0
1197741,0.0
1499162,0.0
1042279,0.0
1278195,0.0
1418429,0.0
1456270,0.0
1360411,0.0
1004505,0.0
1433634,0.0
1298996,0.0
1227612,0.0
1442439,0.0
1071851,0.0
1415551,0.0
1303923,0.0
1338978,0.0
1346333,0.0
1138796,0.0
1090656,0.0
1294117,0.0
1039342,0.0
1254043,0.0
1227283,0.0
1084326,0.0
1222544,0.0
1312264,0.0
1334845,0.0
1033531,0.0
1296537,0.0
1339243,0.0
1129395,0.0
1064304,0.0
1185689,0.0
1196516,0.0
1171196,0.0
1435184,0.0
1183910,0.0
1259803,0.0
1026735,0.0
1369293,0.0
1295180,0.0
1209709,0.0
1342487,0.0
1078164,0.0
1120902,0.0
1034243,0.0
1352451,0.0
1495918,0.0
1011382,0.0
1259767,0.0
1362892,0.0
1325722,0.0
1084175,0.0
1388369,0.0
1276621,0.0
1259464,0.0
1033678,0.0
1087374,0.0
1121365,0.0
1100902,0.0
1309141,0.0
1250190,0.0
1029979,0.0
1179024,0.0
1340245,0.0
1107277,0.0
1267082,0.0
1219309,0.0
1408207,0.0
1230994,0.0
1251881,0.0
1253118,0.0
1462434,0.0
1101243,0.0
1421375,0.0
1270557,0.0
1235260,0.0
1181176,0.0
1374528,0.0
1413988,0.0
1452750,0.0
1062304,0.0
1253336,0.0
1071558,0.0
1103361,0.0
1295266,0.0
1485137,0.0
1344143,0.0
1322258,0.0
1368908,0.0
1283324,0.0
1074093,0.0
1170957,0.0
1209068,0.0
1145750,0.0
1346301,0.0
1150554,0.0
1121159,0.0
1448035,0.0
1022510,0.0
1283164,0.0
1123675,0.0
1024014,0.0
1456445,0.0
1395822,0.0
1053628,0.0
1059512,0.0
1163145,0.0
1057817,0.0
1203757,0.0
1014859,0.0
1068765,0.0
1210591,0.0
1461262,0.0
1039490,0.0
1059392,0.0
1329687,0.0
1008542,0.0
1438726,0.0
1100984,0.0
1376640,0.0
1268664,0.0
1114795,0.0
1022568,0.0
1173940,0.0
1185125,0.0
1478252,0.0
1072315,0.0
1317402,0.0
1249595,0.0
1403728,0.0
1214542,0.0
1237409,0.0
1322645,0.0
1333229,0.0
1358531,0.0
1165991,0.0
1213797,0.0
1318590,0.0
1415430,0.0
1239796,0.0
1000846,0.0
1328041,0.0
1098339,0.0
1147425,0.0
1169837,0.0
1338998,0.0
1487636,0.0
1042647,0.0
1298612,0.0
1392880,0.0
1075316,0.0
1161161,0.0
1237961,0.0
1392549,0.0
1197527,0.0
1149086,0.0
1149006,0.0
1104094,0.0
1355437,0.0
1096576,0.0
1104719,0.0
1149262,0.0
1333249,0.0
1130820,0.0
1426907,0.0
1114099,0.0
1101134,0.0
1143725,0.0
1037961,0.0
1184480,0.0
1200526,0.0
1189724,0.0
1088619,0.0
1062207,0.0
1366903,0.0
1164828,0.0
1017091,0.0
1385751,0.0
1357786,0.0
1440248,0.0
1408109,0.0
1181673,0.0
1157233,0.0
1041296,0.0
1034404,0.0
1438842,0.0
1100085,0.0
1153425,0.0
1050157,0.0
1410654,0.0
1206736,0.0
1337583,0.0
1279988,0.0
1033103,0.0
1049464,0.0
1199908,0.0
1097467,0.0
1214923,0.0
1288038,0.0
1009805,0.0
1043811,0.0
1497981,0.0
1382163,0.0
1472622,0.0
1355785,0.0
1123761,0.0
1030670,0.0
1032702,0.0
1332843,0.0
1034380,0.0
1356967,0.0
1365220,0.0
1154695,0.0
1432128,0.0
1029816,0.0
1320982,0.0
1476539,0.0
1326947,0.0
1200214,0.0
1442240,0.0
1042596,0.0
1404746,0.0
1228452,0.0
1206354,0.0
1147372,0.0
1354178,0.0
1141635,0.0
1145169,0.0
1258734,0.0
1471735,0.0
1069886,0.0
1326502,0.0
1221638,0.0
1198759,0.0
1375131,0.0
1224238,0.0
1221523,0.0
1439739,0.0
1042424,0.0
1029599,0.0
1287421,0.0
1242389,0.0
1463854,0.0
1452732,0.0
1130326,0.0
1412128,0.0
1479594,0.0
1214594,0.0
1339369,0.0
1207746,0.0
1239703,0.0
1193256,0.0
1046609,0.0
1469797,0.0
1007589,0.0
1030237,311.0
1048552,0.0
1261208,0.0
1032114,311.0
1459844,0.0
1103124,0.0
1123616,0.0
1118851,0.0
1029384,311.0
1059545,0.0
1133680,0.0
1143822,0.0
1258953,0.0
1147536,0.0
1496509,0.0
1125901,0.0
1349727,0.0
1105654,0.0
1185266,0.0
1158968,0.0
1188416,0.0
1111518,0.0
1178819,0.0
1313703,0.0
1271657,0.0
1370620,0.0
1367996,0.0
1199233,0.0
1315046,0.0
1126752,0.0
1167571,0.0
1253177,0.0
1473278,0.0
1030576,0.0
1008950,0.0
1161328,0.0
1366614,0.0
1420343,0.0
1401716,0.0
1034463,0.0
1459181,0.0
1472537,0.0
1029223,0.0
1014001,311.0
1172393,0.0
1408387,0.0
1095882,0.0
1311631,0.0
1188123,0.0
1265203,0.0
1220082,0.0
1218623,0.0
1168970,0.0
1398181,0.0
1486532,0.0
1154017,0.0
1451903,0.0
1064432,0.0
1491157,0.0
1336992,0.0
1335339,0.0
1450157,0.0
1372817,0.0
1006721,0.0
1099484,0.0
1154377,0.0
1128260,0.0
1463395,0.0
1386594,0.0
1152041,0.0
1083613,0.0
1483098,0.0
1425233,0.0
1439261,0.0
1034544,0.0
1341848,0.0
1314386,0.0
1484884,0.0
1392433,0.0
1203390,0.0
1368561,0.0
1439399,0.0
1330753,0.0
1289695,0.0
1000917,0.0
1117017,0.0
1411936,0.0
1197753,0.0
1434413,0.0
1148023,0.0
1082409,0.0
1293237,0.0
1445108,0.0
1310014,0.0
1419886,0.0
1479835,0.0
1154396,0.0
1208468,0.0
1273334,0.0
1272194,0.0
1224780,0.0
1023588,0.0
1457003,0.0
1103267,0.0
1005699,0.0
1168482,0.0
1430711,0.0
1065731,0.0
1163733,0.0
1398280,0.0
1192516,0.0
1400213,0.0
1299196,0.0
1083942,0.0
1354132,0.0
1303575,0.0
1415045,0.0
1194852,0.0
1389923,0.0
1395200,0.0
1159747,0.0
1016413,0.0
1045480,0.0
1009769,0.0
1008610,311.0
1161665,0.0
1151982,0.0
1147300,0.0
1173280,0.0
1227442,0.0
1170531,0.0
1180811,0.0
1078277,0.0
1169715,0.0
1125817,0.0
1115717,0.0
1422806,0.0
1137125,0.0
1246695,0.0
1416785,0.0
1165233,0.0
1365529,0.0
1387837,0.0
1481394,0.0
1275299,0.0
1220398,0.0
1376094,0.0
1221119,0.0
1486316,0.0
1169548,0.0
1292156,0.0
1289077,0.0
1017902,0.0
1047032,0.0
1334195,0.0
1449238,0.0
1462226,0.0
1110599,0.0
1120407,0.0
1094241,311.0
1022118,0.0
1309812,0.0
1279959,0.0
1285662,0.0
1178714,0.0
1030887,0.0
1367692,0.0
1150034,0.0
1064510,0.0
1468089,0.0
1348806,0.0
1146102,0.0
1372716,0.0
1110318,0.0
1307651,0.0
1323243,0.0
1437787,0.0
1125403,0.0
1072156,0.0
1131468,0.0
1222532,0.0
1385955,0.0
1097637,0.0
1460731,0.0
1375965,0.0
1494614,0.0
1025904,0.0
1026720,0.0
1386627,0.0
1041527,0.0
1499718,0.0
1183053,0.0
1173743,0.0
1064559,0.0
1188222,0.0
1050683,0.0
1426515,0.0
1390694,0.0
1050250,0.0
1132122,0.0
1366613,0.0
1175679,0.0
1350344,0.0
1021170,0.0
1277356,0.0
1359094,0.0
1292839,0.0
1200593,0.0
1229308,0.0
1236996,0.0
1388915,0.0
1290145,0.0
1476878,0.0
1493038,0.0
1419496,0.0
1185819,0.0
1311217,0.0
1040148,0.0
1472394,0.0
1142405,0.0
1426060,0.0
1261480,0.0
1496005,0.0
1147802,0.0
1076052,0.0
1208254,0.0
1175851,0.0
1243524,0.0
1094528,0.0
1394930,0.0
1220371,0.0
1103470,0.0
1090382,0.0
1173801,0.0
1226125,0.0
1235095,0.0
1472456,0.0
1437219,0.0
1464615,0.0
1025401,0.0
1311616,0.0
1174345,0.0
1412376,0.0
1427225,311.0
1254841,0.0
1011620,0.0
1390394,0.0
1149007,0.0
1145032,0.0
1076556,0.0
1173991,0.0
1263993,0.0
1074690,0.0
1414178,0.0
1130627,0.0
1057329,0.0
1398579,0.0
1070444,0.0
1087198,0.0
1398464,0.0
1071854,0.0
1417728,0.0
1176281,0.0
1041529,0.0
1089638,0.0
1247963,0.0
1267677,0.0
1424279,0.0
1340502,0.0
1210708,0.0
1417327,0.0
1340562,0.0
1043894,0.0
1131561,0.0
1161246,0.0
1472239,0.0
1364193,0.0
1165142,0.0
1025825,0.0
1119655,0.0
1409352,0.0
1011235,0.0
1401680,0.0
1011082,0.0
1005003,0.0
1010212,0.0
1074355,0.0
1130959,0.0
1368829,0.0
1123975,0.0
1192829,0.0
1149857,0.0
1227644,0.0
1215697,0.0
1209430,0.0
1392873,0.0
1315254,0.0
1336018,0.0
1074202,0.0
1462286,0.0
1179301,0.0
1083181,0.0
1208582,0.0
1241167,0.0
1003833,0.0
1489688,0.0
1381727,0.0
1296465,0.0
1147384,0.0
1335237,0.0
1118931,0.0
1110951,0.0
1362616,0.0
1094290,0.0
1223297,0.0
1368957,0.0
1478969,0.0
1257221,0.0
1009115,0.0
1436155,0.0
1376514,0.0
1383176,0.0
1115697,0.0
1052413,0.0
1275961,0.0
1199834,0.0
1435790,0.0
1415547,0.0
1111818,0.0
1472842,0.0
1462914,0.0
1434050,0.0
1474990,0.0
1219655,0.0
1121115,0.0
1464457,0.0
1187185,0.0
1460906,0.0
1218544,0.0
1480130,0.0
1462202,0.0
1115897,0.0
1318291,0.0
1172875,0.0
1106965,0.0
1300394,0.0
1036389,0.0
1223120,0.0
1133184,0.0
1149204,0.0
1261923,0.0
1109687,0.0
1382684,0.0
1259575,0.0
1011377,0.0
1420788,0.0
1334493,0.0
1099449,0.0
1105191,0.0
1254705,0.0
1007028,0.0
1022780,0.0
1441001,0.0
1103152,0.0
1288980,0.0
1216596,0.0
1325331,0.0
1162888,0.0
1303408,0.0
1090414,0.0
1367705,0.0
1048783,0.0
1172140,0.0
1357754,0.0
1118090,0.0
1226464,0.0
1271942,0.0
1294491,0.0
1313402,0.0
1350481,0.0
1202692,0.0
1244220,0.0
1433034,0.0
1436473,0.0
1290934,0.0
1075015,0.0
1102718,0.0
1104390,0.0
1329788,0.0
1117768,0.0
1456785,0.0
1376399,0.0
1193062,0.0
1157236,0.0
1223887,0.0
1499341,0.0
1239147,0.0
1291651,0.0
1261253,0.0
1403075,0.0
1358256,0.0
1417531,0.0
1492568,0.0
1085139,0.0
1134530,0.0
1363760,0.0
1192217,0.0
1025002,0.0
1342290,0.0
1166888,0.0
1336847,0.0
1164425,0.0
1204806,0.0
1488904,0.0
1254679,0.0
1217865,0.0
1293685,0.0
1448221,0.0
1024888,0.0
1166881,0.0
1048695,0.0
1329364,0.0
1205283,0.0
1133545,0.0
1355523,0.0
1132342,0.0
1231048,0.0
1488603,0.0
1158290,0.0
1450540,0.0
1152498,0.0
1082562,0.0
1421095,0.0
1431676,0.0
1021222,0.0
1343834,0.0
1338180,0.0
1051784,0.0
1139987,0.0
1170446,0.0
1123143,0.0
1210067,0.0
1227375,0.0
1096407,0.0
1279677,0.0
1137033,0.0
1411185,311.0
1311428,0.0
1442262,0.0
1120664,0.0
1010064,0.0
1474460,0.0
1226838,0.0
1267008,0.0
1147761,0.0
1358808,0.0
1486204,0.0
1224794,0.0
1076736,0.0
1485303,0.0
1408716,0.0
1033868,0.0
1230803,0.0
1313498,0.0
1413327,0.0
1495413,0.0
1374145,0.0
1109817,0.0
1069577,0.0
1288112,0.0
1366798,0.0
1149663,0.0
1168556,0.0
1073416,0.0
1182836,0.0
1400578,0.0
1454362,0.0
1467885,0.0
1476211,0.0
1383574,0.0
1496537,0.0
1133047,0.0
1101436,0.0
1001439,0.0
1064213,0.0
1401981,0.0
1454861,0.0
1196203,0.0
1036941,0.0
1154990,0.0
1233239,0.0
1391775,0.0
1381447,0.0
1411302,0.0
1078694,0.0
1385200,0.0
1434232,0.0
1233757,0.0
1028768,0.0
1368598,0.0
1303610,0.0
1444197,0.0
1258644,0.0
1200616,0.0
1270954,0.0
1163115,0.0
1169119,0.0
1052571,0.0
1106897,0.0
1425006,0.0
1102543,0.0
1198644,0.0
1433839,0.0
1103251,0.0
1273456,0.0
1403902,0.0
1378592,0.0
1125244,0.0
1163712,0.0
1058476,0.0
1280539,0.0
1478307,0.0
1294168,0.0
1284450,0.0
1485791,0.0
1226809,0.0
1267518,0.0
1423686,0.0
1445115,0.0
1012701,0.0
1492732,0.0
1128210,0.0
1443192,0.0
1375901,0.0
1339604,0.0
1450857,0.0
1388456,0.0
1021804,0.0
1181052,0.0
1242338,0.0
1234695,0.0
1093991,0.0
1456652,0.0
1497173,0.0
1425621,0.0
1149128,0.0
1102682,0.0
1346942,0.0
1335480,0.0
1457745,0.0
1242123,0.0
1312025,0.0
1319688,0.0
1491929,0.0
1173046,0.0
1336815,0.0
1487150,0.0
1423644,0.0
1194213,0.0
1008390,0.0
1375741,0.0
1326706,0.0
1314422,0.0
1219723,0.0
1015674,0.0
1157339,0.0
1443743,0.0
1203153,0.0
1164030,0.0
1347221,0.0
1120206,0.0
1063187,0.0
1494235,0.0
1456199,0.0
1228840,0.0
1141832,0.0
1287822,0.0
1240376,0.0
1474734,0.0
1306170,0.0
1192481,0.0
1067323,0.0
1433769,0.0
1387077,0.0
1379462,0.0
1231116,0.0
1174195,311.0
1334538,0.0
1264814,0.0
1032658,0.0
1463481,0.0
1015937,0.0
1269056,0.0
1307499,0.0
1301363,0.0
1332403,0.0
1102627,0.0
1484039,0.0
1282575,0.0
1316865,0.0
1072037,0.0
1426492,0.0
1298290,0.0
1052895,0.0
1355224,0.0
1096012,0.0
1404668,0.0
1156177,0.0
1049953,0.0
1247116,0.0
1286122,0.0
1231000,0.0
1279495,0.0
1318187,0.0
1373331,0.0
1376540,0.0
1336313,0.0
1312708,0.0
1010806,0.0
1339522,0.0
1190478,0.0
1171886,0.0
1049275,0.0
1165387,0.0
1016899,0.0
1422391,0.0
1480338,0.0
1230486,0.0
1125619,0.0
1219698,0.0
1011073,0.0
1187231,0.0
1300341,0.0
1184259,0.0
1234591,0.0
1236452,0.0
1041818,0.0
1036769,0.0
1192321,0.0
1008719,0.0
1072056,0.0
1183173,0.0
1206651,0.0
1246317,0.0
1099913,0.0
1108218,0.0
1467171,0.0
1099223,0.0
1091726,0.0
1429192,0.0
1271099,0.0
1224512,0.0
1022601,0.0
1114250,0.0
1458370,311.0
1071776,0.0
1189803,0.0
1248566,0.0
1381724,0.0
1194661,0.0
1272944,0.0
1363599,0.0
1027214,0.0
1077444,0.0
1455070,0.0
1343261,0.0
1492493,0.0
1307324,0.0
1077297,0.0
1475728,0.0
1202474,0.0
1362220,0.0
1046651,0.0
1273879,0.0
1444822,0.0
1076732,0.0
1441293,0.0
1112065,0.0
1197296,0.0
1287691,0.0
1170339,0.0
1038580,0.0
1393103,0.0
1124673,0.0
1349975,0.0
1320692,0.0
1325819,0.0
1093868,0.0
1458875,0.0
1427933,0.0
1379975,0.0
1268227,0.0
1306435,0.0
1293636,0.0
1456848,0.0
1287529,0.0
1417117,0.0
1103982,0.0
1129742,0.0
1325129,0.0
1076264,0.0
1437767,0.0
1132812,0.0
1437825,0.0
1027593,0.0
1260624,0.0
1371361,0.0
1049531,0.0
1457135,0.0
1012377,0.0
1051968,0.0
1116753,0.0
1284889,0.0
1129500,0.0
1023978,0.0
1031076,0.0
1014995,0.0
1430894,0.0
1491918,0.0
1183480,0.0
1489603,0.0
1380683,0.0
1490816,0.0
1497842,0.0
1097259,0.0
1470046,0.0
1355498,0.0
1372911,0.0
1259326,0.0
1102135,0.0
1354206,0.0
1176036,0.0
1388554,0.0
1281965,0.0
1298165,0.0
1307270,0.0
1296870,0.0
1466464,0.0
1392074,0.0
1198518,0.0
1123384,0.0
1451631,0.0
1424988,0.0
1163567,0.0
1279581,0.0
1164785,0.0
1379768,0.0
1041594,0.0
1132521,0.0
1270239,0.0
1290527,0.0
1004134,0.0
1283960,0.0
1348705,0.0
1214346,0.0
1018684,0.0
1458746,0.0
1398873,0.0
1363247,0.0
1171114,0.0
1356536,0.0
1132706,0.0
1053503,0.0
1236073,0.0
1015489,0.0
1343387,0.0
1472161,0.0
1082810,0.0
1432350,0.0
1372995,0.0
1044476,0.0
1189866,0.0
1437244,0.0
1470269,0.0
1158671,0.0
1003890,0.0
1306638,0.0
1011181,0.0
1045123,0.0
1185691,0.0
1021932,0.0
1384499,0.0
1180117,0.0
1100808,0.0
1188748,0.0
1195665,0.0
1461400,0.0
1274328,0.0
1352189,0.0
1307899,0.0
1499860,0.0
1265042,0.0
1226420,0.0
1341886,0.0
1173627,0.0
1380871,0.0
1039843,0.0
1434891,0.0
1386877,0.0
1059423,0.0
1388620,0.0
1339452,0.0
1323102,0.0
1239433,0.0
1452837,0.0
1172957,0.0
1261807,0.0
1296678,0.0
1009792,0.0
1209466,0.0
1430688,0.0
1259932,0.0
1264095,0.0
1458967,0.0
1003543,0.0
1124862,0.0
1144125,0.0
1027603,0.0
1084942,0.0
1290214,0.0
1256336,0.0
1436896,0.0
1158804,0.0
1490276,311.0
1195477,311.0
1427298,0.0
1369726,0.0
1175834,0.0
1321360,0.0
1118637,0.0
1337180,0.0
1299061,0.0
1104555,0.0
1158245,0.0
1142718,0.0
1059103,0.0
1254537,0.0
1138204,0.0
1401405,0.0
1394286,0.0
1384056,0.0
1103515,0.0
1362855,0.0
1240222,0.0
1240676,0.0
1019402,0.0
1139373,0.0
1202816,0.0
1166954,0.0
1188996,0.0
1085391,0.0
1211106,0.0
1288937,0.0
1143391,0.0
1000233,0.0
1430027,0.0
1466154,0.0
1468117,0.0
1035831,0.0
1110589,0.0
1329444,0.0
1404384,0.0
1273760,0.0
1423129,0.0
1151847,0.0
1299263,0.0
1145177,0.0
1148848,0.0
1243283,0.0
1411541,0.0
1011525,0.0
1331929,0.0
1279850,0.0
1235803,0.0
1385999,0.0
1259160,0.0
1266035,0.0
1112007,0.0
1132794,0.0
1416208,0.0
1237768,0.0
1020937,0.0
1198952,0.0
1134961,0.0
1339297,0.0
1392564,0.0
1009747,0.0
1209177,0.0
1151706,0.0
1296853,0.0
1378157,0.0
1361913,0.0
1371303,0.0
1267841,0.0
1198297,0.0
1233208,0.0
1443723,0.0
1177808,0.0
1173479,0.0
1257412,0.0
1243448,0.0
1431871,0.0
1207117,0.0
1286044,311.0
1314753,0.0
1365824,0.0
1068361,0.0
1409598,0.0
1494897,0.0
1159162,0.0
1147842,0.0
1010145,0.0
1480639,0.0
1319373,0.0
1132973,0.0
1027926,0.0
1102250,0.0
1445418,0.0
1424161,0.0
1037632,0.0
1115454,0.0
1017133,0.0
1086047,0.0
1320834,0.0
1220629,0.0
1475079,0.0
1293675,0.0
1284570,0.0
1173901,0.0
1216601,0.0
1492789,0.0
1449349,0.0
1412687,0.0
1426735,0.0
1389109,0.0
1179644,0.0
1010010,0.0
1381624,0.0
1229591,0.0
1074295,0.0
1325159,0.0
1343551,0.0
1272597,0.0
1088442,0.0
1215026,0.0
1259014,0.0
1176893,0.0
1097810,0.0
1005560,0.0
1073193,0.0
1038802,0.0
1005224,0.0
1325721,0.0
1136450,0.0
1279631,0.0
1095473,0.0
1297151,0.0
1048829,0.0
1379904,0.0
1281256,0.0
1352308,0.0
1194367,0.0
1251356,0.0
1181977,0.0
1007279,0.0
1419393,0.0
1190900,0.0
1184958,0.0
1206406,0.0
1365395,0.0
1291113,0.0
1139288,0.0
1352942,0.0
1038203,0.0
1078587,0.0
1309451,0.0
1018206,0.0
1014022,0.0
1174313,0.0
1419295,0.0
1301859,0.0
1210814,0.0
1397018,0.0
1342102,0.0
1196151,0.0
1366948,0.0
1238567,0.0
1306885,0.0
1431795,0.0
1090451,0.0
1389191,0.0
1359888,0.0
1278487,0.0
1010567,0.0
1187872,0.0
1469547,0.0
1006430,0.0
1236497,0.0
1250707,0.0
1354125,0.0
1304771,0.0
1230195,0.0
1340798,0.0
1314185,0.0
1256557,0.0
1010402,0.0
1240314,0.0
1025876,0.0
1119476,0.0
1449017,0.0
1391079,0.0
1173236,0.0
1488966,0.0
1077192,0.0
1251757,0.0
1328973,0.0
1479720,0.0
1192753,0.0
1126581,0.0
1424484,0.0
1333660,0.0
1184324,0.0
1055470,0.0
1283179,0.0
1231088,0.0
1337907,0.0
1136023,0.0
1497650,0.0
1159094,0.0
1481215,0.0
1194832,0.0
1435894,0.0
1403544,0.0
1136383,0.0
1357261,0.0
1164974,0.0
1057971,0.0
1347107,0.0
1204333,0.0
1450486,0.0
1013823,0.0
1241573,0.0
1101270,0.0
1065843,0.0
1310802,0.0
1353727,0.0
1079853,0.0
1489149,0.0
1478088,0.0
1013495,0.0
1227946,0.0
1096075,0.0
1024666,0.0
1403435,0.0
1433536,0.0
1086319,0.0
1299024,0.0
1195502,0.0
1044169,0.0
1152242,0.0
1065051,0.0
1068255,0.0
1299213,0.0
1232035,0.0
1410617,0.0
1017704,0.0
1095152,0.0
1220126,0.0
1063947,0.0
1432224,0.0
1245659,0.0
1222669,0.0
1193161,0.0
1375355,0.0
1246139,0.0
1409426,0.0
1105783,0.0
1224437,0.0
1397328,0.0
1148320,0.0
1384543,0.0
1016498,0.0
1309384,0.0
1177817,0.0
1074126,0.0
1231383,0.0
1304453,0.0
1139353,0.0
1258236,0.0
1199348,0.0
1311855,0.0
1439931,0.0
1278587,0.0
1438492,0.0
1445557,0.0
1125681,0.0
1199960,0.0
1440729,0.0
1200354,0.0
1050954,0.0
1310969,0.0
1306640,0.0
1339180,0.0
1487114,0.0
1338621,0.0
1323063,0.0
1272563,0.0
1152565,0.0
1152614,0.0
1498359,0.0
1280176,0.0
1416679,0.0
1192208,0.0
1299727,0.0
1436060,0.0
1226984,0.0
1201456,0.0
1256806,0.0
1492689,0.0
1112022,0.0
1495161,0.0
1120533,0.0
1055893,0.0
1151813,0.0
1068712,0.0
1180446,0.0
1469466,0.0
1161712,0.0
1257974,0.0
1022307,0.0
1070137,0.0
1207324,0.0
1154097,0.0
1096925,0.0
1140896,0.0
1139043,0.0
1233775,0.0
1130726,0.0
1389913,0.0
1162384,0.0
1171175,0.0
1348738,0.0
1400789,0.0
1253513,0.0
1072273,0.0
1335889,0.0
1282158,0.0
1192568,0.0
1123998,0.0
1342060,0.0
1384721,0.0
1183641,0.0
1041033,0.0
1200718,0.0
1497662,311.0
1368398,0.0
1458915,0.0
1330271,0.0
1479826,0.0
1140363,0.0
1109305,0.0
1183058,0.0
1400481,0.0
1302339,0.0
1125354,0.0
1428300,0.0
1307819,0.0
1194003,0.0
1215065,0.0
1055561,0.0
1171208,0.0
1466288,0.0
1216941,0.0
1343036,0.0
1268656,0.0
1427596,0.0
1078400,0.0
1144617,0.0
1042127,0.0
1302668,0.0
1070372,0.0
1309272,0.0
1443959,0.0
1418998,0.0
1375917,0.0
1011067,0.0
1157812,0.0
1268956,311.0
1164083,0.0
1218015,0.0
1383733,0.0
1097574,0.0
1470891,0.0
1311762,0.0
1489983,0.0
1432644,0.0
1295164,0.0
1204591,0.0
1093346,311.0
1316692,0.0
1197885,0.0
1077308,0.0
1395102,0.0
1078987,0.0
1173310,0.0
1003331,0.0
1403656,0.0
1152280,0.0
1018393,0.0
1074270,0.0
1323759,0.0
1040755,0.0
1305988,0.0
1274838,0.0
1109620,0.0
1394606,0.0
1349429,0.0
1335756,0.0
1077049,0.0
1189136,0.0
1003422,0.0
1259792,0.0
1496530,0.0
1279859,0.0
1177141,0.0
1039622,0.0
1328288,0.0
1462612,0.0
1392103,0.0
1436681,0.0
1413768,0.0
1383885,0.0
1166180,0.0
1485765,0.0
1482492,0.0
1312352,0.0
1179503,0.0
1286570,0.0
1285406,0.0
1446354,0.0
1126127,0.0
1481939,0.0
1343655,0.0
1272934,0.0
1112696,0.0
1130600,0.0
1174600,0.0
1320654,0.0
1070383,0.0
1308976,0.0
1005607,0.0
1035832,0.0
1324840,0.0
1012125,0.0
1497891,0.0
1099961,0.0
1457142,0.0
1006230,0.0
1163371,0.0
1486518,0.0
1109546,0.0
1189272,0.0
1319632,0.0
1262924,0.0
1428567,0.0
1112011,0.0
1307215,0.0
1042340,0.0
1015916,0.0
1067466,0.0
1233653,0.0
1370183,0.0
1355348,0.0
1129758,0.0
1316856,0.0
1346633,0.0
1487564,0.0
1030704,0.0
1369427,0.0
1008093,0.0
1167856,0.0
1294314,0.0
1447975,0.0
1185715,0.0
1337557,0.0
1258340,0.0
1443796,0.0
1140077,0.0
1325027,0.0
1368987,0.0
1157099,0.0
1290300,0.0
1266965,0.0
1306586,0.0
1340967,0.0
1055961,0.0
1048122,0.0
1080418,0.0
1148902,0.0
1164067,0.0
1444164,0.0
1088809,0.0
1366757,0.0
1364816,0.0
1331136,0.0
1219262,0.0
1104654,0.0
1396460,0.0
1275513,0.0
1155273,0.0
1149041,0.0
1459415,0.0
1101560,0.0
1491374,0.0
1382469,0.0
1198228,0.0
1330575,0.0
1045111,0.0
1317160,0.0
1341596,0.0
1107486,0.0
1055252,0.0
1141862,0.0
1324501,0.0
1168271,0.0
1367777,0.0
1263775,0.0
1225059,0.0
1311200,311.0
1294128,0.0
1363716,0.0
1464689,0.0
1078016,0.0
1323950,0.0
1385303,0.0
1125676,0.0
1019901,0.0
1091949,0.0
1022775,0.0
1425457,0.0
1383194,0.0
1030996,0.0
1021348,0.0
1486207,0.0
1073198,0.0
1142240,0.0
1227543,0.0
1328470,0.0
1027062,0.0
1054423,0.0
1057859,0.0
1085056,0.0
1127458,0.0
1030570,0.0
1011280,0.0
1420026,0.0
1342717,0.0
1217666,0.0
1064148,311.0
1143105,0.0
1443014,0.0
1053533,0.0
1159213,0.0
1299602,0.0
1466164,0.0
1364923,0.0
1345687,0.0
1490689,0.0
1054132,0.0
1283139,0.0
1174062,0.0
1210589,0.0
1402112,0.0
1191939,0.0
1282630,0.0
1032275,0.0
1345988,0.0
1284150,0.0
1412745,0.0
1189870,0.0
1313166,0.0
1461333,0.0
1403345,0.0
1080422,0.0
1123999,0.0
1321328,0.0
1499149,0.0
1204434,0.0
1471972,0.0
1154525,0.0
1180897,0.0
1239990,0.0
1191121,0.0
1420610,0.0
1461619,0.0
1283607,0.0
1160895,0.0
1470466,0.0
1478093,0.0
1169197,0.0
1419275,0.0
1431854,0.0
1164242,0.0
1130746,0.0
1453234,0.0
1186321,0.0
1475466,0.0
1093840,0.0
1173465,0.0
1267159,0.0
1170013,0.0
1156922,0.0
1000954,0.0
1215194,0.0
1401263,0.0
1200149,0.0
1185727,0.0
1406540,0.0
1041304,0.0
1178586,0.0
1125034,0.0
1094992,0.0
1098294,0.0
1189234,0.0
1062718,0.0
1082997,0.0
1394931,0.0
1154152,0.0
1255924,0.0
1362231,0.0
1310252,0.0
1334903,0.0
1160784,0.0
1088651,0.0
1213880,0.0
1320872,0.0
1410761,0.0
1402413,0.0
1169260,0.0
1326093,0.0
1286218,0.0
1126416,0.0
1074332,0.0
1163098,0.0
1171492,0.0
1251701,0.0
1041443,0.0
1427597,0.0
1129290,0.0
1049689,0.0
1123106,0.0
1079402,0.0
1115834,0.0
1451124,0.0
1372533,0.0
1373037,0.0
1160220,0.0
1285893,0.0
1181766,0.0
1049773,0.0
1458521,0.0
1359763,0.0
1426206,0.0
1317246,0.0
1021889,0.0
1318823,0.0
1345656,0.0
1101170,0.0
1416073,0.0
1208757,0.0
1033019,0.0
1136593,0.0
1205287,0.0
1422208,0.0
1174084,0.0
1323683,0.0
1265832,0.0
1123723,0.0
1367945,0.0
1326431,0.0
1422972,0.0
1256838,0.0
1234660,0.0
1404408,0.0
1234776,0.0
1349215,0.0
1207249,0.0
1414921,0.0
1126947,0.0
1096124,0.0
1498639,0.0
1430032,0.0
1111480,0.0
1449841,0.0
1290329,0.0
1324280,0.0
1457838,0.0
1222394,0.0
1141545,0.0
1363040,0.0
1330159,0.0
1070377,0.0
1001148,0.0
1169203,0.0
1389523,0.0
1304998,0.0
1462767,0.0
1250239,0.0
1039516,0.0
1158107,0.0
1444235,0.0
1291286,0.0
